date,symbol,direction,signal_time,entry_price,quantity,position_rs,stop_loss,target,rr,strategies_fired,agreeing_count,composite_score,driver_strategy,reason,exit_time,exit_price,exit_reason,result,pnl_rs,pnl_pct,predicted_win_pct,conviction_tier
2021-01-01,ADANIENT,LONG,09:50,468.6,1067,499996.2,462.4,481.0000000000001,2.0,"ADX-FILTER,DAILY-BIAS,FIRST-CANDLE,MACD,ORB-15,ORB-30,PDH-PDL,PIN-BAR,REL-STR,SR-BREAK,STOCHASTIC,SUPERTREND,VPOC",13,13.0,ORB-15,ORB-15: breakout above 468.60 (range=6.20),15:15,476.6,TIME_EXIT,WIN,7800.34,1.56,60.0,MEDIUM
2021-01-01,SBILIFE,SHORT,11:10,898.65,556,499649.4,907.05,881.85,2.0,"BEAR-ENGULF,CPR,FIRST-CANDLE,INTRADAY-STRUCT,MACD,ORB-15,ORB-30,PIN-BAR,REL-STR,SR-BREAK,STOCHASTIC,SUPERTREND,VPOC",13,13.0,ORB-15,ORB-15: breakdown below 898.65,15:15,895.55,TIME_EXIT,WIN,996.15,0.2,60.0,MEDIUM
2021-01-04,SBICARD,LONG,09:15,854.5744897959183,585,499926.08,854.5035714285714,857.6948979591837,44.0,"ADX-FILTER,ASC-TRI,CAMARILLA,CPR,DAILY-BIAS,DBL-BTM,FIRST-CANDLE,INTRADAY-STRUCT,ORB-15,ORB-30,PDH-PDL,PIN-BAR,REL-STR,SR-BREAK,VPOC",15,15.0,VPOC,VPOC: breakout above VAH=854.57,09:20,857.6948979591837,TARGET_HIT,EXACT_WIN,1095.18,0.22,60.0,MEDIUM
2021-01-04,BHARATFORG,SHORT,09:15,539.0,927,499653.0,541.6949999999999,526.5,4.64,"BEAR-ENGULF,BOLLINGER,CAMARILLA,DAILY-BIAS,DBL-TOP,FIRST-CANDLE,MACD,ORB-30,REL-STR,RSI-EXT,SUPERTREND,VPOC,VWAP-REV",13,13.0,VPOC,VPOC: rejection at VPOC=538.23,09:20,541.6949999999999,STOP_HIT,LOSS,-3228.13,-0.65,60.0,MEDIUM
2021-01-05,PAGEIND,LONG,10:45,28490.0,17,484330.0,28126.55,29216.9,2.0,"BOLLINGER,BULL-FLAG,CAMARILLA,DAILY-BIAS,DBL-BTM,EMA-CROSS,FIRST-CANDLE,MACD,ORB-15,ORB-30,PDH-PDL,PIN-BAR,SR-BREAK,STOCHASTIC,SUPERTREND,VPOC",16,16.0,ORB-15,ORB-15: breakout above 28490.00 (range=363.45),15:15,28573.75,TIME_EXIT,WIN,715.08,0.15,60.0,MEDIUM
2021-01-05,ARE&M,SHORT,09:15,969.0,515,499035.0,978.9704999999999,923.9,4.52,"ADX-FILTER,BEAR-ENGULF,BOLLINGER,CAMARILLA,CPR,FAILED-BO,FIRST-CANDLE,MACD,REL-STR,SUPERTREND,VWAP-STDDEV",11,11.0,FAILED-BO,"Failed BO: bull trap above 971.95, reversed on vol 5.8×",10:40,978.9704999999999,STOP_HIT,LOSS,-5865.34,-1.18,60.0,MEDIUM
2021-01-06,IDFCFIRSTB,LONG,09:15,39.82448979591837,12555,499996.47,39.38520408163265,41.28877551020408,3.33,"ADX-FILTER,BOLLINGER,CAMARILLA,DAILY-BIAS,MACD,PDH-PDL,REL-STR,RSI-EXT,SR-BREAK,STOCHASTIC,VPOC,VWAP-REV,VWAP-STDDEV",13,13.0,VPOC,VPOC: breakout above VAH=39.82,13:15,39.38520408163265,STOP_HIT,LOSS,-6239.77,-1.25,60.0,MEDIUM
2021-01-06,BAJAJFINSV,SHORT,13:50,880.65,567,499328.55,890.0,861.9499999999999,2.0,"BOLLINGER,CAMARILLA,DAILY-BIAS,DBL-TOP,FIRST-CANDLE,MACD,ORB-30,PDH-PDL,RSI-EXT,SR-BREAK,STOCHASTIC,SUPERTREND,VPOC",13,13.0,ORB-30,ORB-30: breakdown below 880.65,15:15,879.0,TIME_EXIT,WIN,208.09,0.04,60.0,MEDIUM
2021-01-07,M&M,LONG,09:15,741.6625,674,499880.53,737.33125,758.9875000000001,4.0,"CAMARILLA,DAILY-BIAS,EMA-CROSS,FIRST-CANDLE,GAP-CONT,INTRADAY-STRUCT,ORB-15,ORB-30,PDH-PDL,PIN-BAR,REL-STR,SR-BREAK,STOCHASTIC,VPOC",14,14.0,CAMARILLA,CAMARILLA: breakout above H4=741.66,15:15,744.7,TIME_EXIT,WIN,1316.91,0.26,60.0,MEDIUM
2021-01-07,LUPIN,SHORT,13:05,1016.6,491,499150.6,1023.44175,991.0,3.74,"BOLLINGER,CAMARILLA,FAILED-BO,FIRST-CANDLE,INTRADAY-STRUCT,MACD,REL-STR,STOCHASTIC,SUPERTREND,VPOC,VWAP-REV,VWAP-STDDEV",12,12.0,FAILED-BO,"Failed BO: bull trap above 1016.95, reversed on vol 1.6×",13:25,1023.44175,STOP_HIT,LOSS,-4088.97,-0.82,60.0,MEDIUM
2021-01-08,DLF,LONG,09:30,248.0075,2016,499983.12,246.17875,255.3225,4.0,"CAMARILLA,DAILY-BIAS,EMA-CROSS,FIRST-CANDLE,GAP-CONT,MACD,ORB-15,PDH-PDL,PIN-BAR,REL-STR,SR-BREAK,STOCHASTIC,SUPERTREND,VPOC",14,14.0,CAMARILLA,CAMARILLA: breakout above H4=248.01,14:20,246.17875,STOP_HIT,LOSS,-4412.73,-0.88,60.0,MEDIUM
2021-01-08,EXIDEIND,SHORT,09:50,199.0,2512,499888.0,199.99499999999998,196.73367346938775,2.28,"ADX-FILTER,BOLLINGER,CAMARILLA,FIRST-CANDLE,INTRADAY-STRUCT,MACD,ORB-15,ORB-30,PIN-BAR,RSI-EXT,VPOC",11,11.0,VPOC,VPOC: rejection at VPOC=198.76,11:00,196.73367346938775,TARGET_HIT,EXACT_WIN,4967.51,0.99,60.0,MEDIUM
2021-01-11,CIPLA,LONG,09:30,845.9075000000001,591,499931.33,841.05375,865.3225000000003,4.0,"ADX-FILTER,CAMARILLA,DAILY-BIAS,DBL-BTM,EMA-CROSS,FIRST-CANDLE,MACD,ORB-15,PDH-PDL,PIN-BAR,REL-STR,SR-BREAK,STOCHASTIC,SUPERTREND,VPOC",15,15.0,CAMARILLA,CAMARILLA: breakout above H4=845.91,11:55,841.05375,STOP_HIT,LOSS,-3595.11,-0.72,60.0,MEDIUM
2021-01-11,PIIND,SHORT,09:15,2348.15,212,497807.8,2393.8597499999996,2192.95,3.4,"ADX-FILTER,CAMARILLA,CPR,FAILED-BO,FIRST-CANDLE,INTRADAY-STRUCT,MACD,PIN-BAR,REL-STR,SUPERTREND",10,10.0,FAILED-BO,"Failed BO: bull trap above 2355.50, reversed on vol 5.7×",15:15,2330.2,TIME_EXIT,WIN,3081.65,0.62,60.0,MEDIUM
2021-01-12,BHARATFORG,LONG,10:30,614.35,813,499466.55,605.3,632.4500000000002,2.0,"CPR,DAILY-BIAS,EMA-CROSS,FIRST-CANDLE,MACD,ORB-15,ORB-30,PDH-PDL,PIN-BAR,REL-STR,SR-BREAK,STOCHASTIC,SUPERTREND,VPOC",14,14.0,ORB-15,ORB-15: breakout above 614.35 (range=9.05),15:15,622.05,TIME_EXIT,WIN,5526.96,1.11,60.0,MEDIUM
2021-01-12,NESTLEIND,SHORT,12:10,911.0,548,499228.0,920.5,892.0,2.0,"CPR,DBL-TOP,FIRST-CANDLE,INTRADAY-STRUCT,ORB-15,ORB-30,PDH-PDL,PIN-BAR,REL-STR,SR-BREAK,STOCHASTIC",11,11.0,ORB-15,ORB-15: breakdown below 911.00,15:15,898.8,TIME_EXIT,WIN,5961.56,1.19,60.0,MEDIUM
2021-01-13,NTPC,LONG,09:30,101.535,4924,499958.34,100.7925,104.505,4.0,"ASC-TRI,CAMARILLA,CPR,DBL-BTM,FIRST-CANDLE,MACD,ORB-15,ORB-30,PDH-PDL,PIN-BAR,REL-STR,SR-BREAK,STOCHASTIC,VPOC,VWAP-REV,VWAP-STDDEV",16,16.0,CAMARILLA,CAMARILLA: breakout above H4=101.53,14:00,100.7925,STOP_HIT,LOSS,-4382.03,-0.88,60.0,MEDIUM
2021-01-13,IPCALAB,SHORT,12:20,1060.5,471,499495.5,1070.0,1041.5,2.0,"BOLLINGER,CAMARILLA,DAILY-BIAS,FIRST-CANDLE,INTRADAY-STRUCT,MACD,ORB-15,ORB-30,PDH-PDL,PIN-BAR,SR-BREAK,SUPERTREND,VPOC",13,13.0,ORB-15,ORB-15: breakdown below 1060.50,15:15,1049.0,TIME_EXIT,WIN,4691.37,0.94,60.0,MEDIUM
2021-01-14,INDUSINDBK,LONG,09:15,957.1374999999999,522,499625.77,949.64375,987.1124999999998,4.0,"BULL-FLAG,CAMARILLA,CPR,DAILY-BIAS,FIRST-CANDLE,GAP-CONT,PDH-PDL,PIN-BAR,REL-STR,SR-BREAK,STOCHASTIC,VPOC",12,12.0,CAMARILLA,CAMARILLA: breakout above H4=957.14,15:15,969.45,TIME_EXIT,WIN,5693.64,1.14,60.0,MEDIUM
2021-01-14,COLPAL,SHORT,09:40,1598.1,312,498607.2,1612.95,1568.3999999999996,2.0,"ADX-FILTER,FIRST-CANDLE,MACD,ORB-15,ORB-30,PDH-PDL,PIN-BAR,REL-STR,SR-BREAK,STOCHASTIC,SUPERTREND,VPOC",12,12.0,ORB-15,ORB-15: breakdown below 1598.10,15:15,1594.0,TIME_EXIT,WIN,552.92,0.11,60.0,MEDIUM
2021-01-15,IDFCFIRSTB,LONG,10:15,46.7,10706,499970.2,46.05,48.000000000000014,2.0,"BOLLINGER,CAMARILLA,DAILY-BIAS,EMA-CROSS,INTRADAY-STRUCT,ORB-15,ORB-30,PDH-PDL,SR-BREAK,STOCHASTIC,SUPERTREND,VPOC,VWAP-STDDEV",13,13.0,ORB-15,ORB-15: breakout above 46.70 (range=0.65),10:45,48.000000000000014,TARGET_HIT,EXACT_WIN,13177.91,2.64,60.0,MEDIUM
2021-01-15,ABREL,SHORT,10:40,416.0,1201,499616.0,420.95,406.1,2.0,"ADX-FILTER,CPR,FIRST-CANDLE,MACD,ORB-15,ORB-30,PDH-PDL,REL-STR,RISE-WEDGE,SR-BREAK,STOCHASTIC,SUPERTREND,VPOC",13,13.0,ORB-15,ORB-15: breakdown below 416.00,15:15,412.2,TIME_EXIT,WIN,3838.02,0.77,60.0,MEDIUM
2021-01-18,EICHERMOT,LONG,11:20,2890.612244897959,172,497185.31,2882.387755102041,2936.163265306122,5.54,"BOLLINGER,CAMARILLA,DAILY-BIAS,EMA-CROSS,FIRST-CANDLE,MACD,ORB-15,ORB-30,RSI-EXT,SR-BREAK,SUPERTREND,VPOC,VWAP-STDDEV",13,13.0,VPOC,VPOC: breakout above VAH=2890.61,11:55,2882.387755102041,STOP_HIT,LOSS,-2138.56,-0.43,60.0,MEDIUM
2021-01-18,PVRINOX,SHORT,09:25,1451.25,344,499230.0,1489.8650026757323,1374.0199946485354,2.0,"ADX-FILTER,BOLLINGER,FIRST-CANDLE,INTRADAY-STRUCT,MACD,PIN-BAR,REL-STR,RSI-EXT,STOCHASTIC,SUPERTREND,VPOC,VWAP-REV,VWAP-STDDEV",13,13.0,SUPERTREND,"SUPERTREND: flipped bearish, ST=1486.89",12:50,1489.8650026757323,STOP_HIT,LOSS,-14019.02,-2.81,60.0,MEDIUM
2021-01-19,DLF,LONG,09:20,281.48979591836735,1776,499925.88,279.40816326530614,291.48163265306124,4.8,"CAMARILLA,DAILY-BIAS,EMA-CROSS,FIRST-CANDLE,GAP-CONT,MACD,ORB-15,ORB-30,PDH-PDL,PIN-BAR,REL-STR,SR-BREAK,STOCHASTIC,VPOC",14,14.0,VPOC,VPOC: breakout above VAH=281.49,09:40,291.48163265306124,TARGET_HIT,EXACT_WIN,17002.64,3.4,60.0,MEDIUM
2021-01-19,HDFCLIFE,SHORT,09:40,694.25,720,499860.0,722.22,638.31,2.0,"ADX-FILTER,BOLLINGER,CAMARILLA,FIRST-CANDLE,MACD,PIN-BAR,SR-BREAK,STOCHASTIC,VPOC,VWAP-STDDEV",10,10.0,SR-BREAK,SR-BREAK: breakdown below support 694.25,15:15,699.4,TIME_EXIT,LOSS,-4438.84,-0.89,60.0,MEDIUM
2021-01-20,ICICIPRULI,LONG,09:20,520.6425,960,499816.8,518.07125,530.9275000000001,4.0,"ADX-FILTER,CAMARILLA,CPR,DAILY-BIAS,FIRST-CANDLE,ORB-15,PDH-PDL,PIN-BAR,REL-STR,SR-BREAK,STOCHASTIC,VPOC,VWAP-STDDEV",13,13.0,CAMARILLA,CAMARILLA: breakout above H4=520.64,12:30,518.07125,STOP_HIT,LOSS,-3195.11,-0.64,60.0,MEDIUM
2021-01-20,IRCTC,SHORT,09:35,287.85,1737,499995.45,290.59591018515226,282.35817962969554,2.0,"ADX-FILTER,BEAR-ENGULF,BOLLINGER,CAMARILLA,FAILED-BO,FIRST-CANDLE,MACD,PIN-BAR,REL-STR,RSI-EXT,SR-BREAK,SUPERTREND,VPOC",13,13.0,SUPERTREND,"SUPERTREND: flipped bearish, ST=290.02",10:30,290.59591018515226,STOP_HIT,LOSS,-5501.28,-1.1,60.0,MEDIUM
2021-01-21,SAMMAANCAP,LONG,09:15,204.035,2450,499885.75,202.7425,209.205,4.0,"CAMARILLA,DAILY-BIAS,EMA-CROSS,FIRST-CANDLE,GAP-CONT,ORB-15,PDH-PDL,PIN-BAR,REL-STR,STOCHASTIC,VPOC,VWAP-REV,VWAP-STDDEV",13,13.0,CAMARILLA,CAMARILLA: breakout above H4=204.03,13:25,202.7425,STOP_HIT,LOSS,-3892.87,-0.78,60.0,MEDIUM
2021-01-21,GLAND,SHORT,12:45,2283.0,219,499977.0,2304.7,2239.6000000000004,2.0,"BOLLINGER,CAMARILLA,DAILY-BIAS,FIRST-CANDLE,MACD,ORB-15,ORB-30,PDH-PDL,PIN-BAR,SR-BREAK,STOCHASTIC,SUPERTREND",12,12.0,ORB-15,ORB-15: breakdown below 2283.00,13:10,2239.6000000000004,TARGET_HIT,EXACT_WIN,8781.16,1.76,60.0,MEDIUM
2021-01-22,SBICARD,LONG,09:20,1006.3725000000001,496,499160.76,993.18625,1059.1175000000003,4.0,"ADX-FILTER,BULL-FLAG,CAMARILLA,DAILY-BIAS,DBL-BTM,EMA-CROSS,FIRST-CANDLE,GAP-CONT,INTRADAY-STRUCT,PDH-PDL,SR-BREAK,STOCHASTIC,VOL-SPIKE,VPOC",14,14.0,CAMARILLA,CAMARILLA: breakout above H4=1006.37,15:15,1031.25,TIME_EXIT,WIN,11601.71,2.32,60.0,MEDIUM
2021-01-22,GLAND,SHORT,10:45,2190.0,228,499320.0,2234.8,2100.3999999999996,2.0,"CAMARILLA,DAILY-BIAS,FIRST-CANDLE,MACD,ORB-15,ORB-30,PDH-PDL,PIN-BAR,RSI-EXT,SR-BREAK,SUPERTREND,VPOC,VWAP-REV,VWAP-STDDEV",14,14.0,ORB-15,ORB-15: breakdown below 2190.00,11:35,2234.8,STOP_HIT,LOSS,-10948.22,-2.19,60.0,MEDIUM
2021-01-25,GRASIM,LONG,09:15,1014.13,493,499966.09,1005.715,1047.79,4.0,"BULL-FLAG,CAMARILLA,DAILY-BIAS,FIRST-CANDLE,GAP-CONT,ORB-15,ORB-30,PDH-PDL,PIN-BAR,REL-STR,SR-BREAK,STOCHASTIC,VOL-SPIKE,VPOC",14,14.0,CAMARILLA,CAMARILLA: breakout above H4=1014.13,09:25,1047.79,TARGET_HIT,EXACT_WIN,15852.38,3.17,60.0,MEDIUM
2021-01-25,HINDALCO,SHORT,12:40,242.15,2064,499797.6,244.16474999999997,235.9,3.1,"ADX-FILTER,DAILY-BIAS,FAILED-BO,FIRST-CANDLE,MACD,PDH-PDL,PIN-BAR,REL-STR,RSI-EXT,SR-BREAK,STOCHASTIC,VPOC,VWAP-REV,VWAP-STDDEV",14,14.0,FAILED-BO,"Failed BO: bull trap above 242.30, reversed on vol 2.0×",15:15,240.55,TIME_EXIT,WIN,2575.65,0.52,60.0,MEDIUM
2021-01-27,IGL,LONG,09:30,270.68775510204085,1847,499960.28,267.9326530612245,278.8510204081633,2.96,"ADX-FILTER,DAILY-BIAS,EMA-CROSS,FIRST-CANDLE,MACD,ORB-15,PDH-PDL,PIN-BAR,REL-STR,RSI-EXT,SR-BREAK,STOCHASTIC,SUPERTREND,VPOC,VWAP-REV,VWAP-STDDEV",16,16.0,VPOC,VPOC: breakout above VAH=270.69,11:35,267.9326530612245,STOP_HIT,LOSS,-5813.5,-1.16,60.0,MEDIUM
2021-01-27,RECLTD,SHORT,09:15,102.8,4310,443068.0,109.76,88.87999999999998,2.0,"ADX-FILTER,DBL-TOP,FAILED-BO,FIRST-CANDLE,OPEN-WEAK,PDH-PDL,PIN-BAR,REL-STR,SR-BREAK,STOCHASTIC,VWAP-STDDEV",11,11.0,SR-BREAK,SR-BREAK: breakdown below support 102.80,15:15,102.5,TIME_EXIT,WIN,642.45,0.15,60.0,MEDIUM
2021-01-28,CEATLTD,LONG,11:10,1477.9,338,499530.2,1430.25,1573.2000000000003,2.0,"ADX-FILTER,BOLLINGER,CAMARILLA,DAILY-BIAS,EMA-CROSS,FIRST-CANDLE,MACD,ORB-15,ORB-30,PDH-PDL,PIN-BAR,REL-STR,RSI-EXT,SR-BREAK,STOCHASTIC,SUPERTREND",16,16.0,ORB-15,ORB-15: breakout above 1477.90 (range=47.65),15:15,1533.0,TIME_EXIT,WIN,17880.79,3.58,60.0,MEDIUM
2021-01-28,BRITANNIA,SHORT,09:20,3579.41,139,497537.99,3640.43,3457.37,2.0,"ADX-FILTER,DBL-TOP,FAILED-BO,FIRST-CANDLE,OPEN-WEAK,PDH-PDL,PIN-BAR,REL-STR,SR-BREAK,STOCHASTIC,VWAP-STDDEV",11,11.0,SR-BREAK,SR-BREAK: breakdown below support 3579.41,10:50,3640.43,STOP_HIT,LOSS,-9212.18,-1.85,60.0,MEDIUM
2021-01-29,HEROMOTOCO,LONG,09:25,3266.0625,153,499707.56,3230.93125,3406.5874999999996,4.0,"CAMARILLA,DAILY-BIAS,DBL-BTM,EMA-CROSS,FIRST-CANDLE,GAP-CONT,ORB-30,PDH-PDL,REL-STR,RSI-EXT,SR-BREAK,STOCHASTIC,VPOC,VWAP-REV,VWAP-STDDEV",15,15.0,CAMARILLA,CAMARILLA: breakout above H4=3266.06,11:30,3230.93125,STOP_HIT,LOSS,-6099.34,-1.22,60.0,MEDIUM
2021-01-29,ARE&M,SHORT,09:15,966.25,517,499551.25,976.9102499999999,936.0,2.84,"BEAR-ENGULF,CAMARILLA,DBL-TOP,FAILED-BO,FIRST-CANDLE,INTRADAY-STRUCT,MACD,ORB-15,PDH-PDL,PIN-BAR,REL-STR,SR-BREAK,SUPERTREND,VPOC",14,14.0,FAILED-BO,"Failed BO: bull trap above 969.90, reversed on vol 1.5×",12:40,936.0,TARGET_HIT,EXACT_WIN,14919.89,2.99,60.0,MEDIUM
2021-02-01,TATAELXSI,LONG,09:15,2723.469387755102,183,498394.9,2722.316326530612,2771.8979591836737,42.0,"ADX-FILTER,CPR,DAILY-BIAS,EMA-CROSS,FIRST-CANDLE,INTRADAY-STRUCT,MACD,ORB-15,ORB-30,PDH-PDL,PIN-BAR,REL-STR,SR-BREAK,VPOC",14,14.0,VPOC,VPOC: breakout above VAH=2723.47,09:20,2722.316326530612,STOP_HIT,LOSS,-937.56,-0.19,60.0,MEDIUM
2021-02-01,BALKRISIND,SHORT,09:35,1574.25,317,499037.25,1610.3,1502.15,2.0,"ADX-FILTER,BOLLINGER,CAMARILLA,DAILY-BIAS,DBL-TOP,FIRST-CANDLE,ORB-15,PDH-PDL,REL-STR,SR-BREAK,STOCHASTIC,VPOC,VWAP-REV,VWAP-STDDEV",14,14.0,ORB-15,ORB-15: breakdown below 1574.25,11:45,1610.3,STOP_HIT,LOSS,-12161.98,-2.44,60.0,MEDIUM
2021-02-02,COLPAL,LONG,09:15,1619.4424999999999,308,498788.29,1609.72125,1658.3274999999996,4.0,"CAMARILLA,CPR,DAILY-BIAS,DBL-BTM,FIRST-CANDLE,INTRADAY-STRUCT,ORB-15,ORB-30,PDH-PDL,PIN-BAR,SR-BREAK,STOCHASTIC,VPOC,VWAP-STDDEV",14,14.0,CAMARILLA,CAMARILLA: breakout above H4=1619.44,13:55,1609.72125,STOP_HIT,LOSS,-3719.03,-0.75,60.0,MEDIUM
2021-02-02,DIVISLAB,SHORT,10:20,3532.05,141,498019.05,3560.26275,3311.55,7.82,"BEAR-ENGULF,BOLLINGER,CPR,DAILY-BIAS,FAILED-BO,FIRST-CANDLE,INTRADAY-STRUCT,MACD,ORB-15,ORB-30,REL-STR,RSI-EXT,SR-BREAK,SUPERTREND,VWAP-REV",15,15.0,FAILED-BO,"Failed BO: bull trap above 3540.00, reversed on vol 1.8×",13:45,3560.26275,STOP_HIT,LOSS,-4706.48,-0.95,60.0,MEDIUM
2021-02-03,BPCL,LONG,10:40,179.95,2778,499901.1,177.02142857142854,186.14183673469387,2.11,"ADX-FILTER,CAMARILLA,DAILY-BIAS,EMA-CROSS,FIRST-CANDLE,MACD,ORB-15,ORB-30,PDH-PDL,PIN-BAR,REL-STR,SR-BREAK,STOCHASTIC,SUPERTREND,VPOC",15,15.0,VPOC,VPOC: breakout above VAH=179.95,15:15,182.1,TIME_EXIT,WIN,5239.2,1.05,60.0,MEDIUM
2021-02-03,TATACONSUM,SHORT,09:30,568.95,878,499538.1,580.2288227407802,546.3923545184398,2.0,"BOLLINGER,CAMARILLA,DAILY-BIAS,FIRST-CANDLE,MACD,PIN-BAR,REL-STR,RSI-EXT,SUPERTREND,VPOC,VWAP-REV,VWAP-STDDEV",12,12.0,SUPERTREND,"SUPERTREND: flipped bearish, ST=579.07",10:00,580.2288227407802,STOP_HIT,LOSS,-10636.75,-2.13,60.0,MEDIUM
2021-02-04,EXIDEIND,LONG,09:40,205.2,2436,499867.2,201.25,213.09999999999997,2.0,"CAMARILLA,DAILY-BIAS,DBL-BTM,EMA-CROSS,FIRST-CANDLE,MACD,ORB-15,ORB-30,PDH-PDL,PIN-BAR,REL-STR,SR-BREAK,STOCHASTIC,SUPERTREND,VPOC",15,15.0,ORB-15,ORB-15: breakout above 205.20 (range=3.95),15:15,203.25,TIME_EXIT,LOSS,-5475.17,-1.1,60.0,MEDIUM
2021-02-04,BRITANNIA,SHORT,13:30,3573.0,139,496647.0,3607.130836137334,3504.738327725332,2.0,"ADX-FILTER,BOLLINGER,CAMARILLA,DAILY-BIAS,FAILED-BO,FIRST-CANDLE,PIN-BAR,RSI-EXT,SUPERTREND,VPOC,VWAP-REV",11,11.0,SUPERTREND,"SUPERTREND: flipped bearish, ST=3599.93",15:15,3580.4,TIME_EXIT,LOSS,-1753.53,-0.35,60.0,MEDIUM
2021-02-05,INDIANB,LONG,09:15,116.6,4288,499980.8,115.6,128.2,11.6,"ADX-FILTER,CAMARILLA,DAILY-BIAS,FIRST-CANDLE,GAP-CONT,INTRADAY-STRUCT,PDH-PDL,REL-STR,SR-BREAK,STOCHASTIC,VOL-SPIKE,VPOC,VWAP-REV,VWAP-STDDEV",14,14.0,VPOC,VPOC: breakout above VAH=116.60,09:20,128.2,TARGET_HIT,EXACT_WIN,48972.54,9.79,60.0,MEDIUM
2021-02-05,EICHERMOT,SHORT,09:20,2970.0,168,498960.0,2995.4024999999997,2892.85,3.04,"ADX-FILTER,BEAR-ENGULF,BOLLINGER,CAMARILLA,FAILED-BO,FIRST-CANDLE,INTRADAY-STRUCT,MACD,PIN-BAR,REL-STR,SR-BREAK,STOCHASTIC,SUPERTREND",13,13.0,BEAR-ENGULF,"Bear Engulf at resistance 2978.00, vol 2.4×",15:15,2929.45,TIME_EXIT,WIN,6088.8,1.22,60.0,MEDIUM
2021-02-08,DIXON,LONG,09:15,3363.0425,148,497730.29,3317.02125,3547.1275,4.0,"ADX-FILTER,CAMARILLA,CPR,DAILY-BIAS,EMA-CROSS,FIRST-CANDLE,GAP-CONT,PDH-PDL,PIN-BAR,REL-STR,SR-BREAK,VPOC",12,12.0,CAMARILLA,CAMARILLA: breakout above H4=3363.04,15:15,3446.4,TIME_EXIT,WIN,11601.33,2.33,60.0,MEDIUM
2021-02-08,UPL,SHORT,12:55,520.6,960,499776.0,524.208,513.2,2.05,"ADX-FILTER,BOLLINGER,CAMARILLA,FAILED-BO,FIRST-CANDLE,MACD,ORB-15,ORB-30,PDH-PDL,REL-STR,RSI-EXT,STOCHASTIC,SUPERTREND,VPOC,VWAP-REV",15,15.0,FAILED-BO,"Failed BO: bull trap above 521.85, reversed on vol 1.5×",13:50,513.2,TARGET_HIT,EXACT_WIN,6379.46,1.28,60.0,MEDIUM
2021-02-09,TATAELXSI,LONG,09:55,2869.0,174,499206.0,2821.25,2964.5,2.0,"BOLLINGER,CAMARILLA,DAILY-BIAS,EMA-CROSS,INTRADAY-STRUCT,MACD,ORB-15,ORB-30,PDH-PDL,PIN-BAR,SR-BREAK,STOCHASTIC,SUPERTREND,VPOC",14,14.0,ORB-15,ORB-15: breakout above 2869.00 (range=47.75),15:15,2876.95,TIME_EXIT,WIN,654.38,0.13,60.0,MEDIUM
2021-02-09,GODREJCP,SHORT,10:25,729.0,685,499365.0,737.5695,707.13,2.55,"ADX-FILTER,DAILY-BIAS,DBL-TOP,FAILED-BO,INTRADAY-STRUCT,OPEN-WEAK,PDH-PDL,PIN-BAR,REL-STR,STOCHASTIC,VWAP-REV,VWAP-STDDEV",12,12.0,FAILED-BO,"Failed BO: bull trap above 732.00, reversed on vol 1.6×",11:50,737.5695,STOP_HIT,LOSS,-6601.51,-1.32,60.0,MEDIUM
2021-02-10,VEDL,LONG,10:40,77.25,6472,499962.0,76.73673469387755,79.80510204081632,4.98,"ADX-FILTER,CPR,DAILY-BIAS,EMA-CROSS,FIRST-CANDLE,MACD,REL-STR,SR-BREAK,STOCHASTIC,SUPERTREND,VPOC,VWAP-REV,VWAP-STDDEV",13,13.0,VPOC,VPOC: rejection below VPOC=77.38,15:15,79.35,TIME_EXIT,WIN,12851.58,2.57,60.0,MEDIUM
2021-02-10,BANDHANBNK,SHORT,10:15,328.5,1522,499977.0,333.8,317.9,2.0,"BOLLINGER,CAMARILLA,DAILY-BIAS,FAILED-BO,FIRST-CANDLE,MACD,ORB-30,PDH-PDL,PIN-BAR,SR-BREAK,STOCHASTIC,SUPERTREND",12,12.0,ORB-30,ORB-30: breakdown below 328.50,15:15,330.9,TIME_EXIT,LOSS,-4383.77,-0.88,60.0,MEDIUM
2021-02-11,HINDALCO,LONG,09:25,284.4025,1758,499979.59,282.05125,293.80749999999995,4.0,"ADX-FILTER,CAMARILLA,CPR,DAILY-BIAS,FIRST-CANDLE,INTRADAY-STRUCT,ORB-15,PDH-PDL,REL-STR,SR-BREAK,STOCHASTIC,VOL-SPIKE,VPOC",13,13.0,CAMARILLA,CAMARILLA: breakout above H4=284.40,09:30,293.80749999999995,TARGET_HIT,EXACT_WIN,15792.02,3.16,60.0,MEDIUM
2021-02-11,ARE&M,SHORT,09:35,991.7,504,499816.8,1001.9849999999999,966.05,2.49,"ADX-FILTER,BEAR-ENGULF,BOLLINGER,CAMARILLA,CPR,FIRST-CANDLE,INTRADAY-STRUCT,MACD,PIN-BAR,REL-STR,RSI-EXT,STOCHASTIC,SUPERTREND",13,13.0,BEAR-ENGULF,"Bear Engulf at resistance 995.00, vol 1.9×",15:15,982.25,TIME_EXIT,WIN,4036.86,0.81,60.0,MEDIUM
2021-02-12,INDUSTOWER,LONG,09:25,250.61326530612243,1995,499973.46,249.87806122448978,254.35612244897956,5.09,"CAMARILLA,DAILY-BIAS,FIRST-CANDLE,MACD,ORB-15,PDH-PDL,PIN-BAR,REL-STR,RSI-EXT,SR-BREAK,STOCHASTIC,VPOC,VWAP-REV,VWAP-STDDEV",14,14.0,VPOC,VPOC: breakout above VAH=250.61,09:30,254.35612244897956,TARGET_HIT,EXACT_WIN,6732.21,1.35,60.0,MEDIUM
2021-02-12,SBIN,SHORT,09:20,390.01,1282,499992.82,400.04,369.94999999999993,2.0,"ADX-FILTER,FAILED-BO,FIRST-CANDLE,INTRADAY-STRUCT,MACD,PDH-PDL,PIN-BAR,REL-STR,RSI-EXT,SR-BREAK,VWAP-REV,VWAP-STDDEV",12,12.0,SR-BREAK,SR-BREAK: breakdown below support 390.01,15:15,393.3,TIME_EXIT,LOSS,-4949.09,-0.99,60.0,MEDIUM
2021-02-15,MANAPPURAM,LONG,09:20,179.1122448979592,2791,499902.28,179.0637755102041,182.40816326530611,68.0,"CAMARILLA,DAILY-BIAS,FIRST-CANDLE,GAP-CONT,ORB-15,ORB-30,PDH-PDL,PIN-BAR,REL-STR,SR-BREAK,STOCHASTIC,VPOC,VWAP-STDDEV",13,13.0,VPOC,VPOC: breakout above VAH=179.11,09:55,182.40816326530611,TARGET_HIT,EXACT_WIN,8462.85,1.69,60.0,MEDIUM
2021-02-15,TATACHEM,SHORT,11:25,563.1,887,499469.7,567.0,555.3000000000001,2.0,"BOLLINGER,CAMARILLA,FIRST-CANDLE,MACD,ORB-15,ORB-30,REL-STR,RSI-EXT,SR-BREAK,STOCHASTIC,SUPERTREND,VPOC,VWAP-REV",13,13.0,ORB-15,ORB-15: breakdown below 563.10,13:50,567.0,STOP_HIT,LOSS,-4189.46,-0.84,60.0,MEDIUM
2021-02-16,JSWSTEEL,LONG,09:20,406.36750000000006,1230,499832.03,404.48375000000004,413.90250000000015,4.0,"CAMARILLA,DAILY-BIAS,EMA-CROSS,FIRST-CANDLE,ORB-15,PDH-PDL,REL-STR,SR-BREAK,STOCHASTIC,SUPERTREND,VPOC,VWAP-REV,VWAP-STDDEV",13,13.0,CAMARILLA,CAMARILLA: breakout above H4=406.37,09:25,413.90250000000015,TARGET_HIT,EXACT_WIN,8532.03,1.71,60.0,MEDIUM
2021-02-16,BRITANNIA,SHORT,10:40,3407.0,146,497422.0,3432.35,3356.3,2.0,"CAMARILLA,DAILY-BIAS,DBL-TOP,FIRST-CANDLE,MACD,ORB-15,ORB-30,PDH-PDL,REL-STR,SR-BREAK,STOCHASTIC,SUPERTREND,VPOC",13,13.0,ORB-15,ORB-15: breakdown below 3407.00,15:15,3389.05,TIME_EXIT,WIN,1896.8,0.38,60.0,MEDIUM
2021-02-17,NTPC,LONG,09:35,98.73265306122448,5064,499982.16,98.18163265306123,101.15714285714284,4.4,"ADX-FILTER,BOLLINGER,DAILY-BIAS,EMA-CROSS,FIRST-CANDLE,INTRADAY-STRUCT,MACD,ORB-15,PDH-PDL,REL-STR,STOCHASTIC,SUPERTREND,VPOC",13,13.0,VPOC,VPOC: breakout above VAH=98.73,10:30,98.18163265306123,STOP_HIT,LOSS,-3517.04,-0.7,60.0,MEDIUM
2021-02-17,ASIANPAINT,SHORT,10:35,2425.55,206,499663.3,2451.85,2372.9500000000007,2.0,"CPR,DAILY-BIAS,FIRST-CANDLE,INTRADAY-STRUCT,MACD,ORB-15,ORB-30,PDH-PDL,PIN-BAR,SR-BREAK,STOCHASTIC,SUPERTREND",12,12.0,ORB-15,ORB-15: breakdown below 2425.55,15:15,2387.6,TIME_EXIT,WIN,7093.72,1.42,60.0,MEDIUM
2021-02-18,HDFCLIFE,LONG,09:45,709.0,705,499845.0,702.0,723.0,2.0,"CPR,DAILY-BIAS,DBL-BTM,EMA-CROSS,FIRST-CANDLE,MACD,ORB-15,ORB-30,PDH-PDL,PIN-BAR,REL-STR,SR-BREAK,STOCHASTIC,SUPERTREND",14,14.0,ORB-15,ORB-15: breakout above 709.00 (range=7.00),15:15,712.25,TIME_EXIT,WIN,1560.74,0.31,60.0,MEDIUM
2021-02-18,MARUTI,SHORT,11:40,7475.0,66,493350.0,7876.9394999999995,6658.875000000002,2.03,"ADX-FILTER,CAMARILLA,DAILY-BIAS,DESC-TRI,FAILED-BO,FIRST-CANDLE,INTRADAY-STRUCT,MACD,PDH-PDL,PIN-BAR,REL-STR,SR-BREAK,STOCHASTIC,VPOC,VWAP-STDDEV",15,15.0,DESC-TRI,Descending Triangle: breakdown below support 7493.64,15:15,7497.0,TIME_EXIT,LOSS,-2172.67,-0.44,60.0,MEDIUM
2021-02-19,PIDILITIND,LONG,09:40,896.0,558,499968.0,887.0,914.0,2.0,"CAMARILLA,CPR,DAILY-BIAS,EMA-CROSS,FIRST-CANDLE,MACD,ORB-15,ORB-30,PDH-PDL,PIN-BAR,REL-STR,STOCHASTIC,SUPERTREND,VPOC,VWAP-STDDEV",15,15.0,ORB-15,ORB-15: breakout above 896.00 (range=9.00),15:15,890.0,TIME_EXIT,LOSS,-4074.22,-0.81,60.0,MEDIUM
2021-02-19,LTM,SHORT,10:30,3852.0,129,496908.0,3925.0,3706.0,2.0,"ADX-FILTER,CAMARILLA,DAILY-BIAS,FIRST-CANDLE,MACD,ORB-15,ORB-30,PDH-PDL,PIN-BAR,REL-STR,SR-BREAK,SUPERTREND",12,12.0,ORB-15,ORB-15: breakdown below 3852.00,15:15,3824.1,TIME_EXIT,WIN,2876.46,0.58,60.0,MEDIUM
2021-02-22,HINDALCO,LONG,09:20,315.05,1587,499984.35,312.025,327.15000000000003,4.0,"BULL-FLAG,CAMARILLA,CPR,DAILY-BIAS,FIRST-CANDLE,ORB-15,PDH-PDL,PIN-BAR,REL-STR,SR-BREAK,STOCHASTIC,VOL-SPIKE,VPOC",13,13.0,CAMARILLA,CAMARILLA: breakout above H4=315.05,12:40,327.15000000000003,TARGET_HIT,EXACT_WIN,18458.61,3.69,60.0,MEDIUM
2021-02-22,GLAND,SHORT,13:05,2424.9,206,499529.4,2471.001505574957,2332.6969888500867,2.0,"BOLLINGER,CAMARILLA,FAILED-BO,INTRADAY-STRUCT,MACD,PDH-PDL,PIN-BAR,STOCHASTIC,SUPERTREND,VPOC,VWAP-REV,VWAP-STDDEV",12,12.0,SUPERTREND,"SUPERTREND: flipped bearish, ST=2466.07",15:15,2404.15,TIME_EXIT,WIN,3548.68,0.71,60.0,MEDIUM
2021-02-23,BPCL,LONG,09:20,187.84,2661,499842.24,185.695,196.42,4.0,"CAMARILLA,DAILY-BIAS,DBL-BTM,EMA-CROSS,FIRST-CANDLE,GAP-CONT,MACD,ORB-15,ORB-30,PDH-PDL,PIN-BAR,REL-STR,SR-BREAK,STOCHASTIC,VPOC",15,15.0,CAMARILLA,CAMARILLA: breakout above H4=187.84,15:15,190.95,TIME_EXIT,WIN,7540.46,1.51,60.0,MEDIUM
2021-02-23,GRANULES,SHORT,09:45,322.5,1550,499875.0,327.0,313.5,2.0,"ADX-FILTER,BOLLINGER,CAMARILLA,DAILY-BIAS,FIRST-CANDLE,INTRADAY-STRUCT,MACD,ORB-15,ORB-30,PDH-PDL,PIN-BAR,REL-STR,SR-BREAK,STOCHASTIC,SUPERTREND",15,15.0,ORB-15,ORB-15: breakdown below 322.50,15:15,321.65,TIME_EXIT,WIN,589.51,0.12,60.0,MEDIUM
2021-02-24,JSWSTEEL,LONG,09:15,420.57250000000005,1188,499640.13,417.83625000000006,431.5175000000001,4.0,"ASC-TRI,CAMARILLA,DAILY-BIAS,FIRST-CANDLE,PDH-PDL,PIN-BAR,REL-STR,SR-BREAK,STOCHASTIC,VPOC,VWAP-REV,VWAP-STDDEV",12,12.0,CAMARILLA,CAMARILLA: breakout above H4=420.57,09:50,417.83625000000006,STOP_HIT,LOSS,-3976.51,-0.8,60.0,MEDIUM
2021-02-24,LUPIN,SHORT,09:15,1014.4,492,499084.8,1024.6477499999999,986.0,2.77,"ADX-FILTER,CAMARILLA,DAILY-BIAS,DBL-TOP,FAILED-BO,FIRST-CANDLE,INTRADAY-STRUCT,MACD,PIN-BAR,REL-STR,SR-BREAK,SUPERTREND",12,12.0,FAILED-BO,"Failed BO: bull trap above 1014.80, reversed on vol 2.6×",11:40,1002.55,TIME_EXIT,WIN,5105.87,1.02,60.0,MEDIUM
2021-02-25,CHOLAFIN,LONG,09:15,511.3925,977,499630.47,505.52125,534.8775,4.0,"CAMARILLA,DAILY-BIAS,EMA-CROSS,FIRST-CANDLE,GAP-CONT,INTRADAY-STRUCT,ORB-15,PDH-PDL,PIN-BAR,REL-STR,SR-BREAK,STOCHASTIC,VPOC",13,15.6,CAMARILLA,CAMARILLA: breakout above H4=511.39,11:00,534.8775,TARGET_HIT,EXACT_WIN,22198.27,4.44,60.0,MEDIUM
2021-02-25,ASIANPAINT,SHORT,09:40,2361.35,211,498244.85,2381.05,2321.9499999999994,2.0,"DAILY-BIAS,DBL-TOP,FAILED-BO,FIRST-CANDLE,MACD,ORB-15,PDH-PDL,PIN-BAR,REL-STR,RSI-EXT,SR-BREAK,STOCHASTIC,VWAP-STDDEV",13,13.0,ORB-15,ORB-15: breakdown below 2361.35,13:45,2381.05,STOP_HIT,LOSS,-4885.59,-0.98,60.0,MEDIUM
2021-02-26,IRCTC,LONG,09:25,346.39183673469387,1443,499843.42,345.6877551020408,355.68571428571425,13.2,"BOLLINGER,BULL-FLAG,CAMARILLA,DAILY-BIAS,EMA-CROSS,FIRST-CANDLE,MACD,ORB-15,ORB-30,PDH-PDL,PIN-BAR,REL-STR,SR-BREAK,STOCHASTIC,SUPERTREND,VPOC",16,16.0,VPOC,VPOC: breakout above VAH=346.39,09:35,355.68571428571425,TARGET_HIT,EXACT_WIN,12671.75,2.54,60.0,MEDIUM
2021-02-26,BATAINDIA,SHORT,11:40,1454.1,343,498756.3,1477.8,1406.6999999999998,2.0,"CPR,DAILY-BIAS,OPEN-WEAK,ORB-15,ORB-30,PDH-PDL,PIN-BAR,SR-BREAK,STOCHASTIC,VWAP-STDDEV",10,10.0,ORB-15,ORB-15: breakdown below 1454.10,15:15,1439.45,TIME_EXIT,WIN,4300.61,0.86,60.0,MEDIUM
2021-03-01,ICICIPRULI,LONG,09:25,470.5675,1062,499742.68,465.93375,489.10249999999996,4.0,"ADX-FILTER,BOLLINGER,CAMARILLA,FIRST-CANDLE,INTRADAY-STRUCT,MACD,ORB-15,ORB-30,PDH-PDL,PIN-BAR,REL-STR,STOCHASTIC,VPOC,VWAP-REV,VWAP-STDDEV",15,15.0,CAMARILLA,CAMARILLA: breakout above H4=470.57,12:20,465.93375,STOP_HIT,LOSS,-5645.71,-1.13,60.0,MEDIUM
2021-03-01,TATAELXSI,SHORT,09:15,2701.15,185,499712.75,2720.535,2607.65,4.82,"BOLLINGER,CAMARILLA,DAILY-BIAS,FAILED-BO,FIRST-CANDLE,MACD,ORB-15,ORB-30,REL-STR,RSI-EXT,SR-BREAK,STOCHASTIC,SUPERTREND",13,13.0,FAILED-BO,"Failed BO: bull trap above 2705.00, reversed on vol 2.4×",11:20,2607.65,TARGET_HIT,EXACT_WIN,16578.87,3.32,60.0,MEDIUM
2021-03-02,IOC,LONG,09:15,49.68857142857143,10062,499966.41,49.613571428571426,50.09571428571429,5.43,"CAMARILLA,CPR,DAILY-BIAS,DBL-BTM,FIRST-CANDLE,GAP-CONT,INTRADAY-STRUCT,PDH-PDL,PIN-BAR,REL-STR,STOCHASTIC,VPOC,VWAP-STDDEV",13,13.0,VPOC,VPOC: breakout above VAH=49.69,09:20,50.09571428571429,TARGET_HIT,EXACT_WIN,3364.56,0.67,60.0,MEDIUM
2021-03-02,UNITDSPR,SHORT,09:15,546.85,914,499820.9,553.0012499999999,532.2,2.38,"ADX-FILTER,BOLLINGER,CAMARILLA,CPR,DAILY-BIAS,FAILED-BO,FIRST-CANDLE,INTRADAY-STRUCT,MACD,REL-STR,RSI-EXT,SR-BREAK,SUPERTREND,VWAP-STDDEV",14,14.0,FAILED-BO,"Failed BO: bull trap above 547.50, reversed on vol 2.3×",10:30,553.0012499999999,STOP_HIT,LOSS,-6354.12,-1.27,60.0,MEDIUM
2021-03-03,UNITDSPR,LONG,09:25,558.2325,895,499618.09,554.8912499999999,571.5975,4.0,"ADX-FILTER,CAMARILLA,CPR,FIRST-CANDLE,GAP-CONT,INTRADAY-STRUCT,ORB-15,ORB-30,PDH-PDL,PIN-BAR,REL-STR,SR-BREAK,STOCHASTIC,VPOC",14,14.0,CAMARILLA,CAMARILLA: breakout above H4=558.23,15:15,567.5,TIME_EXIT,WIN,7559.46,1.51,60.0,MEDIUM
2021-03-03,DIXON,SHORT,12:20,3837.6,130,498888.0,3885.253238887473,3742.293522225054,2.0,"ADX-FILTER,BOLLINGER,CAMARILLA,FIRST-CANDLE,MACD,PIN-BAR,REL-STR,SR-BREAK,STOCHASTIC,SUPERTREND,VWAP-STDDEV",11,11.0,SUPERTREND,"SUPERTREND: flipped bearish, ST=3877.50",15:15,3824.0,TIME_EXIT,WIN,1041.62,0.21,60.0,MEDIUM
2021-03-04,APOLLOTYRE,LONG,09:15,245.85,1427,350827.95,224.82899999999998,302.02500000000003,2.67,"ADX-FILTER,ASC-TRI,BOLLINGER,CAMARILLA,DAILY-BIAS,FIRST-CANDLE,INTRADAY-STRUCT,MACD,ORB-30,PDH-PDL,PIN-BAR,REL-STR,RSI-EXT,SR-BREAK,SUPERTREND,VPOC",16,16.0,ASC-TRI,Ascending Triangle: breakout above resistance 245.24,15:15,259.45,TIME_EXIT,WIN,18866.31,5.38,60.0,MEDIUM
2021-03-04,DIXON,SHORT,11:50,3855.0,129,497295.0,3901.3597499999996,3753.0,2.2,"BEAR-ENGULF,BOLLINGER,FIRST-CANDLE,MACD,REL-STR,RSI-EXT,SR-BREAK,SUPERTREND,VPOC,VWAP-REV,VWAP-STDDEV",11,11.0,BEAR-ENGULF,"Bear Engulf at resistance 3890.00, vol 2.2×",13:15,3901.3597499999996,STOP_HIT,LOSS,-6709.05,-1.35,60.0,MEDIUM
2021-03-05,MOTHERSON,LONG,09:55,93.8,5330,499954.0,92.76625827457129,95.86748345085742,2.0,"ADX-FILTER,BOLLINGER,CAMARILLA,DAILY-BIAS,DBL-BTM,EMA-CROSS,FIRST-CANDLE,MACD,PIN-BAR,REL-STR,RSI-EXT,SR-BREAK,SUPERTREND,VPOC,VWAP-REV,VWAP-STDDEV",16,16.0,EMA-CROSS,"EMA-CROSS: 9EMA crossed above 21EMA, price above VWAP",10:20,92.76625827457129,STOP_HIT,LOSS,-6234.33,-1.25,60.0,MEDIUM
2021-03-05,LT,SHORT,09:30,1444.86,346,499921.56,1488.49,1357.5999999999997,2.0,"ADX-FILTER,DAILY-BIAS,DBL-TOP,FAILED-BO,FIRST-CANDLE,OPEN-WEAK,PDH-PDL,REL-STR,SR-BREAK,STOCHASTIC,VWAP-STDDEV",11,11.0,SR-BREAK,SR-BREAK: breakdown below support 1444.86,15:15,1464.8,TIME_EXIT,LOSS,-7631.99,-1.53,60.0,MEDIUM
2021-03-08,BANKINDIA,LONG,09:15,73.963,6760,499989.88,72.9565,77.98899999999998,4.0,"CAMARILLA,DAILY-BIAS,FIRST-CANDLE,GAP-CONT,ORB-15,ORB-30,PDH-PDL,PIN-BAR,REL-STR,SR-BREAK,STOCHASTIC,VPOC",12,12.0,CAMARILLA,CAMARILLA: breakout above H4=73.96,09:50,77.98899999999998,TARGET_HIT,EXACT_WIN,26465.32,5.29,60.0,MEDIUM
2021-03-08,SHRIRAMFIN,SHORT,09:30,264.6,1889,499829.4,268.63649999999996,254.4,2.53,"ADX-FILTER,BOLLINGER,CAMARILLA,DAILY-BIAS,FAILED-BO,INTRADAY-STRUCT,MACD,ORB-15,ORB-30,PDH-PDL,RSI-EXT,SR-BREAK,STOCHASTIC,SUPERTREND",14,14.0,FAILED-BO,"Failed BO: bull trap above 267.05, reversed on vol 2.6×",10:35,254.4,TARGET_HIT,EXACT_WIN,18550.14,3.71,60.0,MEDIUM
2021-03-09,HDFCLIFE,LONG,09:20,736.4530612244898,678,499315.18,733.1010204081633,755.2244897959184,5.6,"CAMARILLA,CPR,DAILY-BIAS,EMA-CROSS,FIRST-CANDLE,INTRADAY-STRUCT,ORB-15,PDH-PDL,PIN-BAR,REL-STR,SR-BREAK,STOCHASTIC,VPOC,VWAP-STDDEV",14,14.0,VPOC,VPOC: breakout above VAH=736.45,13:40,733.1010204081633,STOP_HIT,LOSS,-2998.86,-0.6,60.0,MEDIUM
2021-03-09,INDUSTOWER,SHORT,13:40,252.9,1977,499983.3,256.4,245.90000000000006,2.0,"ADX-FILTER,BEAR-ENGULF,BOLLINGER,CAMARILLA,FAILED-BO,FIRST-CANDLE,MACD,ORB-15,ORB-30,PIN-BAR,REL-STR,SR-BREAK,SUPERTREND",13,13.0,ORB-15,ORB-15: breakdown below 252.90,15:15,253.0,TIME_EXIT,LOSS,-926.7,-0.19,60.0,MEDIUM
2021-03-10,COLPAL,LONG,10:55,1643.9,304,499745.6,1633.75,1664.2000000000003,2.0,"ADX-FILTER,CAMARILLA,CPR,DAILY-BIAS,FIRST-CANDLE,INTRADAY-STRUCT,ORB-15,PIN-BAR,REL-STR,STOCHASTIC,VPOC,VWAP-STDDEV",12,12.0,ORB-15,ORB-15: breakout above 1643.90 (range=10.15),12:05,1633.75,STOP_HIT,LOSS,-3811.72,-0.76,60.0,MEDIUM
2021-03-10,HDFCLIFE,SHORT,09:30,735.7,679,499540.3,747.487287878614,712.1254242427722,2.0,"ADX-FILTER,BEAR-ENGULF,BOLLINGER,CAMARILLA,FIRST-CANDLE,MACD,PDH-PDL,PIN-BAR,REL-STR,STOCHASTIC,SUPERTREND,VPOC",12,12.0,SUPERTREND,"SUPERTREND: flipped bearish, ST=746.00",15:15,732.8,TIME_EXIT,WIN,1241.94,0.25,60.0,MEDIUM
2021-03-12,TECHM,LONG,09:15,973.415,513,499361.89,967.0075,999.0449999999998,4.0,"CAMARILLA,CPR,DAILY-BIAS,EMA-CROSS,FIRST-CANDLE,INTRADAY-STRUCT,PDH-PDL,REL-STR,RSI-EXT,SR-BREAK,STOCHASTIC,VPOC,VWAP-REV,VWAP-STDDEV",14,14.0,CAMARILLA,CAMARILLA: breakout above H4=973.41,10:00,967.0075,STOP_HIT,LOSS,-4012.49,-0.8,60.0,MEDIUM
2021-03-12,TORNTPHARM,SHORT,10:00,1224.5,408,499596.0,1233.95,1205.6,2.0,"ADX-FILTER,BEAR-ENGULF,BOLLINGER,CAMARILLA,DAILY-BIAS,FAILED-BO,FIRST-CANDLE,MACD,ORB-30,PIN-BAR,RSI-EXT,SUPERTREND,VPOC,VWAP-STDDEV",14,14.0,ORB-30,ORB-30: breakdown below 1224.50,10:50,1233.95,STOP_HIT,LOSS,-4586.16,-0.92,60.0,MEDIUM
2021-03-15,COFORGE,LONG,10:30,558.3061224489796,895,499683.98,553.6224489795918,571.1428571428572,2.74,"ADX-FILTER,DAILY-BIAS,DBL-BTM,EMA-CROSS,FIRST-CANDLE,INTRADAY-STRUCT,ORB-15,ORB-30,PDH-PDL,REL-STR,SR-BREAK,STOCHASTIC,SUPERTREND,VOL-SPIKE,VPOC",15,15.0,VPOC,VPOC: breakout above VAH=558.31,11:00,553.6224489795918,STOP_HIT,LOSS,-4917.05,-0.98,60.0,MEDIUM
2021-03-15,HAVELLS,SHORT,11:00,1100.0,454,499400.0,1116.6,1066.8000000000002,2.0,"ADX-FILTER,CAMARILLA,DAILY-BIAS,FAILED-BO,FIRST-CANDLE,MACD,ORB-30,PDH-PDL,PIN-BAR,SR-BREAK,STOCHASTIC,VPOC",12,12.0,ORB-30,ORB-30: breakdown below 1100.00,15:15,1101.85,TIME_EXIT,LOSS,-1568.47,-0.31,60.0,MEDIUM
2021-03-16,DMART,LONG,09:35,3144.95,158,496902.1,3115.0,3204.8499999999995,2.0,"BOLLINGER,DAILY-BIAS,EMA-CROSS,FIRST-CANDLE,MACD,ORB-15,PIN-BAR,REL-STR,SR-BREAK,SUPERTREND,VPOC,VWAP-STDDEV",12,12.0,ORB-15,ORB-15: breakout above 3144.95 (range=29.95),10:25,3115.0,STOP_HIT,LOSS,-5453.04,-1.1,60.0,MEDIUM
2021-03-16,JUBLFOOD,SHORT,09:15,591.96,844,499614.24,597.86,580.1600000000001,2.0,"ADX-FILTER,BEAR-ENGULF,CPR,DBL-TOP,FIRST-CANDLE,MACD,PDH-PDL,PIN-BAR,REL-STR,RSI-EXT,SR-BREAK,STOCHASTIC,VPOC,VWAP-REV",14,14.0,SR-BREAK,SR-BREAK: breakdown below support 591.96,12:35,597.86,STOP_HIT,LOSS,-5710.83,-1.14,60.0,MEDIUM
2021-03-17,HCLTECH,LONG,09:30,1020.0,490,499800.0,1005.55,1048.9,2.0,"CPR,DAILY-BIAS,EMA-CROSS,FIRST-CANDLE,MACD,ORB-15,PDH-PDL,PIN-BAR,REL-STR,RSI-EXT,SR-BREAK,STOCHASTIC,SUPERTREND,VPOC,VWAP-STDDEV",15,15.0,ORB-15,ORB-15: breakout above 1020.00 (range=14.45),13:45,1005.55,STOP_HIT,LOSS,-7803.53,-1.56,60.0,MEDIUM
2021-03-17,SIEMENS,SHORT,09:35,1427.05,350,499467.5,1439.75,1401.6499999999999,2.0,"CAMARILLA,DBL-TOP,FAILED-BO,FIRST-CANDLE,INTRADAY-STRUCT,ORB-15,ORB-30,PDH-PDL,PIN-BAR,REL-STR,SR-BREAK,STOCHASTIC,SUPERTREND",13,13.0,ORB-15,ORB-15: breakdown below 1427.05,14:10,1401.6499999999999,TARGET_HIT,EXACT_WIN,8166.9,1.64,60.0,MEDIUM
2021-03-18,APLAPOLLO,LONG,09:30,593.9,841,499469.9,580.7,646.6999999999999,4.0,"CAMARILLA,DAILY-BIAS,FIRST-CANDLE,GAP-CONT,INTRADAY-STRUCT,MACD,ORB-15,ORB-30,PDH-PDL,PIN-BAR,REL-STR,SR-BREAK,VPOC",13,13.0,CAMARILLA,CAMARILLA: breakout above H4=593.90,15:15,613.0,TIME_EXIT,WIN,15322.2,3.07,60.0,MEDIUM
2021-03-18,INDIAMART,SHORT,12:05,4156.15,120,498738.0,4206.929999999999,4012.75,2.82,"ADX-FILTER,BEAR-ENGULF,CAMARILLA,DAILY-BIAS,FIRST-CANDLE,ORB-30,PDH-PDL,PIN-BAR,REL-STR,RSI-EXT,SR-BREAK,SUPERTREND,VPOC,VWAP-REV",14,14.0,BEAR-ENGULF,"Bear Engulf at resistance 4212.65, vol 2.6×",15:15,4136.1,TIME_EXIT,WIN,1680.19,0.34,60.0,MEDIUM
2021-03-19,HINDUNILVR,LONG,09:45,2212.85,225,497891.25,2198.8,2240.9499999999994,2.0,"ADX-FILTER,BOLLINGER,CAMARILLA,DAILY-BIAS,INTRADAY-STRUCT,MACD,ORB-15,ORB-30,REL-STR,SR-BREAK,SUPERTREND,VPOC",12,12.0,ORB-15,ORB-15: breakout above 2212.85 (range=14.05),10:55,2240.9499999999994,TARGET_HIT,EXACT_WIN,5591.46,1.12,60.0,MEDIUM
2021-03-19,DMART,SHORT,11:40,2960.0,168,497280.0,3021.5,2837.0,2.0,"CPR,DAILY-BIAS,FIRST-CANDLE,INTRADAY-STRUCT,ORB-15,ORB-30,PDH-PDL,PIN-BAR,REL-STR,SR-BREAK,STOCHASTIC,VWAP-STDDEV",12,12.0,ORB-15,ORB-15: breakdown below 2960.00,15:15,2955.0,TIME_EXIT,WIN,115.28,0.02,60.0,MEDIUM
2021-03-22,LTM,LONG,09:20,4091.379591836735,122,499148.31,4089.4943877551023,4234.655102040817,76.0,"ADX-FILTER,CAMARILLA,DAILY-BIAS,FIRST-CANDLE,GAP-CONT,ORB-15,ORB-30,PDH-PDL,PIN-BAR,REL-STR,SR-BREAK,STOCHASTIC,SUPERTREND,VPOC,VWAP-STDDEV",15,15.0,VPOC,VPOC: breakout above VAH=4091.38,13:05,4089.4943877551023,STOP_HIT,LOSS,-957.56,-0.19,60.0,MEDIUM
2021-03-22,PIDILITIND,SHORT,09:55,876.0,570,499320.0,883.9979999999999,840.5,4.44,"ADX-FILTER,BEAR-ENGULF,BOLLINGER,CAMARILLA,CPR,FIRST-CANDLE,MACD,PIN-BAR,REL-STR,RSI-EXT,SUPERTREND",11,11.0,BEAR-ENGULF,"Bear Engulf at resistance 880.70, vol 2.0×",14:00,883.9979999999999,STOP_HIT,LOSS,-5289.45,-1.06,60.0,MEDIUM
2021-03-23,APLAPOLLO,LONG,09:15,639.0075,782,499703.87,632.5037500000001,665.0225000000002,4.0,"CAMARILLA,DAILY-BIAS,FIRST-CANDLE,GAP-CONT,MACD,ORB-15,ORB-30,PDH-PDL,REL-STR,SR-BREAK,SUPERTREND",11,11.0,CAMARILLA,CAMARILLA: breakout above H4=639.01,10:30,665.0225000000002,TARGET_HIT,EXACT_WIN,19599.12,3.92,60.0,MEDIUM
2021-03-23,MANAPPURAM,SHORT,12:10,157.25,3179,499897.75,158.9,153.95,2.0,"ADX-FILTER,BOLLINGER,CAMARILLA,DAILY-BIAS,FIRST-CANDLE,MACD,ORB-15,ORB-30,PDH-PDL,SR-BREAK,STOCHASTIC,SUPERTREND,VPOC",13,13.0,ORB-15,ORB-15: breakdown below 157.25,15:15,157.4,TIME_EXIT,LOSS,-1205.89,-0.24,60.0,MEDIUM
2021-03-24,DRREDDY,LONG,09:30,878.65,569,499951.85,867.3,901.35,2.0,"BOLLINGER,CAMARILLA,EMA-CROSS,FIRST-CANDLE,MACD,ORB-15,PDH-PDL,PIN-BAR,REL-STR,SR-BREAK,STOCHASTIC,SUPERTREND,VPOC",13,13.0,ORB-15,ORB-15: breakout above 878.65 (range=11.35),15:15,870.95,TIME_EXIT,LOSS,-5106.68,-1.02,60.0,MEDIUM
2021-03-24,BATAINDIA,SHORT,10:20,1485.0,336,498960.0,1498.15,1458.6999999999998,2.0,"BOLLINGER,CAMARILLA,DAILY-BIAS,FIRST-CANDLE,INTRADAY-STRUCT,MACD,ORB-15,ORB-30,PDH-PDL,STOCHASTIC,SUPERTREND,VPOC",12,12.0,ORB-15,ORB-15: breakdown below 1485.00,12:30,1458.6999999999998,TARGET_HIT,EXACT_WIN,8114.36,1.63,60.0,MEDIUM
2021-03-25,UPL,LONG,09:30,582.85,857,499502.45,579.93575,608.5857142857143,8.83,"BOLLINGER,CAMARILLA,DAILY-BIAS,MACD,PIN-BAR,REL-STR,RSI-EXT,SUPERTREND,VPOC,VWAP-REV,VWAP-STDDEV",11,11.0,VPOC,VPOC: rejection below VPOC=583.16,11:40,579.93575,STOP_HIT,LOSS,-3223.77,-0.65,60.0,MEDIUM
2021-03-25,ICICIGI,SHORT,13:15,1398.05,357,499103.85,1413.55,1367.05,2.0,"ADX-FILTER,CAMARILLA,DAILY-BIAS,DBL-TOP,FIRST-CANDLE,OPEN-WEAK,ORB-15,ORB-30,PDH-PDL,PIN-BAR,SR-BREAK,STOCHASTIC,VWAP-STDDEV",13,13.0,ORB-15,ORB-15: breakdown below 1398.05,15:15,1389.7,TIME_EXIT,WIN,2254.97,0.45,60.0,MEDIUM
2021-03-26,GRASIM,LONG,09:25,1385.2575,360,498692.7,1372.42875,1436.5725,4.0,"CAMARILLA,DAILY-BIAS,FIRST-CANDLE,GAP-CONT,ORB-15,ORB-30,PDH-PDL,PIN-BAR,REL-STR,SR-BREAK,STOCHASTIC,VPOC",12,12.0,CAMARILLA,CAMARILLA: breakout above H4=1385.26,15:15,1398.3,TIME_EXIT,WIN,3964.46,0.79,60.0,MEDIUM
2021-03-26,SUNPHARMA,SHORT,09:15,580.02,862,499977.24,590.95,558.1599999999999,2.0,"ADX-FILTER,BOLLINGER,CAMARILLA,DAILY-BIAS,FAILED-BO,FIRST-CANDLE,INTRADAY-STRUCT,PIN-BAR,SR-BREAK,STOCHASTIC,VPOC,VWAP-STDDEV",12,12.0,SR-BREAK,SR-BREAK: breakdown below support 580.02,15:15,587.55,TIME_EXIT,LOSS,-7223.45,-1.44,60.0,MEDIUM
2021-03-30,IDFCFIRSTB,LONG,09:30,58.74,8512,499994.88,58.245000000000005,60.720000000000006,4.0,"CAMARILLA,EMA-CROSS,FIRST-CANDLE,GAP-CONT,MACD,PDH-PDL,REL-STR,RSI-EXT,SR-BREAK,STOCHASTIC,SUPERTREND,VPOC,VWAP-REV",13,13.0,CAMARILLA,CAMARILLA: breakout above H4=58.74,12:50,58.245000000000005,STOP_HIT,LOSS,-4939.01,-0.99,60.0,MEDIUM
2021-03-30,DLF,SHORT,09:45,283.85,1761,499859.85,285.87224999999995,277.05,3.36,"BOLLINGER,CAMARILLA,DAILY-BIAS,FAILED-BO,INTRADAY-STRUCT,MACD,PDH-PDL,PIN-BAR,REL-STR,SR-BREAK,SUPERTREND,VPOC,VWAP-STDDEV",13,13.0,FAILED-BO,"Failed BO: bull trap above 284.15, reversed on vol 2.5×",12:15,277.05,TARGET_HIT,EXACT_WIN,11252.93,2.25,60.0,MEDIUM
2021-03-31,DABUR,LONG,12:30,540.0,925,499500.0,537.25,545.5,2.0,"CPR,DAILY-BIAS,EMA-CROSS,FIRST-CANDLE,MACD,ORB-15,ORB-30,PDH-PDL,REL-STR,SR-BREAK,STOCHASTIC,SUPERTREND,VPOC,VWAP-STDDEV",14,14.0,ORB-15,ORB-15: breakout above 540.00 (range=2.75),15:15,540.35,TIME_EXIT,LOSS,-404.73,-0.08,60.0,MEDIUM
2021-03-31,ZYDUSLIFE,SHORT,09:40,435.85,1147,499919.95,438.17999999999995,422.5,5.73,"ADX-FILTER,BOLLINGER,CAMARILLA,CPR,DAILY-BIAS,FAILED-BO,FIRST-CANDLE,INTRADAY-STRUCT,MACD,RSI-EXT,SUPERTREND",11,11.0,FAILED-BO,"Failed BO: bull trap above 436.15, reversed on vol 1.5×",10:50,438.17999999999995,STOP_HIT,LOSS,-3402.84,-0.68,60.0,MEDIUM
2021-04-01,LTTS,LONG,09:15,2712.681632653061,184,499133.42,2700.7892857142856,2778.54693877551,5.54,"CAMARILLA,DAILY-BIAS,DBL-BTM,EMA-CROSS,FIRST-CANDLE,INTRADAY-STRUCT,ORB-15,ORB-30,PDH-PDL,PIN-BAR,REL-STR,SR-BREAK,STOCHASTIC,VPOC,VWAP-REV,VWAP-STDDEV",16,16.0,VPOC,VPOC: breakout above VAH=2712.68,10:45,2700.7892857142856,STOP_HIT,LOSS,-2914.19,-0.58,60.0,MEDIUM
2021-04-01,M&M,SHORT,10:20,800.55,624,499543.2,806.25,789.1499999999999,2.0,"BOLLINGER,DAILY-BIAS,FAILED-BO,FIRST-CANDLE,MACD,ORB-15,ORB-30,PDH-PDL,PIN-BAR,SR-BREAK,STOCHASTIC,SUPERTREND,VPOC",13,13.0,ORB-15,ORB-15: breakdown below 800.55,10:25,789.1499999999999,TARGET_HIT,EXACT_WIN,6389.38,1.28,60.0,MEDIUM
2021-04-05,ADANIPORTS,LONG,09:40,740.4918367346938,675,499831.99,736.3443877551019,771.4091836734693,7.45,"ADX-FILTER,BOLLINGER,CAMARILLA,DAILY-BIAS,EMA-CROSS,FIRST-CANDLE,INTRADAY-STRUCT,MACD,ORB-15,REL-STR,SR-BREAK,STOCHASTIC,SUPERTREND,VPOC,VWAP-REV,VWAP-STDDEV",16,16.0,VPOC,VPOC: breakout above VAH=740.49,09:45,736.3443877551019,STOP_HIT,LOSS,-3525.99,-0.71,60.0,MEDIUM
2021-04-05,ICICIGI,SHORT,09:15,1437.0,347,498639.0,1444.185,1413.1979591836734,3.31,"ADX-FILTER,CAMARILLA,DAILY-BIAS,FAILED-BO,FIRST-CANDLE,MACD,ORB-15,ORB-30,PDH-PDL,PIN-BAR,REL-STR,SR-BREAK,STOCHASTIC,SUPERTREND,VPOC",15,15.0,VPOC,VPOC: rejection at VPOC=1434.81,10:15,1413.1979591836734,TARGET_HIT,EXACT_WIN,7536.98,1.51,60.0,MEDIUM
2021-04-06,GRAPHITE,LONG,09:30,553.0,904,499912.0,541.0,577.0,2.0,"ADX-FILTER,DAILY-BIAS,FIRST-CANDLE,INTRADAY-STRUCT,MACD,ORB-15,ORB-30,PDH-PDL,REL-STR,SR-BREAK,SUPERTREND,VPOC",12,12.0,ORB-15,ORB-15: breakout above 553.00 (range=12.00),14:25,577.0,TARGET_HIT,EXACT_WIN,20950.03,4.19,60.0,MEDIUM
2021-04-06,BATAINDIA,SHORT,11:45,1391.85,359,499674.15,1407.4789953808363,1360.5920092383271,2.0,"ADX-FILTER,BOLLINGER,CAMARILLA,DAILY-BIAS,DBL-TOP,INTRADAY-STRUCT,PIN-BAR,STOCHASTIC,SUPERTREND,VPOC,VWAP-STDDEV",11,11.0,SUPERTREND,"SUPERTREND: flipped bearish, ST=1404.67",15:15,1387.85,TIME_EXIT,WIN,708.36,0.14,60.0,MEDIUM
2021-04-07,TATAELXSI,LONG,12:45,2882.0,173,498586.0,2840.0,2966.0,2.0,"ADX-FILTER,BOLLINGER,CAMARILLA,DAILY-BIAS,EMA-CROSS,FIRST-CANDLE,MACD,ORB-15,ORB-30,SR-BREAK,STOCHASTIC,SUPERTREND,VPOC",13,13.0,ORB-15,ORB-15: breakout above 2882.00 (range=42.00),14:50,2966.0,TARGET_HIT,EXACT_WIN,13793.51,2.77,60.0,MEDIUM
2021-04-07,HAVELLS,SHORT,10:20,1046.7,477,499275.9,1054.4081632653063,1024.461224489796,2.89,"ADX-FILTER,BEAR-ENGULF,BOLLINGER,CAMARILLA,DAILY-BIAS,FAILED-BO,FIRST-CANDLE,PIN-BAR,REL-STR,SR-BREAK,VPOC,VWAP-STDDEV",12,12.0,VPOC,VPOC: rejection at VPOC=1045.22,10:55,1054.4081632653063,STOP_HIT,LOSS,-4406.82,-0.88,60.0,MEDIUM
2021-04-08,CIPLA,LONG,09:25,846.03,590,499157.7,842.015,862.0899999999999,4.0,"BOLLINGER,CAMARILLA,CPR,DAILY-BIAS,EMA-CROSS,FIRST-CANDLE,MACD,PDH-PDL,PIN-BAR,SR-BREAK,STOCHASTIC,SUPERTREND,VPOC,VWAP-STDDEV",14,14.0,CAMARILLA,CAMARILLA: breakout above H4=846.03,09:30,842.015,STOP_HIT,LOSS,-3094.74,-0.62,60.0,MEDIUM
2021-04-08,PVRINOX,SHORT,10:20,1139.85,438,499254.3,1148.3632499999999,1102.0,4.45,"ADX-FILTER,BOLLINGER,CAMARILLA,DAILY-BIAS,FAILED-BO,FIRST-CANDLE,MACD,REL-STR,SR-BREAK,SUPERTREND,VPOC,VWAP-STDDEV",12,12.0,FAILED-BO,"Failed BO: bull trap above 1140.25, reversed on vol 1.7×",10:50,1148.3632499999999,STOP_HIT,LOSS,-4458.83,-0.89,60.0,MEDIUM
2021-04-09,MFSL,LONG,09:30,900.1650000000001,555,499591.58,894.3075,923.5950000000001,4.0,"BOLLINGER,CAMARILLA,DAILY-BIAS,DBL-BTM,FIRST-CANDLE,INTRADAY-STRUCT,MACD,PIN-BAR,REL-STR,RSI-EXT,SR-BREAK,SUPERTREND,VPOC,VWAP-STDDEV",14,14.0,CAMARILLA,CAMARILLA: breakout above H4=900.17,11:40,894.3075,STOP_HIT,LOSS,-3976.69,-0.8,60.0,MEDIUM
2021-04-09,INFY,SHORT,11:30,1434.7,348,499275.6,1447.361660721686,1409.3766785566283,2.0,"ADX-FILTER,BOLLINGER,CAMARILLA,FAILED-BO,FIRST-CANDLE,INTRADAY-STRUCT,MACD,PIN-BAR,REL-STR,SUPERTREND,VPOC",11,11.0,SUPERTREND,"SUPERTREND: flipped bearish, ST=1444.47",14:20,1447.361660721686,STOP_HIT,LOSS,-5136.7,-1.03,60.0,MEDIUM
2021-04-12,MARICO,LONG,10:35,416.5,1200,499800.0,413.5,422.5,2.0,"ADX-FILTER,BOLLINGER,CAMARILLA,DAILY-BIAS,DBL-BTM,MACD,ORB-15,ORB-30,REL-STR,RSI-EXT,SR-BREAK,SUPERTREND,VPOC,VWAP-REV",14,14.0,ORB-15,ORB-15: breakout above 416.50 (range=3.00),11:55,413.5,STOP_HIT,LOSS,-4325.79,-0.87,60.0,MEDIUM
2021-04-12,DIXON,SHORT,09:30,3550.0,140,497000.0,3636.6,3376.8,2.0,"ADX-FILTER,CPR,DAILY-BIAS,FIRST-CANDLE,INTRADAY-STRUCT,PDH-PDL,REL-STR,STOCHASTIC,VWAP-REV,VWAP-STDDEV",10,10.0,FIRST-CANDLE,FIRST-CANDLE: break below first candle low=3550.00,15:15,3550.0,TIME_EXIT,LOSS,-724.82,-0.15,60.0,MEDIUM
2021-04-13,PIIND,LONG,10:05,2459.9,203,499359.7,2381.15,2617.4,2.0,"BOLLINGER,CAMARILLA,DAILY-BIAS,EMA-CROSS,FIRST-CANDLE,MACD,ORB-15,ORB-30,PDH-PDL,REL-STR,SR-BREAK,STOCHASTIC,SUPERTREND,VPOC",14,14.0,ORB-15,ORB-15: breakout above 2459.90 (range=78.75),15:15,2446.4,TIME_EXIT,LOSS,-3466.37,-0.69,60.0,MEDIUM
2021-04-13,COLPAL,SHORT,13:35,1554.1,321,498866.1,1575.0,1512.2999999999997,2.0,"BOLLINGER,DAILY-BIAS,INTRADAY-STRUCT,MACD,ORB-15,ORB-30,PDH-PDL,RSI-EXT,VPOC,VWAP-STDDEV",10,10.0,ORB-15,ORB-15: breakdown below 1554.10,15:15,1541.95,TIME_EXIT,WIN,3175.02,0.64,60.0,MEDIUM
2021-04-15,TORNTPHARM,LONG,09:20,1305.525,382,498710.55,1296.8625,1340.1750000000002,4.0,"CAMARILLA,CPR,DAILY-BIAS,FIRST-CANDLE,INTRADAY-STRUCT,ORB-15,ORB-30,PDH-PDL,REL-STR,SR-BREAK,STOCHASTIC,VPOC,VWAP-REV,VWAP-STDDEV",14,14.0,CAMARILLA,CAMARILLA: breakout above H4=1305.53,09:55,1296.8625,STOP_HIT,LOSS,-4033.61,-0.81,60.0,MEDIUM
2021-04-15,BHARATFORG,SHORT,09:15,594.1,841,499638.1,599.9849999999999,578.75,2.61,"ADX-FILTER,BOLLINGER,CAMARILLA,DAILY-BIAS,FAILED-BO,FIRST-CANDLE,MACD,ORB-15,ORB-30,PDH-PDL,PIN-BAR,REL-STR,SR-BREAK,STOCHASTIC,SUPERTREND",15,15.0,FAILED-BO,"Failed BO: bull trap above 595.15, reversed on vol 1.8×",09:50,578.75,TARGET_HIT,EXACT_WIN,12188.31,2.44,60.0,MEDIUM
2021-04-16,LAURUSLABS,LONG,09:30,436.9714285714286,1144,499895.31,436.8142857142857,440.42857142857144,22.0,"ADX-FILTER,CAMARILLA,DAILY-BIAS,FIRST-CANDLE,INTRADAY-STRUCT,MACD,ORB-15,ORB-30,PIN-BAR,SR-BREAK,STOCHASTIC,SUPERTREND,VPOC",13,13.0,VPOC,VPOC: breakout above VAH=436.97,09:35,436.8142857142857,STOP_HIT,LOSS,-908.4,-0.18,60.0,MEDIUM
2021-04-16,PETRONET,SHORT,12:00,203.7,2363,481343.1,216.3925,167.70000000000002,2.84,"BOLLINGER,CAMARILLA,DAILY-BIAS,DBL-TOP,DESC-TRI,FIRST-CANDLE,MACD,ORB-15,ORB-30,PDH-PDL,REL-STR,SR-BREAK,SUPERTREND",13,13.0,DESC-TRI,Descending Triangle: breakdown below support 203.90,15:15,203.45,TIME_EXIT,LOSS,-112.39,-0.02,60.0,MEDIUM
2021-04-19,ADANIENSOL,LONG,09:15,946.3,528,499646.4,932.1054999999999,989.0975000000001,3.02,"BOLLINGER,CAMARILLA,CPR,DAILY-BIAS,EMA-CROSS,FIRST-CANDLE,MACD,ORB-15,ORB-30,PIN-BAR,REL-STR,RSI-EXT,SR-BREAK,STOCHASTIC,SUPERTREND,VPOC",16,16.0,BOLLINGER,"BOLLINGER: price at lower band 968.95, RSI=0",09:45,989.0975000000001,TARGET_HIT,EXACT_WIN,21850.76,4.37,60.0,MEDIUM
2021-04-19,BHARATFORG,SHORT,11:00,570.45,876,499714.2,577.1714999999999,553.3365,2.55,"CPR,DAILY-BIAS,FAILED-BO,FIRST-CANDLE,INTRADAY-STRUCT,ORB-15,ORB-30,PDH-PDL,PIN-BAR,SR-BREAK,STOCHASTIC,VWAP-STDDEV",12,14.399999999999999,FAILED-BO,"Failed BO: bull trap above 573.00, reversed on vol 3.2×",15:15,560.45,TIME_EXIT,WIN,8036.49,1.61,60.0,MEDIUM
2021-04-20,SBILIFE,LONG,09:15,917.5324999999999,544,499137.68,911.71625,940.7974999999998,4.0,"CAMARILLA,DAILY-BIAS,DBL-BTM,FIRST-CANDLE,GAP-CONT,PDH-PDL,PIN-BAR,REL-STR,SR-BREAK,STOCHASTIC,VPOC,VWAP-REV,VWAP-STDDEV",13,13.0,CAMARILLA,CAMARILLA: breakout above H4=917.53,12:40,911.71625,STOP_HIT,LOSS,-3889.27,-0.78,60.0,MEDIUM
2021-04-20,COLPAL,SHORT,11:15,1540.0,324,498960.0,1550.35,1519.3000000000002,2.0,"BOLLINGER,CAMARILLA,DAILY-BIAS,DBL-TOP,DESC-TRI,FIRST-CANDLE,MACD,ORB-15,ORB-30,PDH-PDL,SR-BREAK,STOCHASTIC,SUPERTREND,VPOC",14,14.0,ORB-15,ORB-15: breakdown below 1540.00,14:20,1519.3000000000002,TARGET_HIT,EXACT_WIN,5983.14,1.2,60.0,MEDIUM
2021-04-22,AUROPHARMA,LONG,09:15,997.8775,501,499936.63,989.88875,1029.8325000000002,4.0,"BOLLINGER,CAMARILLA,DAILY-BIAS,EMA-CROSS,FIRST-CANDLE,INTRADAY-STRUCT,PDH-PDL,PIN-BAR,REL-STR,SR-BREAK,STOCHASTIC,VPOC,VWAP-REV,VWAP-STDDEV",14,14.0,CAMARILLA,CAMARILLA: breakout above H4=997.88,12:00,989.88875,STOP_HIT,LOSS,-4728.02,-0.95,60.0,MEDIUM
2021-04-22,EXIDEIND,SHORT,11:15,171.55,2914,499896.7,173.4,167.85000000000002,2.0,"ADX-FILTER,DAILY-BIAS,FIRST-CANDLE,OPEN-WEAK,ORB-15,ORB-30,PDH-PDL,PIN-BAR,REL-STR,SR-BREAK,STOCHASTIC,VWAP-STDDEV",12,12.0,ORB-15,ORB-15: breakdown below 171.55,15:15,171.95,TIME_EXIT,LOSS,-1895.04,-0.38,60.0,MEDIUM
2021-04-23,BAJAJ-AUTO,LONG,11:15,3589.0,139,498871.0,3569.0,3629.0,2.0,"BOLLINGER,CAMARILLA,DAILY-BIAS,EMA-CROSS,INTRADAY-STRUCT,MACD,ORB-15,ORB-30,PDH-PDL,PIN-BAR,SR-BREAK,STOCHASTIC,VPOC,VWAP-STDDEV",14,14.0,ORB-15,ORB-15: breakout above 3589.00 (range=20.00),14:30,3569.0,STOP_HIT,LOSS,-3505.17,-0.7,60.0,MEDIUM
2021-04-23,BIOCON,SHORT,12:30,398.4,1255,499992.0,402.9,389.4,2.0,"ADX-FILTER,BOLLINGER,CAMARILLA,DAILY-BIAS,INTRADAY-STRUCT,OPEN-WEAK,ORB-30,PDH-PDL,PIN-BAR,SR-BREAK,STOCHASTIC,VWAP-STDDEV",12,12.0,ORB-30,ORB-30: breakdown below 398.40,15:15,396.85,TIME_EXIT,WIN,1217.46,0.24,60.0,MEDIUM
2021-04-26,POWERGRID,LONG,10:25,115.35,4334,499926.9,113.55,118.94999999999999,2.0,"ADX-FILTER,BOLLINGER,CAMARILLA,CPR,EMA-CROSS,FIRST-CANDLE,MACD,ORB-15,ORB-30,PDH-PDL,PIN-BAR,SR-BREAK,SUPERTREND,VPOC",14,14.0,ORB-15,ORB-15: breakout above 115.35 (range=1.80),15:15,118.0,TIME_EXIT,WIN,10747.2,2.15,60.0,MEDIUM
2021-04-26,BIOCON,SHORT,13:35,397.25,1258,499740.5,401.2,389.35,2.0,"ADX-FILTER,CAMARILLA,DAILY-BIAS,FIRST-CANDLE,INTRADAY-STRUCT,MACD,ORB-30,PDH-PDL,PIN-BAR,REL-STR,SR-BREAK,SUPERTREND,VPOC",13,13.0,ORB-30,ORB-30: breakdown below 397.25,15:15,395.6,TIME_EXIT,WIN,1348.33,0.27,60.0,MEDIUM
2021-04-27,TATASTEEL,LONG,09:35,89.9495,5558,499939.32,89.26475,92.6885,4.0,"ADX-FILTER,CAMARILLA,DAILY-BIAS,EMA-CROSS,FIRST-CANDLE,ORB-15,ORB-30,PDH-PDL,PIN-BAR,REL-STR,SR-BREAK,STOCHASTIC,VPOC",13,13.0,CAMARILLA,CAMARILLA: breakout above H4=89.95,15:15,91.96,TIME_EXIT,WIN,10436.68,2.09,60.0,MEDIUM
2021-04-27,LTM,SHORT,10:15,3941.6,126,496641.6,3965.0,3894.7999999999997,2.0,"ADX-FILTER,BOLLINGER,CAMARILLA,DAILY-BIAS,FIRST-CANDLE,MACD,ORB-15,ORB-30,PIN-BAR,REL-STR,SR-BREAK,SUPERTREND,VPOC",13,13.0,ORB-15,ORB-15: breakdown below 3941.60,15:15,3911.9,TIME_EXIT,WIN,3020.01,0.61,60.0,MEDIUM
2021-04-28,TATACONSUM,LONG,09:20,672.3075,743,499524.47,669.10375,685.1225000000001,4.0,"CAMARILLA,CPR,DAILY-BIAS,FIRST-CANDLE,MACD,ORB-15,ORB-30,PDH-PDL,PIN-BAR,REL-STR,SR-BREAK,STOCHASTIC,VPOC,VWAP-STDDEV",14,14.0,CAMARILLA,CAMARILLA: breakout above H4=672.31,11:35,669.10375,STOP_HIT,LOSS,-3106.76,-0.62,60.0,MEDIUM
2021-04-28,TORNTPHARM,SHORT,10:40,1268.3,394,499710.2,1276.1992499999997,1245.0,2.95,"BEAR-ENGULF,BOLLINGER,CAMARILLA,FAILED-BO,FIRST-CANDLE,MACD,ORB-15,PIN-BAR,REL-STR,SR-BREAK,SUPERTREND,VPOC,VWAP-STDDEV",13,13.0,FAILED-BO,"Failed BO: bull trap above 1268.70, reversed on vol 2.2×",15:15,1253.2,TIME_EXIT,WIN,5224.29,1.05,60.0,MEDIUM
2021-04-29,VEDL,LONG,09:20,108.46020408163265,4609,499893.08,108.41938775510204,111.64387755102041,78.0,"ADX-FILTER,CAMARILLA,DAILY-BIAS,FIRST-CANDLE,GAP-CONT,INTRADAY-STRUCT,MACD,ORB-15,ORB-30,PDH-PDL,SR-BREAK,STOCHASTIC,SUPERTREND,VPOC",14,14.0,VPOC,VPOC: breakout above VAH=108.46,09:25,108.41938775510204,STOP_HIT,LOSS,-916.74,-0.18,60.0,MEDIUM
2021-04-29,ZEEL,SHORT,09:55,184.87,2704,499888.48,187.32,179.97000000000003,2.0,"ADX-FILTER,BOLLINGER,CAMARILLA,DAILY-BIAS,FAILED-BO,FIRST-CANDLE,MACD,ORB-30,PDH-PDL,PIN-BAR,REL-STR,SR-BREAK,STOCHASTIC,SUPERTREND,VPOC",15,15.0,ORB-30,ORB-30: breakdown below 184.87,15:15,182.76,TIME_EXIT,WIN,4979.94,1.0,60.0,MEDIUM
2021-04-30,TATAELXSI,LONG,09:55,3439.95,145,498792.75,3320.0,3679.8499999999995,2.0,"CAMARILLA,CPR,DAILY-BIAS,FIRST-CANDLE,INTRADAY-STRUCT,ORB-15,ORB-30,PDH-PDL,REL-STR,SR-BREAK,STOCHASTIC,SUPERTREND,VPOC",13,13.0,ORB-15,ORB-15: breakout above 3439.95 (range=119.95),15:15,3475.5,TIME_EXIT,WIN,4423.4,0.89,60.0,MEDIUM
2021-04-30,HDFCAMC,SHORT,12:40,1379.0375,362,499211.57,1389.075,1358.9625,2.0,"BOLLINGER,CAMARILLA,DAILY-BIAS,FAILED-BO,INTRADAY-STRUCT,MACD,PDH-PDL,PIN-BAR,REL-STR,RSI-EXT,STOCHASTIC,VWAP-STDDEV",12,12.0,CAMARILLA,"CAMARILLA: reversal at H3=1379.04, target L3=1358.96",15:15,1362.5,TIME_EXIT,WIN,5262.16,1.05,60.0,MEDIUM
2021-05-03,SBILIFE,LONG,09:20,927.5,539,499922.5,922.8625,940.0826530612245,2.71,"ADX-FILTER,BOLLINGER,CAMARILLA,DAILY-BIAS,DBL-BTM,FIRST-CANDLE,MACD,ORB-15,ORB-30,REL-STR,RSI-EXT,SR-BREAK,STOCHASTIC,SUPERTREND,VPOC",15,15.0,VPOC,VPOC: rejection below VPOC=928.61,09:50,940.0826530612245,TARGET_HIT,EXACT_WIN,6047.88,1.21,60.0,MEDIUM
2021-05-03,HDFCAMC,SHORT,09:15,1353.02,369,499264.38,1374.12,1310.8200000000002,2.0,"ADX-FILTER,DAILY-BIAS,FAILED-BO,OPEN-WEAK,PDH-PDL,PIN-BAR,REL-STR,SR-BREAK,STOCHASTIC,VWAP-STDDEV",10,10.0,SR-BREAK,SR-BREAK: breakdown below support 1353.02,15:15,1351.0,TIME_EXIT,WIN,17.9,0.0,60.0,MEDIUM
2021-05-04,GRAPHITE,LONG,09:15,746.8326530612245,669,499631.04,746.5142857142857,762.7510204081633,50.0,"CAMARILLA,DAILY-BIAS,FIRST-CANDLE,GAP-CONT,ORB-15,PDH-PDL,PIN-BAR,REL-STR,SR-BREAK,STOCHASTIC,VPOC,VWAP-REV,VWAP-STDDEV",13,13.0,VPOC,VPOC: breakout above VAH=746.83,09:35,762.7510204081633,TARGET_HIT,EXACT_WIN,9912.55,1.98,60.0,MEDIUM
2021-05-04,NAUKRI,SHORT,09:45,966.5,517,499680.5,982.0,935.5,2.0,"ADX-FILTER,BOLLINGER,CAMARILLA,FAILED-BO,FIRST-CANDLE,MACD,ORB-15,ORB-30,PDH-PDL,PIN-BAR,RISE-WEDGE,SR-BREAK,SUPERTREND",13,13.0,ORB-15,ORB-15: breakdown below 966.50,15:15,957.5,TIME_EXIT,WIN,3927.19,0.79,60.0,MEDIUM
2021-05-05,GRASIM,LONG,09:25,1436.8475,347,498586.08,1424.6237500000002,1485.7425,4.0,"CAMARILLA,DAILY-BIAS,EMA-CROSS,FIRST-CANDLE,INTRADAY-STRUCT,ORB-15,ORB-30,PDH-PDL,PIN-BAR,REL-STR,SR-BREAK,VPOC,VWAP-REV,VWAP-STDDEV",14,14.0,CAMARILLA,CAMARILLA: breakout above H4=1436.85,10:20,1424.6237500000002,STOP_HIT,LOSS,-4965.27,-1.0,60.0,MEDIUM
2021-05-05,TECHM,SHORT,12:20,917.7,544,499228.8,925.8,901.5000000000002,2.0,"BEAR-ENGULF,CAMARILLA,DAILY-BIAS,FAILED-BO,FIRST-CANDLE,MACD,ORB-15,ORB-30,PDH-PDL,PIN-BAR,SR-BREAK,STOCHASTIC,SUPERTREND,VPOC",14,14.0,ORB-15,ORB-15: breakdown below 917.70,15:15,915.3,TIME_EXIT,WIN,578.49,0.12,60.0,MEDIUM
2021-05-06,COALINDIA,LONG,09:45,125.3175,3989,499891.51,124.80875,127.35249999999999,4.0,"CAMARILLA,CPR,DAILY-BIAS,DBL-BTM,EMA-CROSS,FIRST-CANDLE,ORB-15,ORB-30,PDH-PDL,PIN-BAR,SR-BREAK,STOCHASTIC,VPOC",13,13.0,CAMARILLA,CAMARILLA: breakout above H4=125.32,11:20,124.80875,STOP_HIT,LOSS,-2756.56,-0.55,60.0,MEDIUM
2021-05-06,PVRINOX,SHORT,09:55,1105.25,452,499573.0,1119.55,1076.65,2.0,"BOLLINGER,CAMARILLA,DAILY-BIAS,FIRST-CANDLE,MACD,ORB-15,ORB-30,PIN-BAR,REL-STR,SR-BREAK,SUPERTREND,VWAP-REV,VWAP-STDDEV",13,13.0,ORB-15,ORB-15: breakdown below 1105.25,10:55,1119.55,STOP_HIT,LOSS,-7195.62,-1.44,60.0,MEDIUM
2021-05-07,HINDCOPPER,LONG,09:15,160.9,3107,499916.3,158.7,169.70000000000002,4.0,"CAMARILLA,CPR,DAILY-BIAS,FIRST-CANDLE,GAP-CONT,ORB-15,ORB-30,PDH-PDL,PIN-BAR,REL-STR,SR-BREAK,VOL-SPIKE,VPOC",13,13.0,CAMARILLA,CAMARILLA: breakout above H4=160.90,11:05,169.70000000000002,TARGET_HIT,EXACT_WIN,26591.16,5.32,60.0,MEDIUM
2021-05-07,MRF,SHORT,12:50,78110.85,6,468665.1,78770.0,76792.55000000002,2.0,"BOLLINGER,CAMARILLA,DAILY-BIAS,DESC-TRI,FIRST-CANDLE,MACD,ORB-15,ORB-30,PDH-PDL,REL-STR,SR-BREAK,STOCHASTIC,SUPERTREND,VPOC",14,14.0,ORB-15,ORB-15: breakdown below 78110.85,15:15,77537.0,TIME_EXIT,WIN,2758.88,0.59,60.0,MEDIUM
2021-05-10,COALINDIA,LONG,09:15,128.80749999999998,3881,499901.91,128.07874999999999,131.72249999999997,4.0,"ADX-FILTER,CAMARILLA,CPR,DAILY-BIAS,DBL-BTM,FIRST-CANDLE,INTRADAY-STRUCT,ORB-15,ORB-30,PDH-PDL,REL-STR,SR-BREAK,STOCHASTIC,VOL-SPIKE,VPOC",15,15.0,CAMARILLA,CAMARILLA: breakout above H4=128.81,09:30,131.72249999999997,TARGET_HIT,EXACT_WIN,10575.38,2.12,60.0,MEDIUM
2021-05-10,CROMPTON,SHORT,10:25,382.1,1308,499786.8,386.6,373.1,2.0,"ADX-FILTER,BOLLINGER,CAMARILLA,DAILY-BIAS,FAILED-BO,FIRST-CANDLE,INTRADAY-STRUCT,MACD,ORB-15,ORB-30,PIN-BAR,REL-STR,SR-BREAK,STOCHASTIC,SUPERTREND,VPOC",16,16.0,ORB-15,ORB-15: breakdown below 382.10,15:15,378.15,TIME_EXIT,WIN,4440.93,0.89,60.0,MEDIUM
2021-05-11,INDUSTOWER,LONG,09:15,257.4908163265306,1941,499789.67,257.1188775510204,259.6397959183673,5.78,"ADX-FILTER,CAMARILLA,CPR,DAILY-BIAS,DBL-BTM,FIRST-CANDLE,INTRADAY-STRUCT,ORB-15,PDH-PDL,PIN-BAR,REL-STR,SR-BREAK,STOCHASTIC,VPOC,VWAP-REV,VWAP-STDDEV",16,16.0,VPOC,VPOC: breakout above VAH=257.49,09:35,259.6397959183673,TARGET_HIT,EXACT_WIN,3439.24,0.69,60.0,MEDIUM
2021-05-11,HDFCLIFE,SHORT,13:20,672.1,743,499370.3,678.5,659.3000000000001,2.0,"ADX-FILTER,CPR,DAILY-BIAS,FAILED-BO,FIRST-CANDLE,ORB-30,PDH-PDL,REL-STR,STOCHASTIC,VWAP-STDDEV",10,10.0,ORB-30,ORB-30: breakdown below 672.10,15:15,671.0,TIME_EXIT,WIN,89.72,0.02,60.0,MEDIUM
2021-05-12,WOCKPHARMA,LONG,09:15,577.323469387755,866,499962.12,576.8908163265305,604.1479591836734,62.0,"BOLLINGER,BULL-FLAG,CAMARILLA,DAILY-BIAS,FIRST-CANDLE,GAP-CONT,INTRADAY-STRUCT,ORB-15,ORB-30,PDH-PDL,PIN-BAR,REL-STR,SR-BREAK,STOCHASTIC,VPOC",15,15.0,VPOC,VPOC: breakout above VAH=577.32,09:45,604.1479591836734,TARGET_HIT,EXACT_WIN,22482.76,4.5,60.0,MEDIUM
2021-05-12,CROMPTON,SHORT,12:35,372.05,1343,499663.15,375.75,364.65000000000003,2.0,"BOLLINGER,CAMARILLA,DAILY-BIAS,MACD,ORB-15,ORB-30,PDH-PDL,PIN-BAR,SR-BREAK,STOCHASTIC,SUPERTREND,VPOC",12,12.0,ORB-15,ORB-15: breakdown below 372.05,14:45,364.65000000000003,TARGET_HIT,EXACT_WIN,9215.43,1.84,60.0,MEDIUM
2021-05-14,TRENT,LONG,09:35,517.645,965,499527.42,513.8225,532.935,4.0,"BOLLINGER,CAMARILLA,DAILY-BIAS,EMA-CROSS,FIRST-CANDLE,INTRADAY-STRUCT,ORB-30,PDH-PDL,REL-STR,SR-BREAK,SUPERTREND,VPOC,VWAP-REV,VWAP-STDDEV",14,14.0,CAMARILLA,CAMARILLA: breakout above H4=517.64,11:30,513.8225,STOP_HIT,LOSS,-4414.06,-0.88,60.0,MEDIUM
2021-05-14,BHARATFORG,SHORT,10:25,656.2,761,499368.2,668.5,631.6000000000001,2.0,"ADX-FILTER,FIRST-CANDLE,MACD,ORB-15,ORB-30,PDH-PDL,PIN-BAR,REL-STR,STOCHASTIC,SUPERTREND,VPOC",11,11.0,ORB-15,ORB-15: breakdown below 656.20,15:15,648.35,TIME_EXIT,WIN,5249.22,1.05,60.0,MEDIUM
2021-05-17,BALKRISIND,LONG,10:25,1933.95,258,498959.1,1877.55,2046.7500000000002,2.0,"ADX-FILTER,DAILY-BIAS,FIRST-CANDLE,GAP-CONT,MACD,ORB-15,ORB-30,PDH-PDL,REL-STR,SR-BREAK,STOCHASTIC,SUPERTREND,VOL-SPIKE,VPOC",14,14.0,ORB-15,ORB-15: breakout above 1933.95 (range=56.40),10:35,2046.7500000000002,TARGET_HIT,EXACT_WIN,28351.87,5.68,60.0,MEDIUM
2021-05-17,TATACOMM,SHORT,11:15,1082.95,461,499239.95,1093.95,1060.95,2.0,"BOLLINGER,CAMARILLA,DAILY-BIAS,DESC-TRI,FAILED-BO,FIRST-CANDLE,MACD,ORB-15,ORB-30,PDH-PDL,PIN-BAR,SR-BREAK,STOCHASTIC,SUPERTREND",14,14.0,ORB-15,ORB-15: breakdown below 1082.95,15:15,1070.2,TIME_EXIT,WIN,5153.24,1.03,60.0,MEDIUM
2021-05-18,HINDZINC,LONG,09:15,318.0825,1571,499707.61,316.39124999999996,324.84749999999997,4.0,"CAMARILLA,DAILY-BIAS,DBL-BTM,EMA-CROSS,FIRST-CANDLE,GAP-CONT,INTRADAY-STRUCT,ORB-15,ORB-30,PDH-PDL,PIN-BAR,REL-STR,SR-BREAK,STOCHASTIC,VOL-SPIKE,VPOC",16,16.0,CAMARILLA,CAMARILLA: breakout above H4=318.08,09:20,324.84749999999997,TARGET_HIT,EXACT_WIN,9890.89,1.98,60.0,MEDIUM
2021-05-18,ESCORTS,SHORT,10:40,1158.15,431,499162.65,1166.45325,1113.1,5.43,"BEAR-ENGULF,BOLLINGER,CAMARILLA,DAILY-BIAS,FAILED-BO,FIRST-CANDLE,MACD,PIN-BAR,REL-STR,RSI-EXT,SUPERTREND,VWAP-REV,VWAP-STDDEV",13,13.0,FAILED-BO,"Failed BO: bull trap above 1159.10, reversed on vol 2.0×",11:10,1166.45325,STOP_HIT,LOSS,-4308.52,-0.86,60.0,MEDIUM
2021-05-19,INDUSINDBK,LONG,09:45,975.35,512,499379.2,968.8025587635223,988.4448824729556,2.0,"ASC-TRI,BOLLINGER,CAMARILLA,DAILY-BIAS,DBL-BTM,EMA-CROSS,FIRST-CANDLE,MACD,PIN-BAR,REL-STR,SR-BREAK,STOCHASTIC,SUPERTREND,VPOC",14,14.0,EMA-CROSS,"EMA-CROSS: 9EMA crossed above 21EMA, price above VWAP",10:20,968.8025587635223,STOP_HIT,LOSS,-4077.7,-0.82,60.0,MEDIUM
2021-05-19,BALRAMCHIN,SHORT,13:40,319.3,1565,499704.5,324.1755117286072,309.5489765427856,2.0,"ADX-FILTER,BOLLINGER,CAMARILLA,FIRST-CANDLE,MACD,PIN-BAR,REL-STR,RSI-EXT,SUPERTREND,VWAP-REV",10,10.0,SUPERTREND,"SUPERTREND: flipped bearish, ST=323.53",15:05,324.1755117286072,STOP_HIT,LOSS,-8363.05,-1.67,60.0,MEDIUM
2021-05-20,GLAND,LONG,09:20,3449.2683673469387,144,496694.64,3393.735204081632,3802.661224489796,6.36,"BOLLINGER,DAILY-BIAS,FIRST-CANDLE,MACD,PIN-BAR,REL-STR,RSI-EXT,SR-BREAK,STOCHASTIC,SUPERTREND,VPOC,VWAP-REV,VWAP-STDDEV",13,13.0,VPOC,VPOC: breakout above VAH=3449.27,09:30,3393.735204081632,STOP_HIT,LOSS,-8714.85,-1.75,60.0,MEDIUM
2021-05-20,CUMMINSIND,SHORT,12:05,859.0,582,499938.0,867.3149999999999,834.0,3.01,"ADX-FILTER,BEAR-ENGULF,BOLLINGER,CAMARILLA,DAILY-BIAS,FIRST-CANDLE,MACD,ORB-15,PDH-PDL,RSI-EXT,VWAP-REV,VWAP-STDDEV",12,12.0,BEAR-ENGULF,"Bear Engulf at resistance 858.00, vol 4.7×",15:15,848.0,TIME_EXIT,WIN,5676.83,1.14,60.0,MEDIUM
2021-05-21,VEDL,LONG,09:45,123.55,4046,499883.3,122.5,125.64999999999999,2.0,"BOLLINGER,CPR,DAILY-BIAS,EMA-CROSS,FIRST-CANDLE,MACD,ORB-15,ORB-30,PIN-BAR,RSI-EXT,STOCHASTIC,SUPERTREND,VPOC,VWAP-STDDEV",14,14.0,ORB-15,ORB-15: breakout above 123.55 (range=1.05),13:10,122.5,STOP_HIT,LOSS,-4973.69,-0.99,60.0,MEDIUM
2021-05-21,UPL,SHORT,09:40,732.3,682,499428.6,744.6017662308545,707.6964675382908,2.0,"BOLLINGER,CAMARILLA,FIRST-CANDLE,MACD,PIN-BAR,REL-STR,RSI-EXT,SR-BREAK,STOCHASTIC,SUPERTREND,VWAP-REV,VWAP-STDDEV",12,12.0,SUPERTREND,"SUPERTREND: flipped bearish, ST=743.12",13:40,744.6017662308545,STOP_HIT,LOSS,-9122.73,-1.83,60.0,MEDIUM
2021-05-24,PIDILITIND,LONG,09:15,995.534693877551,502,499758.42,993.4408163265306,1010.8897959183673,7.33,"ADX-FILTER,CAMARILLA,CPR,DAILY-BIAS,DBL-BTM,EMA-CROSS,FIRST-CANDLE,ORB-15,ORB-30,PDH-PDL,PIN-BAR,REL-STR,SR-BREAK,VOL-SPIKE,VPOC",15,15.0,VPOC,VPOC: breakout above VAH=995.53,09:50,1010.8897959183673,TARGET_HIT,EXACT_WIN,6973.58,1.4,60.0,MEDIUM
2021-05-24,BIOCON,SHORT,09:45,381.8,1309,499776.2,385.95,373.50000000000006,2.0,"ADX-FILTER,BEAR-ENGULF,CAMARILLA,DAILY-BIAS,FAILED-BO,FIRST-CANDLE,INTRADAY-STRUCT,PDH-PDL,PIN-BAR,SR-BREAK,STOCHASTIC",11,11.0,SR-BREAK,SR-BREAK: breakdown below support 381.80,15:15,383.9,TIME_EXIT,LOSS,-3479.08,-0.7,60.0,MEDIUM
2021-05-25,BHEL,LONG,12:00,73.3,6821,499979.3,72.7,74.49999999999999,2.0,"ADX-FILTER,CPR,DAILY-BIAS,EMA-CROSS,GAP-CONT,MACD,ORB-15,ORB-30,PDH-PDL,PIN-BAR,SR-BREAK,STOCHASTIC,VPOC,VWAP-STDDEV",14,14.0,ORB-15,ORB-15: breakout above 73.30 (range=0.60),14:25,74.49999999999999,TARGET_HIT,EXACT_WIN,7449.84,1.49,60.0,MEDIUM
2021-05-25,MUTHOOTFIN,SHORT,09:15,1274.7,392,499682.4,1288.4099999999999,1244.0,2.24,"ADX-FILTER,BEAR-ENGULF,BOLLINGER,CAMARILLA,FAILED-BO,FIRST-CANDLE,INTRADAY-STRUCT,MACD,ORB-15,ORB-30,PIN-BAR,SR-BREAK,SUPERTREND",13,13.0,FAILED-BO,"Failed BO: bull trap above 1274.80, reversed on vol 3.5×",15:15,1261.0,TIME_EXIT,WIN,4644.99,0.93,60.0,MEDIUM
2021-05-26,ZYDUSLIFE,LONG,09:35,625.0,800,500000.0,619.95,635.0999999999999,2.0,"ADX-FILTER,DAILY-BIAS,EMA-CROSS,FIRST-CANDLE,MACD,ORB-15,ORB-30,PDH-PDL,PIN-BAR,REL-STR,STOCHASTIC,SUPERTREND,VPOC",13,13.0,ORB-15,ORB-15: breakout above 625.00 (range=5.05),15:15,628.0,TIME_EXIT,WIN,1669.19,0.33,60.0,MEDIUM
2021-05-26,SHREECEM,SHORT,10:30,26935.1,18,484831.8,27157.62443090138,26490.05113819724,2.0,"BEAR-ENGULF,BOLLINGER,CAMARILLA,DAILY-BIAS,FIRST-CANDLE,INTRADAY-STRUCT,MACD,PDH-PDL,PIN-BAR,RSI-EXT,SR-BREAK,STOCHASTIC,SUPERTREND",13,13.0,SUPERTREND,"SUPERTREND: flipped bearish, ST=27103.42",13:50,27157.62443090138,STOP_HIT,LOSS,-4715.96,-0.97,60.0,MEDIUM
2021-05-27,AMBUJACEM,LONG,12:25,322.55,1550,499952.5,319.5,328.65000000000003,2.0,"BOLLINGER,CAMARILLA,DAILY-BIAS,DBL-BTM,FIRST-CANDLE,MACD,ORB-15,ORB-30,PDH-PDL,RSI-EXT,SR-BREAK,SUPERTREND,VPOC",13,13.0,ORB-15,ORB-15: breakout above 322.55 (range=3.05),13:40,328.65000000000003,TARGET_HIT,EXACT_WIN,8718.67,1.74,60.0,MEDIUM
2021-05-27,JINDALSTEL,SHORT,09:25,385.8,1296,499996.8,395.4155402090277,366.5689195819446,2.0,"CAMARILLA,DAILY-BIAS,FIRST-CANDLE,MACD,PDH-PDL,REL-STR,RSI-EXT,SR-BREAK,STOCHASTIC,SUPERTREND,VWAP-REV,VWAP-STDDEV",12,12.0,SUPERTREND,"SUPERTREND: flipped bearish, ST=394.63",12:20,395.4155402090277,STOP_HIT,LOSS,-13197.77,-2.64,60.0,MEDIUM
2021-05-28,HINDCOPPER,LONG,09:15,173.29999999999998,2885,499970.5,172.975,176.54999999999995,10.0,"ADX-FILTER,CAMARILLA,CPR,DAILY-BIAS,FIRST-CANDLE,GAP-CONT,INTRADAY-STRUCT,PDH-PDL,REL-STR,SR-BREAK,STOCHASTIC,VPOC,VWAP-REV,VWAP-STDDEV",14,14.0,VPOC,VPOC: breakout above VAH=173.30,09:20,176.54999999999995,TARGET_HIT,EXACT_WIN,8639.96,1.73,60.0,MEDIUM
2021-05-28,TITAN,SHORT,09:20,1603.3,311,498626.3,1615.98975,1568.0,2.78,"ADX-FILTER,BEAR-ENGULF,BOLLINGER,CAMARILLA,FAILED-BO,FIRST-CANDLE,MACD,ORB-30,RSI-EXT,STOCHASTIC,SUPERTREND",11,11.0,FAILED-BO,"Failed BO: bull trap above 1606.70, reversed on vol 3.3×",15:15,1577.9,TIME_EXIT,WIN,7176.88,1.44,60.0,MEDIUM
2021-05-31,HAVELLS,LONG,09:50,1026.9,486,499073.4,1011.0,1058.7000000000003,2.0,"BOLLINGER,CAMARILLA,DAILY-BIAS,EMA-CROSS,FIRST-CANDLE,INTRADAY-STRUCT,MACD,ORB-15,ORB-30,PDH-PDL,REL-STR,SR-BREAK,STOCHASTIC,SUPERTREND,VPOC",15,15.0,ORB-15,ORB-15: breakout above 1026.90 (range=15.90),15:15,1031.0,TIME_EXIT,WIN,1263.38,0.25,60.0,MEDIUM
2021-05-31,IEX,SHORT,09:15,121.05,4130,499936.5,121.65524999999998,119.64285714285714,2.32,"CAMARILLA,DAILY-BIAS,FAILED-BO,FIRST-CANDLE,MACD,ORB-30,PDH-PDL,PIN-BAR,REL-STR,SR-BREAK,SUPERTREND,VPOC",12,12.0,VPOC,VPOC: rejection at VPOC=120.83,09:25,119.64285714285714,TARGET_HIT,EXACT_WIN,5086.0,1.02,60.0,MEDIUM
2021-06-01,BALKRISIND,LONG,09:15,2231.9,224,499945.6,2123.55,2771.7250000000004,4.98,"ADX-FILTER,ASC-TRI,BULL-FLAG,CAMARILLA,DAILY-BIAS,FIRST-CANDLE,ORB-15,ORB-30,PDH-PDL,PIN-BAR,REL-STR,SR-BREAK,STOCHASTIC,VPOC,VWAP-REV,VWAP-STDDEV",16,16.0,ASC-TRI,Ascending Triangle: breakout above resistance 2207.99,15:15,2173.4,TIME_EXIT,LOSS,-13822.46,-2.76,60.0,MEDIUM
2021-06-01,IEX,SHORT,13:40,118.8,4208,499910.4,119.95,116.49999999999999,2.0,"ADX-FILTER,DAILY-BIAS,FIRST-CANDLE,ORB-15,ORB-30,PDH-PDL,PIN-BAR,REL-STR,SR-BREAK,STOCHASTIC,SUPERTREND,VPOC",12,12.0,ORB-15,ORB-15: breakdown below 118.80,15:15,117.35,TIME_EXIT,WIN,5376.3,1.08,60.0,MEDIUM
2021-06-02,MARICO,LONG,09:40,485.615,1029,499697.84,483.0575,495.845,4.0,"ADX-FILTER,ASC-TRI,CAMARILLA,CPR,DAILY-BIAS,DBL-BTM,FIRST-CANDLE,INTRADAY-STRUCT,ORB-30,PDH-PDL,REL-STR,SR-BREAK,STOCHASTIC,VPOC",14,14.0,CAMARILLA,CAMARILLA: breakout above H4=485.62,15:15,491.35,TIME_EXIT,WIN,5168.14,1.03,60.0,MEDIUM
2021-06-02,IEX,SHORT,10:45,117.65,4249,499894.85,119.15,114.65,2.0,"BOLLINGER,CAMARILLA,DAILY-BIAS,FIRST-CANDLE,MACD,ORB-15,ORB-30,PDH-PDL,PIN-BAR,RSI-EXT,SR-BREAK,SUPERTREND,VPOC",13,13.0,ORB-15,ORB-15: breakdown below 117.65,15:15,118.35,TIME_EXIT,LOSS,-3704.77,-0.74,60.0,MEDIUM
2021-06-03,DMART,LONG,09:35,3088.315,161,497218.72,3076.4075000000003,3135.945,4.0,"ADX-FILTER,ASC-TRI,BULL-FLAG,CAMARILLA,DAILY-BIAS,FIRST-CANDLE,INTRADAY-STRUCT,ORB-15,ORB-30,PDH-PDL,REL-STR,SR-BREAK,STOCHASTIC,VPOC",14,14.0,CAMARILLA,CAMARILLA: breakout above H4=3088.32,09:50,3135.945,TARGET_HIT,EXACT_WIN,6937.24,1.4,60.0,MEDIUM
2021-06-03,UNITDSPR,SHORT,09:55,614.15,814,499918.1,617.8,606.85,2.0,"ADX-FILTER,BEAR-ENGULF,CAMARILLA,FIRST-CANDLE,ORB-15,ORB-30,PDH-PDL,REL-STR,SR-BREAK,STOCHASTIC,SUPERTREND,VPOC",12,12.0,ORB-15,ORB-15: breakdown below 614.15,15:15,614.5,TIME_EXIT,LOSS,-1013.86,-0.2,60.0,MEDIUM
2021-06-04,BATAINDIA,LONG,12:50,1551.25,322,499502.5,1541.05,1571.65,2.0,"ADX-FILTER,CAMARILLA,DAILY-BIAS,EMA-CROSS,FIRST-CANDLE,INTRADAY-STRUCT,MACD,ORB-15,ORB-30,PIN-BAR,SR-BREAK,STOCHASTIC,SUPERTREND,VPOC",14,14.0,ORB-15,ORB-15: breakout above 1551.25 (range=10.20),15:15,1558.35,TIME_EXIT,WIN,1556.16,0.31,60.0,MEDIUM
2021-06-04,MGL,SHORT,11:15,1181.15,423,499626.45,1191.95,1159.5500000000002,2.0,"CAMARILLA,FIRST-CANDLE,MACD,ORB-15,ORB-30,PDH-PDL,PIN-BAR,REL-STR,SR-BREAK,STOCHASTIC,SUPERTREND,VPOC",12,12.0,ORB-15,ORB-15: breakdown below 1181.15,15:15,1182.85,TIME_EXIT,LOSS,-1447.91,-0.29,60.0,MEDIUM
2021-06-07,RPOWER,LONG,09:15,9.9,50505,499999.5,9.65,10.4,2.0,"ADX-FILTER,BOLLINGER,CAMARILLA,DAILY-BIAS,EMA-CROSS,FIRST-CANDLE,GAP-CONT,MACD,PDH-PDL,PIN-BAR,REL-STR,RSI-EXT,SUPERTREND,VPOC",14,14.0,GAP-CONT,"GAP-CONT: gap 2.5%, pullback to VWAP=9.90",09:20,9.65,STOP_HIT,LOSS,-13345.16,-2.67,60.0,MEDIUM
2021-06-07,FSL,SHORT,09:25,146.0,3424,499904.0,146.8,144.39999999999998,2.0,"BOLLINGER,CAMARILLA,FIRST-CANDLE,INTRADAY-STRUCT,MACD,REL-STR,RSI-EXT,STOCHASTIC,VPOC,VWAP-REV,VWAP-STDDEV",11,11.0,FIRST-CANDLE,FIRST-CANDLE: break below first candle low=146.00,09:35,146.8,STOP_HIT,LOSS,-3469.55,-0.69,60.0,MEDIUM
2021-06-08,BIOCON,LONG,09:15,391.64285714285717,1276,499736.29,391.0178571428571,397.7142857142858,9.71,"ADX-FILTER,CPR,DAILY-BIAS,DBL-BTM,FIRST-CANDLE,INTRADAY-STRUCT,MACD,ORB-15,ORB-30,PDH-PDL,REL-STR,SR-BREAK,VPOC",13,13.0,VPOC,VPOC: breakout above VAH=391.64,09:45,391.0178571428571,STOP_HIT,LOSS,-1525.42,-0.31,60.0,MEDIUM
2021-06-08,ADANIGREEN,SHORT,11:20,1257.0,397,499029.0,1278.0,1215.0,2.0,"CAMARILLA,FIRST-CANDLE,INTRADAY-STRUCT,MACD,ORB-15,ORB-30,PDH-PDL,REL-STR,SR-BREAK,STOCHASTIC,VPOC,VWAP-STDDEV",12,12.0,ORB-15,ORB-15: breakdown below 1257.00,15:15,1270.0,TIME_EXIT,LOSS,-5891.54,-1.18,60.0,MEDIUM
2021-06-09,INDUSINDBK,LONG,10:05,1031.2,484,499100.8,1025.15,1055.4,4.0,"ASC-TRI,BOLLINGER,CAMARILLA,DAILY-BIAS,EMA-CROSS,MACD,ORB-15,ORB-30,PDH-PDL,PIN-BAR,REL-STR,RSI-EXT,SR-BREAK,STOCHASTIC,SUPERTREND,VPOC,VWAP-REV,VWAP-STDDEV",18,18.0,CAMARILLA,CAMARILLA: breakout above H4=1031.20,12:55,1025.15,STOP_HIT,LOSS,-3653.57,-0.73,60.0,MEDIUM
2021-06-09,IPCALAB,SHORT,10:50,1021.1,489,499317.9,1026.7,1009.9,2.0,"ADX-FILTER,BEAR-ENGULF,BOLLINGER,CAMARILLA,DAILY-BIAS,MACD,ORB-15,ORB-30,RSI-EXT,SR-BREAK,SUPERTREND,VPOC",12,12.0,ORB-15,ORB-15: breakdown below 1021.10,15:15,1019.9,TIME_EXIT,LOSS,-140.84,-0.03,60.0,MEDIUM
2021-06-10,BATAINDIA,LONG,09:15,1581.3510204081633,316,499706.92,1578.24693877551,1604.8040816326532,7.56,"ADX-FILTER,CAMARILLA,DAILY-BIAS,EMA-CROSS,FIRST-CANDLE,INTRADAY-STRUCT,PDH-PDL,PIN-BAR,REL-STR,SR-BREAK,STOCHASTIC,VOL-SPIKE,VPOC",13,13.0,VPOC,VPOC: breakout above VAH=1581.35,09:20,1604.8040816326532,TARGET_HIT,EXACT_WIN,6676.79,1.34,60.0,MEDIUM
2021-06-10,BAJAJFINSV,SHORT,10:25,1167.2,428,499561.6,1176.8549999999998,1143.1,2.5,"BOLLINGER,CAMARILLA,DBL-TOP,FAILED-BO,MACD,PIN-BAR,RSI-EXT,STOCHASTIC,VPOC,VWAP-REV,VWAP-STDDEV",11,11.0,FAILED-BO,"Failed BO: bull trap above 1169.70, reversed on vol 1.6×",12:05,1176.8549999999998,STOP_HIT,LOSS,-4863.01,-0.97,60.0,MEDIUM
2021-06-11,MGL,LONG,09:15,1199.84,416,499133.44,1193.02,1227.1199999999997,4.0,"ASC-TRI,CAMARILLA,CPR,DAILY-BIAS,FIRST-CANDLE,INTRADAY-STRUCT,ORB-15,ORB-30,PDH-PDL,PIN-BAR,REL-STR,SR-BREAK,STOCHASTIC,VPOC",14,14.0,CAMARILLA,CAMARILLA: breakout above H4=1199.84,09:30,1193.02,STOP_HIT,LOSS,-3562.6,-0.71,60.0,MEDIUM
2021-06-11,GRAPHITE,SHORT,10:05,748.3,668,499864.4,755.4,734.0999999999999,2.0,"ADX-FILTER,CAMARILLA,FIRST-CANDLE,INTRADAY-STRUCT,MACD,ORB-15,ORB-30,PDH-PDL,REL-STR,SR-BREAK,STOCHASTIC,SUPERTREND",12,12.0,ORB-15,ORB-15: breakdown below 748.30,12:10,734.0999999999999,TARGET_HIT,EXACT_WIN,8762.3,1.75,60.0,MEDIUM
2021-06-14,TORNTPHARM,LONG,09:45,1439.25,347,499419.75,1419.5,1478.75,2.0,"BOLLINGER,CAMARILLA,DAILY-BIAS,INTRADAY-STRUCT,MACD,ORB-15,ORB-30,PDH-PDL,PIN-BAR,REL-STR,RSI-EXT,SR-BREAK,SUPERTREND,VOL-SPIKE,VPOC",15,15.0,ORB-15,ORB-15: breakout above 1439.25 (range=19.75),10:45,1478.75,TARGET_HIT,EXACT_WIN,12967.53,2.6,60.0,MEDIUM
2021-06-14,PETRONET,SHORT,09:25,212.5,2352,499800.0,215.43831363973615,206.6233727205277,2.0,"ADX-FILTER,BEAR-ENGULF,BOLLINGER,CAMARILLA,DAILY-BIAS,FIRST-CANDLE,MACD,PDH-PDL,REL-STR,SR-BREAK,STOCHASTIC,SUPERTREND,VPOC",13,13.0,SUPERTREND,"SUPERTREND: flipped bearish, ST=215.01",15:15,214.6,TIME_EXIT,LOSS,-5670.66,-1.13,60.0,MEDIUM
2021-06-15,HDFCLIFE,LONG,09:15,683.4785714285714,731,499622.84,681.8484693877551,692.1724489795918,5.33,"ADX-FILTER,CAMARILLA,CPR,DAILY-BIAS,DBL-BTM,EMA-CROSS,FIRST-CANDLE,ORB-15,ORB-30,PDH-PDL,REL-STR,SR-BREAK,STOCHASTIC,VPOC",14,14.0,VPOC,VPOC: breakout above VAH=683.48,14:05,692.1724489795918,TARGET_HIT,EXACT_WIN,5621.8,1.13,60.0,MEDIUM
2021-06-15,TORNTPHARM,SHORT,09:15,1497.5,333,498667.5,1511.5199999999998,1419.5,5.56,"BEAR-ENGULF,BOLLINGER,CPR,FAILED-BO,FIRST-CANDLE,INTRADAY-STRUCT,MACD,PIN-BAR,REL-STR,SUPERTREND",10,10.0,FAILED-BO,"Failed BO: bull trap above 1498.00, reversed on vol 6.9×",15:15,1463.75,TIME_EXIT,WIN,10518.08,2.11,60.0,MEDIUM
2021-06-16,FORTIS,LONG,13:30,234.3,2134,499996.2,231.75,239.40000000000003,2.0,"ADX-FILTER,BOLLINGER,DAILY-BIAS,DBL-BTM,FIRST-CANDLE,MACD,ORB-15,ORB-30,PIN-BAR,REL-STR,SR-BREAK,SUPERTREND,VPOC,VWAP-STDDEV",14,14.0,ORB-15,ORB-15: breakout above 234.30 (range=2.55),13:35,239.40000000000003,TARGET_HIT,EXACT_WIN,10145.88,2.03,60.0,MEDIUM
2021-06-16,BATAINDIA,SHORT,10:20,1634.5,305,498522.5,1645.9,1611.6999999999998,2.0,"BEAR-ENGULF,FAILED-BO,FIRST-CANDLE,OPEN-WEAK,ORB-15,ORB-30,PDH-PDL,REL-STR,SR-BREAK,STOCHASTIC,SUPERTREND,VPOC",12,12.0,ORB-15,ORB-15: breakdown below 1634.50,12:00,1645.9,STOP_HIT,LOSS,-4205.88,-0.84,60.0,MEDIUM
2021-06-17,BATAINDIA,LONG,09:35,1653.7,302,499417.4,1628.0,1705.1000000000001,2.0,"BOLLINGER,CAMARILLA,DAILY-BIAS,DBL-BTM,EMA-CROSS,FIRST-CANDLE,MACD,ORB-15,ORB-30,PDH-PDL,PIN-BAR,REL-STR,SR-BREAK,STOCHASTIC,SUPERTREND,VPOC",16,16.0,ORB-15,ORB-15: breakout above 1653.70 (range=25.70),15:15,1671.65,TIME_EXIT,WIN,4688.49,0.94,60.0,MEDIUM
2021-06-17,BAJAJ-AUTO,SHORT,09:15,4012.59,124,497561.16,4041.61,3954.55,2.0,"ADX-FILTER,CAMARILLA,DAILY-BIAS,FIRST-CANDLE,OPEN-WEAK,PDH-PDL,PIN-BAR,REL-STR,SR-BREAK,STOCHASTIC",10,10.0,SR-BREAK,SR-BREAK: breakdown below support 4012.59,14:00,3954.55,TARGET_HIT,EXACT_WIN,6475.49,1.3,60.0,MEDIUM
2021-06-18,BERGEPAINT,LONG,09:35,693.33,721,499890.93,688.215,713.7900000000001,4.0,"ASC-TRI,CAMARILLA,CPR,DAILY-BIAS,DBL-BTM,EMA-CROSS,FIRST-CANDLE,INTRADAY-STRUCT,MACD,PDH-PDL,PIN-BAR,REL-STR,SR-BREAK,SUPERTREND,VPOC,VWAP-REV,VWAP-STDDEV",17,17.0,CAMARILLA,CAMARILLA: breakout above H4=693.33,09:50,688.215,STOP_HIT,LOSS,-4413.76,-0.88,60.0,MEDIUM
2021-06-18,DEEPAKNTR,SHORT,09:15,1787.05,279,498586.95,1800.9599999999998,1749.75,2.68,"ADX-FILTER,BEAR-ENGULF,BOLLINGER,CAMARILLA,DAILY-BIAS,DBL-TOP,FAILED-BO,FIRST-CANDLE,MACD,ORB-15,ORB-30,PDH-PDL,PIN-BAR,SR-BREAK,STOCHASTIC,SUPERTREND,VPOC",17,17.0,FAILED-BO,"Failed BO: bull trap above 1789.45, reversed on vol 2.5×",09:55,1749.75,TARGET_HIT,EXACT_WIN,9685.67,1.94,60.0,MEDIUM
2021-06-21,AUBANK,LONG,09:20,510.7,979,499975.3,505.23571428571427,522.3785714285715,2.14,"ADX-FILTER,BOLLINGER,CAMARILLA,DAILY-BIAS,DBL-BTM,EMA-CROSS,FIRST-CANDLE,MACD,ORB-15,ORB-30,PDH-PDL,REL-STR,SR-BREAK,STOCHASTIC,SUPERTREND,VPOC",16,16.0,VPOC,VPOC: rejection below VPOC=511.02,10:05,522.3785714285715,TARGET_HIT,EXACT_WIN,10695.39,2.14,60.0,MEDIUM
2021-06-21,COLPAL,SHORT,13:45,1666.1,300,499830.0,1686.35,1625.6,2.0,"ADX-FILTER,DBL-TOP,FIRST-CANDLE,OPEN-WEAK,ORB-15,ORB-30,PDH-PDL,REL-STR,SR-BREAK,STOCHASTIC,VWAP-STDDEV",11,11.0,ORB-15,ORB-15: breakdown below 1666.10,15:15,1667.45,TIME_EXIT,LOSS,-1133.91,-0.23,60.0,MEDIUM
2021-06-22,SHREECEM,LONG,09:15,28273.908163265307,17,480656.44,28267.86785714286,28732.97142857143,76.0,"ADX-FILTER,ASC-TRI,CAMARILLA,CPR,DAILY-BIAS,FIRST-CANDLE,INTRADAY-STRUCT,ORB-15,ORB-30,PDH-PDL,REL-STR,SR-BREAK,STOCHASTIC,VPOC",14,14.0,VPOC,VPOC: breakout above VAH=28273.91,09:55,28732.97142857143,TARGET_HIT,EXACT_WIN,7095.36,1.48,60.0,MEDIUM
2021-06-22,MRF,SHORT,10:30,82000.0,6,492000.0,82500.0,81000.0,2.0,"BEAR-ENGULF,BOLLINGER,CAMARILLA,DAILY-BIAS,FAILED-BO,FIRST-CANDLE,MACD,ORB-15,ORB-30,REL-STR,STOCHASTIC,SUPERTREND,VWAP-STDDEV",13,13.0,ORB-15,ORB-15: breakdown below 82000.00,15:15,81783.95,TIME_EXIT,WIN,579.04,0.12,60.0,MEDIUM
2021-06-23,HSCL,LONG,09:40,57.85,8643,499997.55,56.35,60.85,2.0,"DAILY-BIAS,DBL-BTM,EMA-CROSS,FIRST-CANDLE,ORB-15,ORB-30,PDH-PDL,PIN-BAR,REL-STR,SR-BREAK,STOCHASTIC,SUPERTREND,VPOC",13,13.0,ORB-15,ORB-15: breakout above 57.85 (range=1.50),09:45,60.85,TARGET_HIT,EXACT_WIN,25179.57,5.04,60.0,MEDIUM
2021-06-23,MUTHOOTFIN,SHORT,09:45,1505.5,332,499826.0,1513.15,1490.1999999999998,2.0,"BEAR-ENGULF,CAMARILLA,FIRST-CANDLE,INTRADAY-STRUCT,MACD,ORB-15,ORB-30,PDH-PDL,PIN-BAR,SR-BREAK,SUPERTREND,VPOC",12,12.0,ORB-15,ORB-15: breakdown below 1505.50,14:20,1490.1999999999998,TARGET_HIT,EXACT_WIN,4353.83,0.87,60.0,MEDIUM
2021-06-24,HDFCLIFE,LONG,09:25,719.55,694,499367.7,715.1514249003122,728.3471501993754,2.0,"ADX-FILTER,BOLLINGER,CAMARILLA,DAILY-BIAS,DBL-BTM,EMA-CROSS,FIRST-CANDLE,MACD,PIN-BAR,REL-STR,SR-BREAK,SUPERTREND,VPOC,VWAP-STDDEV",14,14.0,EMA-CROSS,"EMA-CROSS: 9EMA crossed above 21EMA, price above VWAP",11:05,715.1514249003122,STOP_HIT,LOSS,-3778.24,-0.76,60.0,MEDIUM
2021-06-24,INDIGO,SHORT,10:25,1709.0,292,499028.0,1734.186090133244,1658.6278197335118,2.0,"ADX-FILTER,CAMARILLA,DAILY-BIAS,DBL-TOP,FAILED-BO,FIRST-CANDLE,MACD,PDH-PDL,SR-BREAK,STOCHASTIC,SUPERTREND,VPOC",12,12.0,SUPERTREND,"SUPERTREND: flipped bearish, ST=1730.72",15:15,1687.4,TIME_EXIT,WIN,5583.22,1.12,60.0,MEDIUM
2021-06-25,NAVINFLUOR,LONG,09:30,3475.1150000000002,143,496941.45,3445.0575,3595.3450000000007,4.0,"ADX-FILTER,ASC-TRI,CAMARILLA,CPR,DAILY-BIAS,DBL-BTM,FIRST-CANDLE,ORB-15,ORB-30,PDH-PDL,PIN-BAR,REL-STR,SR-BREAK,VOL-SPIKE,VPOC",15,15.0,CAMARILLA,CAMARILLA: breakout above H4=3475.12,11:30,3595.3450000000007,TARGET_HIT,EXACT_WIN,16454.54,3.31,60.0,MEDIUM
2021-06-25,POLYCAB,SHORT,13:50,1982.05,252,499476.6,1995.05,1956.05,2.0,"BEAR-ENGULF,BOLLINGER,CAMARILLA,FAILED-BO,FIRST-CANDLE,MACD,ORB-15,ORB-30,PDH-PDL,STOCHASTIC,SUPERTREND,VPOC",12,12.0,ORB-15,ORB-15: breakdown below 1982.05,13:55,1956.05,TARGET_HIT,EXACT_WIN,5827.55,1.17,60.0,MEDIUM
2021-06-28,UBL,LONG,09:40,1400.5175000000002,357,499984.75,1393.13375,1430.0525000000005,4.0,"ADX-FILTER,CAMARILLA,DAILY-BIAS,FIRST-CANDLE,INTRADAY-STRUCT,ORB-15,ORB-30,PDH-PDL,PIN-BAR,REL-STR,SR-BREAK,STOCHASTIC,SUPERTREND,VPOC",14,14.0,CAMARILLA,CAMARILLA: breakout above H4=1400.52,11:20,1430.0525000000005,TARGET_HIT,EXACT_WIN,9806.76,1.96,60.0,MEDIUM
2021-06-28,DIXON,SHORT,09:35,4484.0,111,497724.0,4554.44925991749,4343.10148016502,2.0,"ADX-FILTER,BOLLINGER,CAMARILLA,FIRST-CANDLE,INTRADAY-STRUCT,MACD,PDH-PDL,PIN-BAR,SR-BREAK,STOCHASTIC,SUPERTREND,VPOC",12,12.0,SUPERTREND,"SUPERTREND: flipped bearish, ST=4545.36",15:15,4475.05,TIME_EXIT,WIN,268.21,0.05,60.0,MEDIUM
2021-06-29,SUNPHARMA,LONG,09:40,678.95,736,499707.2,673.25,690.3500000000001,2.0,"BOLLINGER,CAMARILLA,CPR,DAILY-BIAS,EMA-CROSS,FIRST-CANDLE,MACD,ORB-15,PDH-PDL,PIN-BAR,REL-STR,SR-BREAK,STOCHASTIC,SUPERTREND,VPOC",15,15.0,ORB-15,ORB-15: breakout above 678.95 (range=5.70),15:15,678.05,TIME_EXIT,LOSS,-1390.39,-0.28,60.0,MEDIUM
2021-06-29,BRITANNIA,SHORT,11:10,3630.5,137,497378.5,3660.0,3571.5,2.0,"ADX-FILTER,BEAR-ENGULF,CPR,FIRST-CANDLE,OPEN-WEAK,ORB-15,ORB-30,PDH-PDL,PIN-BAR,REL-STR,SR-BREAK,STOCHASTIC,VWAP-STDDEV",13,13.0,ORB-15,ORB-15: breakdown below 3630.50,15:00,3660.0,STOP_HIT,LOSS,-4769.15,-0.96,60.0,MEDIUM
2021-06-30,CENTRALBK,LONG,09:35,26.5725,18816,499988.16,26.31125,27.617500000000003,4.0,"CAMARILLA,CPR,DAILY-BIAS,FIRST-CANDLE,ORB-15,ORB-30,PDH-PDL,PIN-BAR,REL-STR,SR-BREAK,STOCHASTIC,VOL-SPIKE,VPOC",13,13.0,CAMARILLA,CAMARILLA: breakout above H4=26.57,09:50,27.617500000000003,TARGET_HIT,EXACT_WIN,18918.26,3.78,60.0,MEDIUM
2021-06-30,HDFCAMC,SHORT,10:05,1443.5,346,499451.0,1454.0,1422.5,2.0,"CAMARILLA,DAILY-BIAS,DBL-TOP,FIRST-CANDLE,MACD,ORB-15,ORB-30,PDH-PDL,PIN-BAR,REL-STR,SR-BREAK,STOCHASTIC,SUPERTREND,VPOC",14,14.0,ORB-15,ORB-15: breakdown below 1443.50,15:15,1431.0,TIME_EXIT,WIN,3599.31,0.72,60.0,MEDIUM
2021-07-01,NAUKRI,LONG,09:20,996.725,501,499359.23,991.3625,1018.1750000000001,4.0,"ADX-FILTER,CAMARILLA,DAILY-BIAS,FIRST-CANDLE,INTRADAY-STRUCT,ORB-15,ORB-30,PDH-PDL,REL-STR,SR-BREAK,STOCHASTIC,VOL-SPIKE,VPOC",13,13.0,CAMARILLA,CAMARILLA: breakout above H4=996.73,09:40,1018.1750000000001,TARGET_HIT,EXACT_WIN,10009.91,2.0,60.0,MEDIUM
2021-07-01,ITC,SHORT,09:25,167.1,2992,499963.2,168.61,164.07999999999996,2.0,"ADX-FILTER,BEAR-ENGULF,CAMARILLA,DAILY-BIAS,DBL-TOP,FAILED-BO,FIRST-CANDLE,INTRADAY-STRUCT,PDH-PDL,PIN-BAR,RSI-EXT,SR-BREAK,STOCHASTIC,VWAP-STDDEV",14,14.0,SR-BREAK,SR-BREAK: breakdown below support 167.10,15:15,167.45,TIME_EXIT,LOSS,-1776.66,-0.36,60.0,MEDIUM
2021-07-02,PIIND,LONG,09:15,2917.8122448979593,171,498945.89,2917.445918367347,2936.8612244897963,52.0,"ADX-FILTER,ASC-TRI,CAMARILLA,CPR,DAILY-BIAS,FIRST-CANDLE,INTRADAY-STRUCT,ORB-15,ORB-30,PDH-PDL,PIN-BAR,REL-STR,SR-BREAK,VPOC",14,14.0,VPOC,VPOC: breakout above VAH=2917.81,09:25,2936.8612244897963,TARGET_HIT,EXACT_WIN,2527.32,0.51,60.0,MEDIUM
2021-07-02,KOTAKBANK,SHORT,10:45,342.5,1459,499707.5,345.45136401355245,336.5972719728951,2.0,"ADX-FILTER,CAMARILLA,CPR,DAILY-BIAS,DBL-TOP,DESC-TRI,FAILED-BO,FIRST-CANDLE,INTRADAY-STRUCT,MACD,SR-BREAK,SUPERTREND,VPOC",13,13.0,SUPERTREND,"SUPERTREND: flipped bearish, ST=344.76",15:15,342.8,TIME_EXIT,LOSS,-1166.46,-0.23,60.0,MEDIUM
2021-07-05,LALPATHLAB,LONG,10:10,1668.6,299,498911.4,1647.3,1711.1999999999998,2.0,"ADX-FILTER,ASC-TRI,CAMARILLA,CPR,DAILY-BIAS,DBL-BTM,FIRST-CANDLE,MACD,ORB-15,ORB-30,PIN-BAR,SR-BREAK,STOCHASTIC,SUPERTREND,VPOC",15,15.0,ORB-15,ORB-15: breakout above 1668.60 (range=21.30),15:15,1677.9,TIME_EXIT,WIN,2051.07,0.41,60.0,MEDIUM
2021-07-05,YESBANK,SHORT,09:30,13.5,37037,499999.5,14.039,11.474999999999998,3.76,"BEAR-ENGULF,CAMARILLA,DAILY-BIAS,DBL-TOP,DESC-TRI,FIRST-CANDLE,MACD,ORB-15,ORB-30,PDH-PDL,PIN-BAR,REL-STR,SR-BREAK,SUPERTREND",14,14.0,DESC-TRI,Descending Triangle: breakdown below support 13.51,15:15,13.45,TIME_EXIT,WIN,1124.0,0.22,60.0,MEDIUM
2021-07-06,SBILIFE,LONG,09:35,1017.35,491,499518.85,1006.1,1039.85,2.0,"ASC-TRI,BOLLINGER,CAMARILLA,DAILY-BIAS,EMA-CROSS,FIRST-CANDLE,MACD,ORB-15,ORB-30,PDH-PDL,PIN-BAR,REL-STR,SR-BREAK,SUPERTREND,VPOC",15,15.0,ORB-15,ORB-15: breakout above 1017.35 (range=11.25),15:15,1022.2,TIME_EXIT,WIN,1651.21,0.33,60.0,MEDIUM
2021-07-06,HDFCLIFE,SHORT,10:35,677.5,738,499995.0,680.85,670.8,2.0,"ADX-FILTER,BOLLINGER,CAMARILLA,DAILY-BIAS,FAILED-BO,MACD,ORB-15,ORB-30,STOCHASTIC,SUPERTREND",10,10.0,ORB-15,ORB-15: breakdown below 677.50,11:00,680.85,STOP_HIT,LOSS,-3202.62,-0.64,60.0,MEDIUM
2021-07-07,NESTLEIND,LONG,11:15,875.5,571,499910.5,868.0,890.5,2.0,"ADX-FILTER,CAMARILLA,EMA-CROSS,FIRST-CANDLE,MACD,ORB-15,ORB-30,PDH-PDL,REL-STR,SR-BREAK,STOCHASTIC,SUPERTREND,VPOC",13,13.0,ORB-15,ORB-15: breakout above 875.50 (range=7.50),15:15,885.6,TIME_EXIT,WIN,5033.75,1.01,60.0,MEDIUM
2021-07-07,WIPRO,SHORT,09:15,254.44,1965,499974.6,256.32,250.68,2.0,"ADX-FILTER,DAILY-BIAS,FAILED-BO,FIRST-CANDLE,OPEN-WEAK,PDH-PDL,REL-STR,SR-BREAK,STOCHASTIC,VPOC,VWAP-STDDEV",11,11.0,SR-BREAK,SR-BREAK: breakdown below support 254.44,11:20,256.32,STOP_HIT,LOSS,-4425.19,-0.89,60.0,MEDIUM
2021-07-08,SRF,LONG,09:15,1518.742857142857,329,499666.4,1513.675,1531.9499999999998,2.61,"ADX-FILTER,CAMARILLA,CPR,DAILY-BIAS,FIRST-CANDLE,INTRADAY-STRUCT,ORB-15,PDH-PDL,REL-STR,RSI-EXT,SR-BREAK,STOCHASTIC,VPOC,VWAP-STDDEV",14,14.0,VPOC,VPOC: breakout above VAH=1518.74,11:50,1513.675,STOP_HIT,LOSS,-2394.46,-0.48,60.0,MEDIUM
2021-07-08,GRASIM,SHORT,11:10,1480.1,337,498793.7,1492.25,1455.7999999999997,2.0,"ADX-FILTER,BEAR-ENGULF,FIRST-CANDLE,INTRADAY-STRUCT,MACD,ORB-15,ORB-30,PDH-PDL,REL-STR,RSI-EXT,SR-BREAK,STOCHASTIC,SUPERTREND,VPOC",14,14.0,ORB-15,ORB-15: breakdown below 1480.10,15:15,1469.65,TIME_EXIT,WIN,2796.4,0.56,60.0,MEDIUM
2021-07-09,GLAND,LONG,09:15,3571.8469387755104,139,496486.72,3570.658163265306,3624.15306122449,44.0,"ADX-FILTER,CAMARILLA,CPR,DAILY-BIAS,EMA-CROSS,FIRST-CANDLE,INTRADAY-STRUCT,ORB-15,ORB-30,PDH-PDL,REL-STR,SR-BREAK,STOCHASTIC,VPOC",14,14.0,VPOC,VPOC: breakout above VAH=3571.85,09:20,3624.15306122449,TARGET_HIT,EXACT_WIN,6540.67,1.32,60.0,MEDIUM
2021-07-09,TATACOMM,SHORT,11:35,1342.0,372,499224.0,1358.25,1309.5,2.0,"ADX-FILTER,CAMARILLA,FIRST-CANDLE,MACD,ORB-15,ORB-30,PDH-PDL,PIN-BAR,SR-BREAK,STOCHASTIC,SUPERTREND",11,11.0,ORB-15,ORB-15: breakdown below 1342.00,15:15,1331.4,TIME_EXIT,WIN,3217.6,0.64,60.0,MEDIUM
2021-07-12,ACC,LONG,09:15,2048.1,244,499736.4,2042.05,2072.2999999999997,4.0,"ASC-TRI,CAMARILLA,CPR,DAILY-BIAS,DBL-BTM,FIRST-CANDLE,INTRADAY-STRUCT,ORB-15,ORB-30,PDH-PDL,PIN-BAR,REL-STR,SR-BREAK,STOCHASTIC,VPOC",15,15.0,CAMARILLA,CAMARILLA: breakout above H4=2048.10,09:35,2072.2999999999997,TARGET_HIT,EXACT_WIN,5171.57,1.03,60.0,MEDIUM
2021-07-12,GLENMARK,SHORT,09:35,663.75,753,499803.75,670.7369999999999,646.5,2.47,"ADX-FILTER,BEAR-ENGULF,BOLLINGER,CAMARILLA,CPR,FIRST-CANDLE,MACD,ORB-30,PIN-BAR,REL-STR,RSI-EXT,SUPERTREND",12,12.0,BEAR-ENGULF,"Bear Engulf at resistance 667.75, vol 1.6×",15:15,657.0,TIME_EXIT,WIN,4357.01,0.87,60.0,MEDIUM
2021-07-13,COALINDIA,LONG,09:30,137.23,3643,499928.89,136.79,138.98999999999998,4.0,"ADX-FILTER,CAMARILLA,EMA-CROSS,FIRST-CANDLE,ORB-15,ORB-30,PDH-PDL,REL-STR,SR-BREAK,STOCHASTIC,VPOC,VWAP-STDDEV",12,12.0,CAMARILLA,CAMARILLA: breakout above H4=137.23,10:20,136.79,STOP_HIT,LOSS,-2330.46,-0.47,60.0,MEDIUM
2021-07-13,TATAELXSI,SHORT,13:50,4325.0,115,497375.0,4372.95,4229.1,2.0,"BEAR-ENGULF,CAMARILLA,FAILED-BO,FIRST-CANDLE,MACD,ORB-15,ORB-30,PDH-PDL,REL-STR,SR-BREAK,SUPERTREND,VPOC",12,12.0,ORB-15,ORB-15: breakdown below 4325.00,15:15,4304.0,TIME_EXIT,WIN,1691.05,0.34,60.0,MEDIUM
2021-07-14,ACC,LONG,09:25,2087.373469387755,239,498882.26,2084.99387755102,2099.487755102041,5.09,"ASC-TRI,BOLLINGER,CAMARILLA,DAILY-BIAS,DBL-BTM,EMA-CROSS,FIRST-CANDLE,MACD,ORB-15,PDH-PDL,SR-BREAK,SUPERTREND,VPOC,VWAP-STDDEV",14,14.0,VPOC,VPOC: breakout above VAH=2087.37,09:35,2084.99387755102,STOP_HIT,LOSS,-1295.66,-0.26,60.0,MEDIUM
2021-07-14,CONCOR,SHORT,12:25,542.9,920,499468.0,547.9,532.9,2.0,"ADX-FILTER,BOLLINGER,CAMARILLA,DAILY-BIAS,DBL-TOP,FIRST-CANDLE,INTRADAY-STRUCT,MACD,ORB-15,ORB-30,PDH-PDL,PIN-BAR,STOCHASTIC,SUPERTREND",14,14.0,ORB-15,ORB-15: breakdown below 542.90,15:15,541.75,TIME_EXIT,WIN,330.42,0.07,60.0,MEDIUM
2021-07-15,BAJAJFINSV,LONG,10:10,1307.9275,382,499628.3,1302.96375,1327.7825,4.0,"BOLLINGER,CAMARILLA,CPR,DAILY-BIAS,DBL-BTM,FIRST-CANDLE,INTRADAY-STRUCT,MACD,ORB-15,ORB-30,PDH-PDL,PIN-BAR,SR-BREAK,STOCHASTIC,VPOC",15,15.0,CAMARILLA,CAMARILLA: breakout above H4=1307.93,10:50,1302.96375,STOP_HIT,LOSS,-2623.05,-0.53,60.0,MEDIUM
2021-07-15,ZEEL,SHORT,10:45,209.01,2392,499951.92,210.43,206.16999999999996,2.0,"CAMARILLA,DAILY-BIAS,DBL-TOP,DESC-TRI,FIRST-CANDLE,INTRADAY-STRUCT,MACD,ORB-15,ORB-30,PDH-PDL,REL-STR,SR-BREAK,SUPERTREND,VPOC",14,14.0,ORB-15,ORB-15: breakdown below 209.01,11:35,206.16999999999996,TARGET_HIT,EXACT_WIN,6068.32,1.21,60.0,MEDIUM
2021-07-16,HFCL,LONG,09:15,74.7,6693,499967.1,73.5795,78.2625,3.18,"ADX-FILTER,BOLLINGER,CAMARILLA,DAILY-BIAS,EMA-CROSS,FIRST-CANDLE,GAP-FADE,MACD,REL-STR,RSI-EXT,SR-BREAK,SUPERTREND,VPOC",13,13.0,BOLLINGER,"BOLLINGER: price at lower band 76.59, RSI=0",09:20,78.2625,TARGET_HIT,EXACT_WIN,23096.07,4.62,60.0,MEDIUM
2021-07-16,IDFCFIRSTB,SHORT,10:00,53.3,9380,499954.0,55.348,44.625000000000014,4.24,"CAMARILLA,DAILY-BIAS,DESC-TRI,FIRST-CANDLE,INTRADAY-STRUCT,MACD,ORB-15,ORB-30,PDH-PDL,PIN-BAR,RSI-EXT,SR-BREAK,VWAP-REV",13,13.0,DESC-TRI,Descending Triangle: breakdown below support 53.31,15:15,54.0,TIME_EXIT,LOSS,-7298.6,-1.46,60.0,MEDIUM
2021-07-19,BIOCON,LONG,11:25,412.7,1211,499779.7,405.1,427.8999999999999,2.0,"BOLLINGER,CAMARILLA,DAILY-BIAS,EMA-CROSS,FIRST-CANDLE,INTRADAY-STRUCT,MACD,ORB-15,ORB-30,PDH-PDL,PIN-BAR,SR-BREAK,STOCHASTIC,SUPERTREND,VWAP-STDDEV",15,15.0,ORB-15,ORB-15: breakout above 412.70 (range=7.60),15:15,410.7,TIME_EXIT,LOSS,-3148.69,-0.63,60.0,MEDIUM
2021-07-19,SIEMENS,SHORT,09:15,1523.5,328,499708.0,1535.16,1500.1799999999998,2.0,"DAILY-BIAS,DBL-TOP,DESC-TRI,FIRST-CANDLE,INTRADAY-STRUCT,OPEN-WEAK,PDH-PDL,PIN-BAR,REL-STR,SR-BREAK,STOCHASTIC,VWAP-STDDEV",12,12.0,SR-BREAK,SR-BREAK: breakdown below support 1523.50,14:35,1500.1799999999998,TARGET_HIT,EXACT_WIN,6924.82,1.39,60.0,MEDIUM
2021-07-20,COLPAL,LONG,09:25,1768.845,282,498814.29,1761.7224999999999,1797.3350000000003,4.0,"ASC-TRI,CAMARILLA,DAILY-BIAS,DBL-BTM,FIRST-CANDLE,ORB-15,ORB-30,PDH-PDL,PIN-BAR,REL-STR,SR-BREAK,STOCHASTIC,VPOC",13,13.0,CAMARILLA,CAMARILLA: breakout above H4=1768.85,09:40,1761.7224999999999,STOP_HIT,LOSS,-2734.25,-0.55,60.0,MEDIUM
2021-07-20,COALINDIA,SHORT,09:20,134.35,3721,499916.35,140.49099999999999,115.875,3.01,"ADX-FILTER,DAILY-BIAS,DBL-TOP,DESC-TRI,FIRST-CANDLE,INTRADAY-STRUCT,MACD,ORB-15,ORB-30,PDH-PDL,PIN-BAR,SR-BREAK,STOCHASTIC",13,13.0,DESC-TRI,Descending Triangle: breakdown below support 134.71,15:15,133.2,TIME_EXIT,WIN,3552.8,0.71,60.0,MEDIUM
2021-07-22,GLAND,LONG,09:15,3875.7625,129,499973.36,3837.88125,4027.2874999999995,4.0,"ADX-FILTER,CAMARILLA,DAILY-BIAS,FIRST-CANDLE,GAP-CONT,INTRADAY-STRUCT,ORB-15,ORB-30,PDH-PDL,REL-STR,SR-BREAK,STOCHASTIC,VOL-SPIKE,VPOC",14,14.0,CAMARILLA,CAMARILLA: breakout above H4=3875.76,09:35,4027.2874999999995,TARGET_HIT,EXACT_WIN,18802.38,3.76,60.0,MEDIUM
2021-07-22,M&M,SHORT,10:55,759.2,658,499553.6,765.2604111797505,747.0791776404992,2.0,"ADX-FILTER,BOLLINGER,CAMARILLA,DAILY-BIAS,DBL-TOP,DESC-TRI,FIRST-CANDLE,INTRADAY-STRUCT,MACD,PIN-BAR,STOCHASTIC,SUPERTREND,VPOC",13,13.0,SUPERTREND,"SUPERTREND: flipped bearish, ST=763.73",15:15,759.15,TIME_EXIT,LOSS,-695.38,-0.14,60.0,MEDIUM
2021-07-23,JUBLFOOD,LONG,10:25,709.28,704,499333.12,695.915,762.74,4.0,"CAMARILLA,DAILY-BIAS,FIRST-CANDLE,ORB-15,ORB-30,PDH-PDL,PIN-BAR,REL-STR,SR-BREAK,STOCHASTIC,VOL-SPIKE,VPOC",12,12.0,CAMARILLA,CAMARILLA: breakout above H4=709.28,15:15,714.4,TIME_EXIT,WIN,2873.63,0.58,60.0,MEDIUM
2021-07-23,FEDERALBNK,SHORT,09:30,84.5,5917,499986.5,85.1,83.30000000000001,2.0,"BOLLINGER,CAMARILLA,DAILY-BIAS,FAILED-BO,FIRST-CANDLE,MACD,ORB-15,PDH-PDL,PIN-BAR,REL-STR,RSI-EXT,STOCHASTIC,SUPERTREND,VWAP-REV,VWAP-STDDEV",15,15.0,ORB-15,ORB-15: breakdown below 84.50,13:35,85.1,STOP_HIT,LOSS,-4281.12,-0.86,60.0,MEDIUM
2021-07-26,DMART,LONG,09:20,3424.4625,146,499971.53,3415.73125,3459.3875000000003,4.0,"ADX-FILTER,ASC-TRI,CAMARILLA,DAILY-BIAS,DBL-BTM,EMA-CROSS,FIRST-CANDLE,INTRADAY-STRUCT,ORB-15,ORB-30,PDH-PDL,PIN-BAR,REL-STR,SR-BREAK,STOCHASTIC,VPOC",16,16.0,CAMARILLA,CAMARILLA: breakout above H4=3424.46,09:35,3459.3875000000003,TARGET_HIT,EXACT_WIN,4366.14,0.87,60.0,MEDIUM
2021-07-26,INDHOTEL,SHORT,09:30,141.53,3532,499883.96,146.16,132.27,2.0,"BEAR-ENGULF,BOLLINGER,CAMARILLA,CPR,DBL-TOP,FAILED-BO,FIRST-CANDLE,MACD,REL-STR,SR-BREAK,VPOC,VWAP-STDDEV",12,12.0,SR-BREAK,SR-BREAK: breakdown below support 141.53,15:15,141.95,TIME_EXIT,LOSS,-2213.04,-0.44,60.0,MEDIUM
2021-07-27,ICICIPRULI,LONG,09:25,651.15,767,499432.05,644.4281064721954,664.5937870556091,2.0,"BOLLINGER,CAMARILLA,CPR,DAILY-BIAS,DBL-BTM,EMA-CROSS,FIRST-CANDLE,MACD,PDH-PDL,REL-STR,SR-BREAK,SUPERTREND,VPOC,VWAP-STDDEV",14,14.0,EMA-CROSS,"EMA-CROSS: 9EMA crossed above 21EMA, price above VWAP",13:10,644.4281064721954,STOP_HIT,LOSS,-5879.75,-1.18,60.0,MEDIUM
2021-07-27,HINDUNILVR,SHORT,09:50,2348.0,212,497776.0,2357.8,2328.3999999999996,2.0,"ADX-FILTER,BOLLINGER,CAMARILLA,CPR,DAILY-BIAS,DBL-TOP,MACD,ORB-15,ORB-30,PDH-PDL,PIN-BAR,RSI-EXT,SR-BREAK,STOCHASTIC",14,14.0,ORB-15,ORB-15: breakdown below 2348.00,15:15,2345.25,TIME_EXIT,LOSS,-142.54,-0.03,60.0,MEDIUM
2021-07-28,ZENSARTECH,LONG,10:45,401.0,1246,499646.0,398.6510204081633,418.54795918367347,7.47,"BOLLINGER,CAMARILLA,DAILY-BIAS,EMA-CROSS,MACD,ORB-15,ORB-30,PIN-BAR,RSI-EXT,SR-BREAK,SUPERTREND,VPOC,VWAP-REV,VWAP-STDDEV",14,14.0,VPOC,VPOC: rejection below VPOC=401.07,15:15,404.95,TIME_EXIT,WIN,4189.38,0.84,60.0,MEDIUM
2021-07-28,ADANIENT,SHORT,13:30,1363.4,366,499004.4,1376.3474999999999,1336.2,2.1,"ADX-FILTER,BEAR-ENGULF,BOLLINGER,CPR,DAILY-BIAS,FIRST-CANDLE,MACD,PIN-BAR,RSI-EXT,SR-BREAK,STOCHASTIC,SUPERTREND,VPOC,VWAP-REV",14,14.0,BEAR-ENGULF,"Bear Engulf at resistance 1381.10, vol 2.0×",15:15,1357.1,TIME_EXIT,WIN,1579.57,0.32,60.0,MEDIUM
2021-07-29,JSWSTEEL,LONG,09:15,723.9367346938775,690,499516.35,721.7418367346938,743.9346938775509,9.11,"CAMARILLA,DAILY-BIAS,DBL-BTM,FIRST-CANDLE,ORB-15,ORB-30,PDH-PDL,REL-STR,SR-BREAK,STOCHASTIC,VOL-SPIKE,VPOC",12,12.0,VPOC,VPOC: breakout above VAH=723.94,10:30,743.9346938775509,TARGET_HIT,EXACT_WIN,13059.42,2.61,60.0,MEDIUM
2021-07-29,HDFCLIFE,SHORT,09:15,666.6,750,499950.0,681.4975000000001,605.8999999999999,4.07,"BOLLINGER,CAMARILLA,DAILY-BIAS,DBL-TOP,DESC-TRI,FIRST-CANDLE,MACD,ORB-15,PIN-BAR,SR-BREAK,STOCHASTIC,SUPERTREND,VPOC",13,13.0,DESC-TRI,Descending Triangle: breakdown below support 668.70,15:15,662.65,TIME_EXIT,WIN,2235.35,0.45,60.0,MEDIUM
2021-07-30,INFY,LONG,09:15,1612.0,310,499720.0,1569.2489999999998,1706.0,2.2,"ASC-TRI,CAMARILLA,CPR,DAILY-BIAS,DBL-BTM,FIRST-CANDLE,MACD,PDH-PDL,PIN-BAR,REL-STR,SR-BREAK,STOCHASTIC,SUPERTREND,VPOC",14,14.0,ASC-TRI,Ascending Triangle: breakout above resistance 1590.55,15:15,1610.0,TIME_EXIT,LOSS,-1348.04,-0.27,60.0,MEDIUM
2021-07-30,ICICIGI,SHORT,11:30,1502.3,332,498763.6,1513.9,1479.0999999999997,2.0,"BEAR-ENGULF,BOLLINGER,DAILY-BIAS,FIRST-CANDLE,MACD,ORB-15,ORB-30,PIN-BAR,SR-BREAK,STOCHASTIC,SUPERTREND",11,11.0,ORB-15,ORB-15: breakdown below 1502.30,14:40,1479.0999999999997,TARGET_HIT,EXACT_WIN,6979.58,1.4,60.0,MEDIUM
2021-08-02,AMBUJACEM,LONG,12:20,417.115,1198,499703.77,414.5575,427.345,4.0,"ADX-FILTER,BULL-FLAG,CAMARILLA,CPR,DAILY-BIAS,EMA-CROSS,FIRST-CANDLE,ORB-15,ORB-30,PDH-PDL,PIN-BAR,REL-STR,SR-BREAK,SUPERTREND,VPOC",15,15.0,CAMARILLA,CAMARILLA: breakout above H4=417.12,15:15,418.0,TIME_EXIT,WIN,330.88,0.07,60.0,MEDIUM
2021-08-02,BAJAJ-AUTO,SHORT,09:25,3759.5,132,496254.0,3781.3124999999995,3661.0,4.52,"ADX-FILTER,BOLLINGER,CAMARILLA,DAILY-BIAS,FAILED-BO,FIRST-CANDLE,MACD,ORB-15,ORB-30,REL-STR,SR-BREAK,SUPERTREND",12,12.0,FAILED-BO,"Failed BO: bull trap above 3762.50, reversed on vol 2.0×",15:15,3748.0,TIME_EXIT,WIN,795.07,0.16,60.0,MEDIUM
2021-08-03,HCLTECH,LONG,11:30,1034.85,483,499832.55,1025.35,1053.85,2.0,"ADX-FILTER,BOLLINGER,CAMARILLA,DAILY-BIAS,DBL-BTM,EMA-CROSS,MACD,ORB-15,ORB-30,PDH-PDL,PIN-BAR,SR-BREAK,STOCHASTIC,VPOC",14,14.0,ORB-15,ORB-15: breakout above 1034.85 (range=9.50),15:15,1038.25,TIME_EXIT,WIN,912.22,0.18,60.0,MEDIUM
2021-08-03,DIXON,SHORT,12:40,4331.2,115,498088.0,4369.85,4253.899999999999,2.0,"DAILY-BIAS,FAILED-BO,FIRST-CANDLE,INTRADAY-STRUCT,MACD,ORB-15,ORB-30,PDH-PDL,REL-STR,SR-BREAK,SUPERTREND,VPOC",12,12.0,ORB-15,ORB-15: breakdown below 4331.20,15:15,4278.15,TIME_EXIT,WIN,5377.93,1.08,60.0,MEDIUM
2021-08-04,SHREECEM,LONG,09:15,29470.2225,16,471523.56,29334.11125,30014.6675,4.0,"CAMARILLA,CPR,DAILY-BIAS,DBL-BTM,EMA-CROSS,FIRST-CANDLE,ORB-15,PDH-PDL,PIN-BAR,REL-STR,SR-BREAK,STOCHASTIC,VPOC,VWAP-REV,VWAP-STDDEV",15,15.0,CAMARILLA,CAMARILLA: breakout above H4=29470.22,09:45,30014.6675,TARGET_HIT,EXACT_WIN,8014.14,1.7,60.0,MEDIUM
2021-08-04,PNB,SHORT,13:40,39.17,12764,499965.88,39.46,38.59,2.0,"BOLLINGER,DAILY-BIAS,FAILED-BO,FIRST-CANDLE,MACD,ORB-15,ORB-30,PDH-PDL,REL-STR,SR-BREAK,STOCHASTIC,SUPERTREND,VPOC,VWAP-STDDEV",14,14.0,ORB-15,ORB-15: breakdown below 39.17,14:35,38.59,TARGET_HIT,EXACT_WIN,6678.49,1.34,60.0,MEDIUM
2021-08-05,TCS,LONG,09:40,3280.0,152,498560.0,3263.7,3312.6000000000004,2.0,"DAILY-BIAS,DBL-BTM,FIRST-CANDLE,MACD,ORB-15,ORB-30,PDH-PDL,PIN-BAR,REL-STR,SR-BREAK,STOCHASTIC,SUPERTREND,VPOC",13,13.0,ORB-15,ORB-15: breakout above 3280.00 (range=16.30),09:50,3312.6000000000004,TARGET_HIT,EXACT_WIN,4224.33,0.85,60.0,MEDIUM
2021-08-05,TRENT,SHORT,11:45,614.7,813,499751.1,626.6,590.9000000000001,2.0,"BOLLINGER,CAMARILLA,FIRST-CANDLE,MACD,ORB-15,ORB-30,PDH-PDL,PIN-BAR,REL-STR,SR-BREAK,STOCHASTIC,SUPERTREND",12,12.0,ORB-15,ORB-15: breakdown below 614.70,15:15,603.0,TIME_EXIT,WIN,8788.97,1.76,60.0,MEDIUM
2021-08-06,BATAINDIA,LONG,09:40,1679.2225,297,498729.08,1666.3112500000002,1730.8675,4.0,"CAMARILLA,DAILY-BIAS,DBL-BTM,FIRST-CANDLE,ORB-15,ORB-30,PDH-PDL,PIN-BAR,REL-STR,SR-BREAK,STOCHASTIC,VPOC",12,12.0,CAMARILLA,CAMARILLA: breakout above H4=1679.22,10:15,1666.3112500000002,STOP_HIT,LOSS,-4558.78,-0.91,60.0,MEDIUM
2021-08-06,GLENMARK,SHORT,11:30,603.55,828,499739.4,607.5727499999999,591.5,3.0,"ADX-FILTER,CPR,DAILY-BIAS,FAILED-BO,FIRST-CANDLE,ORB-15,ORB-30,PDH-PDL,PIN-BAR,REL-STR,SR-BREAK,SUPERTREND,VPOC",13,13.0,FAILED-BO,"Failed BO: bull trap above 603.75, reversed on vol 2.0×",15:15,597.0,TIME_EXIT,WIN,4697.95,0.94,60.0,MEDIUM
2021-08-09,OFSS,LONG,09:15,3960.3,126,498997.8,3939.4,4043.9000000000005,4.0,"ADX-FILTER,BOLLINGER,CAMARILLA,DAILY-BIAS,EMA-CROSS,FIRST-CANDLE,INTRADAY-STRUCT,MACD,PIN-BAR,RSI-EXT,SR-BREAK,STOCHASTIC,SUPERTREND,VWAP-REV,VWAP-STDDEV",15,15.0,CAMARILLA,CAMARILLA: breakout above H4=3960.30,11:55,3939.4,STOP_HIT,LOSS,-3358.86,-0.67,60.0,MEDIUM
2021-08-09,MOTHERSON,SHORT,09:45,93.93,5323,499989.39,95.2,91.39000000000001,2.0,"ADX-FILTER,BOLLINGER,CAMARILLA,DAILY-BIAS,FIRST-CANDLE,MACD,ORB-15,ORB-30,PDH-PDL,REL-STR,SR-BREAK,STOCHASTIC,SUPERTREND",13,13.0,ORB-15,ORB-15: breakdown below 93.93,11:30,91.39000000000001,TARGET_HIT,EXACT_WIN,12799.25,2.56,60.0,MEDIUM
2021-08-10,ESCORTS,LONG,09:15,1210.280612244898,413,499845.89,1210.0357142857142,1232.321428571429,90.0,"ADX-FILTER,CAMARILLA,DAILY-BIAS,FIRST-CANDLE,INTRADAY-STRUCT,ORB-15,ORB-30,PDH-PDL,PIN-BAR,REL-STR,SR-BREAK,STOCHASTIC,VOL-SPIKE,VPOC",14,14.0,VPOC,VPOC: breakout above VAH=1210.28,09:20,1210.0357142857142,STOP_HIT,LOSS,-829.76,-0.17,60.0,MEDIUM
2021-08-10,HINDPETRO,SHORT,12:50,149.7,3340,499998.0,150.9,147.29999999999995,2.0,"BOLLINGER,DAILY-BIAS,DBL-TOP,FIRST-CANDLE,MACD,ORB-15,ORB-30,PDH-PDL,PIN-BAR,SR-BREAK,STOCHASTIC,SUPERTREND,VPOC",13,13.0,ORB-15,ORB-15: breakdown below 149.70,14:00,147.29999999999995,TARGET_HIT,EXACT_WIN,7291.68,1.46,60.0,MEDIUM
2021-08-11,VEDL,LONG,09:15,138.7825,3602,499894.57,137.36624999999998,144.44750000000002,4.0,"ADX-FILTER,CAMARILLA,DAILY-BIAS,FIRST-CANDLE,GAP-CONT,INTRADAY-STRUCT,ORB-30,PDH-PDL,PIN-BAR,REL-STR,SR-BREAK,VOL-SPIKE,VPOC,VWAP-REV,VWAP-STDDEV",15,15.0,CAMARILLA,CAMARILLA: breakout above H4=138.78,13:20,144.44750000000002,TARGET_HIT,EXACT_WIN,19660.41,3.93,60.0,MEDIUM
2021-08-11,DALBHARAT,SHORT,09:35,1905.35,262,499201.7,1931.55,1852.9499999999998,2.0,"BOLLINGER,CAMARILLA,DAILY-BIAS,FIRST-CANDLE,MACD,ORB-15,ORB-30,PDH-PDL,REL-STR,RSI-EXT,SR-BREAK,STOCHASTIC,SUPERTREND,VWAP-STDDEV",14,14.0,ORB-15,ORB-15: breakdown below 1905.35,15:15,1902.3,TIME_EXIT,WIN,71.74,0.01,60.0,MEDIUM
2021-08-12,MFSL,LONG,11:30,1066.95,468,499332.6,1035.25,1130.3500000000001,2.0,"BOLLINGER,CAMARILLA,CPR,DBL-BTM,EMA-CROSS,FIRST-CANDLE,MACD,ORB-15,ORB-30,PDH-PDL,REL-STR,SR-BREAK,STOCHASTIC,VPOC",14,14.0,ORB-15,ORB-15: breakout above 1066.95 (range=31.70),15:15,1079.25,TIME_EXIT,WIN,5023.84,1.01,60.0,MEDIUM
2021-08-12,SBICARD,SHORT,12:15,1031.95,484,499463.8,1039.1699999999998,995.0,5.12,"ADX-FILTER,BEAR-ENGULF,BOLLINGER,CPR,FAILED-BO,FIRST-CANDLE,INTRADAY-STRUCT,MACD,PIN-BAR,REL-STR,RSI-EXT,SR-BREAK,SUPERTREND,VWAP-STDDEV",14,14.0,FAILED-BO,"Failed BO: bull trap above 1032.00, reversed on vol 2.1×",15:15,1030.9,TIME_EXIT,LOSS,-219.69,-0.04,60.0,MEDIUM
2021-08-13,PVRINOX,LONG,11:50,1438.1125,347,499025.04,1421.40625,1504.9374999999998,4.0,"CAMARILLA,CPR,DAILY-BIAS,DBL-BTM,FIRST-CANDLE,MACD,ORB-15,ORB-30,PDH-PDL,PIN-BAR,SR-BREAK,STOCHASTIC,SUPERTREND,VPOC,VWAP-STDDEV",15,15.0,CAMARILLA,CAMARILLA: breakout above H4=1438.11,13:40,1421.40625,STOP_HIT,LOSS,-6520.06,-1.31,60.0,MEDIUM
2021-08-13,CIPLA,SHORT,09:40,903.0,553,499359.0,910.95,887.0999999999999,2.0,"CAMARILLA,DAILY-BIAS,FIRST-CANDLE,INTRADAY-STRUCT,MACD,OPEN-WEAK,ORB-15,ORB-30,PDH-PDL,PIN-BAR,REL-STR,SR-BREAK,STOCHASTIC",13,13.0,ORB-15,ORB-15: breakdown below 903.00,15:15,894.7,TIME_EXIT,WIN,3864.49,0.77,60.0,MEDIUM
2021-08-16,BSOFT,LONG,09:25,431.71020408163264,1158,499920.42,430.4744897959184,442.6551020408163,8.86,"BOLLINGER,CAMARILLA,DAILY-BIAS,DBL-BTM,EMA-CROSS,FIRST-CANDLE,MACD,PDH-PDL,PIN-BAR,REL-STR,SR-BREAK,STOCHASTIC,SUPERTREND,VPOC",14,14.0,VPOC,VPOC: breakout above VAH=431.71,09:40,430.4744897959184,STOP_HIT,LOSS,-2158.63,-0.43,60.0,MEDIUM
2021-08-16,HINDPETRO,SHORT,09:45,144.75,3454,499966.5,146.05,142.14999999999998,2.0,"BOLLINGER,CAMARILLA,DAILY-BIAS,DBL-TOP,FAILED-BO,FIRST-CANDLE,MACD,ORB-15,ORB-30,PDH-PDL,SR-BREAK,STOCHASTIC,SUPERTREND,VPOC,VWAP-STDDEV",15,15.0,ORB-15,ORB-15: breakdown below 144.75,11:55,146.05,STOP_HIT,LOSS,-5221.63,-1.04,60.0,MEDIUM
2021-08-17,LTTS,LONG,11:15,3830.85,83,317960.55,3472.1279999999997,4774.5,2.63,"ASC-TRI,CAMARILLA,DAILY-BIAS,DBL-BTM,FIRST-CANDLE,INTRADAY-STRUCT,MACD,ORB-15,ORB-30,PDH-PDL,PIN-BAR,REL-STR,SR-BREAK,STOCHASTIC,SUPERTREND,VPOC",16,16.0,ASC-TRI,Ascending Triangle: breakout above resistance 3787.75,15:15,3830.05,TIME_EXIT,LOSS,-547.06,-0.17,60.0,MEDIUM
2021-08-17,UPL,SHORT,12:55,741.5,674,499771.0,745.85,732.8,2.0,"ADX-FILTER,BOLLINGER,CAMARILLA,DAILY-BIAS,DBL-TOP,FIRST-CANDLE,MACD,ORB-15,ORB-30,PDH-PDL,PIN-BAR,REL-STR,SR-BREAK,STOCHASTIC,SUPERTREND",15,15.0,ORB-15,ORB-15: breakdown below 741.50,13:00,732.8,TARGET_HIT,EXACT_WIN,5138.55,1.03,60.0,MEDIUM
2021-08-18,UNITDSPR,LONG,09:15,663.6714285714286,753,499744.59,663.5086734693878,677.0173469387755,82.0,"ADX-FILTER,CAMARILLA,CPR,DAILY-BIAS,FIRST-CANDLE,ORB-15,ORB-30,PDH-PDL,REL-STR,SR-BREAK,STOCHASTIC,VOL-SPIKE,VPOC",13,13.0,VPOC,VPOC: breakout above VAH=663.67,09:25,663.5086734693878,STOP_HIT,LOSS,-851.02,-0.17,60.0,MEDIUM
2021-08-18,SBILIFE,SHORT,12:40,1135.0,440,499400.0,1146.4,1112.1999999999998,2.0,"ADX-FILTER,BOLLINGER,CAMARILLA,DBL-TOP,FIRST-CANDLE,MACD,ORB-15,ORB-30,PDH-PDL,PIN-BAR,RSI-EXT,STOCHASTIC,SUPERTREND",13,13.0,ORB-15,ORB-15: breakdown below 1135.00,12:50,1112.1999999999998,TARGET_HIT,EXACT_WIN,9309.64,1.86,60.0,MEDIUM
2021-08-20,ICICIPRULI,LONG,09:35,686.8,728,499990.4,678.1824319114471,704.0351361771056,2.0,"BOLLINGER,CAMARILLA,DAILY-BIAS,DBL-BTM,EMA-CROSS,FIRST-CANDLE,MACD,PIN-BAR,REL-STR,RSI-EXT,SR-BREAK,SUPERTREND,VWAP-REV,VWAP-STDDEV",14,14.0,EMA-CROSS,"EMA-CROSS: 9EMA crossed above 21EMA, price above VWAP",11:20,678.1824319114471,STOP_HIT,LOSS,-6997.52,-1.4,60.0,MEDIUM
2021-08-20,HINDPETRO,SHORT,12:20,142.7,3503,499878.1,143.75,140.59999999999997,2.0,"DAILY-BIAS,DBL-TOP,FIRST-CANDLE,OPEN-WEAK,ORB-15,ORB-30,PDH-PDL,PIN-BAR,REL-STR,SR-BREAK,STOCHASTIC",11,11.0,ORB-15,ORB-15: breakdown below 142.70,12:25,140.59999999999997,TARGET_HIT,EXACT_WIN,6631.76,1.33,60.0,MEDIUM
2021-08-23,TECHM,LONG,09:30,1370.1200000000001,364,498723.68,1356.81,1423.3600000000004,4.0,"BULL-FLAG,CAMARILLA,CPR,DAILY-BIAS,FIRST-CANDLE,GAP-CONT,ORB-15,ORB-30,PDH-PDL,PIN-BAR,REL-STR,SR-BREAK,STOCHASTIC,VPOC,VWAP-STDDEV",15,15.0,CAMARILLA,CAMARILLA: breakout above H4=1370.12,15:15,1361.5,TIME_EXIT,LOSS,-3862.37,-0.77,60.0,MEDIUM
2021-08-23,IOC,SHORT,13:20,51.47,9714,499979.58,52.19,50.03,2.0,"ADX-FILTER,CAMARILLA,DAILY-BIAS,DESC-TRI,FIRST-CANDLE,MACD,ORB-30,PDH-PDL,PIN-BAR,REL-STR,SR-BREAK,STOCHASTIC,SUPERTREND,VPOC",14,14.0,ORB-30,ORB-30: breakdown below 51.47,15:15,51.05,TIME_EXIT,WIN,3353.33,0.67,60.0,MEDIUM
2021-08-24,ESCORTS,LONG,10:00,1295.0,386,499870.0,1247.6,1389.8000000000002,2.0,"DAILY-BIAS,EMA-CROSS,FIRST-CANDLE,MACD,ORB-15,ORB-30,PDH-PDL,PIN-BAR,REL-STR,SR-BREAK,STOCHASTIC,SUPERTREND,VOL-SPIKE,VPOC",14,14.0,ORB-15,ORB-15: breakout above 1295.00 (range=47.40),15:15,1294.4,TIME_EXIT,LOSS,-960.15,-0.19,60.0,MEDIUM
2021-08-24,DRREDDY,SHORT,09:35,902.8,553,499248.4,910.4,887.5999999999999,2.0,"CAMARILLA,DAILY-BIAS,DBL-TOP,FIRST-CANDLE,MACD,ORB-15,ORB-30,PDH-PDL,PIN-BAR,REL-STR,RSI-EXT,SR-BREAK,STOCHASTIC",13,13.0,ORB-15,ORB-15: breakdown below 902.80,12:55,910.4,STOP_HIT,LOSS,-4933.09,-0.99,60.0,MEDIUM
2021-08-25,BALRAMCHIN,LONG,10:00,365.96500000000003,1366,499908.19,361.7575,382.7950000000001,4.0,"CAMARILLA,DAILY-BIAS,EMA-CROSS,FIRST-CANDLE,INTRADAY-STRUCT,MACD,ORB-15,ORB-30,PDH-PDL,REL-STR,SR-BREAK,STOCHASTIC,SUPERTREND,VPOC",14,14.0,CAMARILLA,CAMARILLA: breakout above H4=365.97,15:15,370.5,TIME_EXIT,WIN,5461.12,1.09,60.0,MEDIUM
2021-08-25,ACC,SHORT,12:15,2269.0,220,499180.0,2304.8,2197.3999999999996,2.0,"BEAR-ENGULF,CAMARILLA,DAILY-BIAS,FAILED-BO,FIRST-CANDLE,MACD,ORB-30,PIN-BAR,REL-STR,SR-BREAK,SUPERTREND,VPOC",12,12.0,ORB-30,ORB-30: breakdown below 2269.00,15:15,2265.75,TIME_EXIT,LOSS,-12.38,-0.0,60.0,MEDIUM
2021-08-26,LTTS,LONG,09:30,3921.877551020408,127,498078.45,3914.448979591837,4013.1428571428573,12.29,"ADX-FILTER,CAMARILLA,DAILY-BIAS,FIRST-CANDLE,GAP-CONT,INTRADAY-STRUCT,ORB-15,PDH-PDL,PIN-BAR,REL-STR,SR-BREAK,STOCHASTIC,VPOC,VWAP-REV,VWAP-STDDEV",15,15.0,VPOC,VPOC: breakout above VAH=3921.88,10:05,3914.448979591837,STOP_HIT,LOSS,-1668.97,-0.34,60.0,MEDIUM
2021-08-26,NTPC,SHORT,11:40,113.45,4407,499974.15,114.5,111.35000000000001,2.0,"ADX-FILTER,DAILY-BIAS,DBL-TOP,FIRST-CANDLE,OPEN-WEAK,ORB-15,ORB-30,PDH-PDL,PIN-BAR,REL-STR,SR-BREAK,STOCHASTIC",12,12.0,ORB-15,ORB-15: breakdown below 113.45,15:15,112.8,TIME_EXIT,WIN,2137.31,0.43,60.0,MEDIUM
2021-08-27,KPITTECH,LONG,09:40,321.0,1557,499797.0,316.2,330.6,2.0,"CAMARILLA,DAILY-BIAS,FIRST-CANDLE,INTRADAY-STRUCT,ORB-15,ORB-30,PDH-PDL,REL-STR,SR-BREAK,STOCHASTIC,SUPERTREND,VPOC",12,12.0,ORB-15,ORB-15: breakout above 321.00 (range=4.80),10:30,330.6,TARGET_HIT,EXACT_WIN,14206.73,2.84,60.0,MEDIUM
2021-08-27,PVRINOX,SHORT,09:45,1290.0,387,499230.0,1317.5,1235.0,2.0,"CAMARILLA,DAILY-BIAS,DBL-TOP,FAILED-BO,FIRST-CANDLE,MACD,ORB-30,PDH-PDL,PIN-BAR,REL-STR,SR-BREAK,STOCHASTIC,SUPERTREND,VWAP-REV,VWAP-STDDEV",15,15.0,ORB-30,ORB-30: breakdown below 1290.00,12:25,1317.5,STOP_HIT,LOSS,-11376.44,-2.28,60.0,MEDIUM
2021-08-30,SONACOMS,LONG,09:15,481.4975,1038,499794.41,478.34875,494.09250000000003,4.0,"ADX-FILTER,CAMARILLA,CPR,DAILY-BIAS,FIRST-CANDLE,GAP-CONT,INTRADAY-STRUCT,ORB-15,PDH-PDL,PIN-BAR,REL-STR,SR-BREAK,STOCHASTIC,VPOC",14,14.0,CAMARILLA,CAMARILLA: breakout above H4=481.50,09:20,494.09250000000003,TARGET_HIT,EXACT_WIN,12334.63,2.47,60.0,MEDIUM
2021-08-30,NESTLEIND,SHORT,09:45,994.5,502,499239.0,1004.7989999999999,964.665,2.9,"BOLLINGER,CAMARILLA,FAILED-BO,FIRST-CANDLE,MACD,ORB-15,ORB-30,PDH-PDL,REL-STR,RSI-EXT,SR-BREAK,STOCHASTIC,SUPERTREND,VPOC",14,14.0,FAILED-BO,"Failed BO: bull trap above 1005.00, reversed on vol 1.8×",15:15,988.7,TIME_EXIT,WIN,2185.39,0.44,60.0,MEDIUM
2021-08-31,UNITDSPR,LONG,09:20,715.9306122448979,698,499719.57,713.9255102040817,724.7530612244898,4.4,"CAMARILLA,DAILY-BIAS,EMA-CROSS,FIRST-CANDLE,INTRADAY-STRUCT,ORB-15,ORB-30,PDH-PDL,PIN-BAR,REL-STR,SR-BREAK,STOCHASTIC,VPOC,VWAP-STDDEV",14,14.0,VPOC,VPOC: breakout above VAH=715.93,09:25,713.9255102040817,STOP_HIT,LOSS,-2126.98,-0.43,60.0,MEDIUM
2021-08-31,MANAPPURAM,SHORT,10:00,161.0,3105,499905.0,162.25,158.5,2.0,"BEAR-ENGULF,BOLLINGER,DAILY-BIAS,FAILED-BO,FIRST-CANDLE,MACD,ORB-15,PDH-PDL,REL-STR,SR-BREAK,STOCHASTIC,SUPERTREND,VPOC",13,13.0,ORB-15,ORB-15: breakdown below 161.00,10:30,162.25,STOP_HIT,LOSS,-4612.25,-0.92,60.0,MEDIUM
2021-09-01,HAVELLS,LONG,09:30,1269.0295918367347,394,499997.66,1266.726020408163,1279.5602040816327,4.57,"CAMARILLA,DAILY-BIAS,DBL-BTM,FIRST-CANDLE,INTRADAY-STRUCT,MACD,ORB-15,ORB-30,PDH-PDL,REL-STR,SR-BREAK,STOCHASTIC,SUPERTREND,VPOC",14,14.0,VPOC,VPOC: breakout above VAH=1269.03,09:35,1279.5602040816327,TARGET_HIT,EXACT_WIN,3416.87,0.68,60.0,MEDIUM
2021-09-01,ITC,SHORT,09:20,174.4,2866,499830.4,175.97549999999998,170.9,2.22,"ADX-FILTER,BEAR-ENGULF,BOLLINGER,CAMARILLA,FAILED-BO,FIRST-CANDLE,INTRADAY-STRUCT,MACD,ORB-15,ORB-30,PIN-BAR,SUPERTREND",12,12.0,FAILED-BO,"Failed BO: bull trap above 174.45, reversed on vol 2.2×",15:15,172.85,TIME_EXIT,WIN,3716.16,0.74,60.0,MEDIUM
2021-09-02,ICICIPRULI,LONG,11:50,664.2,752,499478.4,651.0,690.6000000000001,2.0,"ADX-FILTER,CAMARILLA,DAILY-BIAS,EMA-CROSS,FIRST-CANDLE,MACD,ORB-15,ORB-30,PDH-PDL,PIN-BAR,REL-STR,SR-BREAK,STOCHASTIC,SUPERTREND,VPOC",15,15.0,ORB-15,ORB-15: breakout above 664.20 (range=13.20),15:15,675.65,TIME_EXIT,WIN,7875.38,1.58,60.0,MEDIUM
2021-09-02,MPHASIS,SHORT,13:50,2763.0,180,497340.0,2778.5234999999993,2707.1,3.6,"BOLLINGER,CAMARILLA,FAILED-BO,FIRST-CANDLE,INTRADAY-STRUCT,MACD,PIN-BAR,REL-STR,STOCHASTIC,SUPERTREND,VPOC",11,11.0,FAILED-BO,"Failed BO: bull trap above 2763.60, reversed on vol 2.2×",14:00,2778.5234999999993,STOP_HIT,LOSS,-3521.11,-0.71,60.0,MEDIUM
2021-09-03,RECLTD,LONG,09:25,115.8075,4317,499940.98,115.35375,117.6225,4.0,"CAMARILLA,CPR,DAILY-BIAS,FIRST-CANDLE,INTRADAY-STRUCT,ORB-15,PDH-PDL,PIN-BAR,REL-STR,SR-BREAK,STOCHASTIC,VPOC,VWAP-STDDEV",13,13.0,CAMARILLA,CAMARILLA: breakout above H4=115.81,10:30,115.35375,STOP_HIT,LOSS,-2686.12,-0.54,60.0,MEDIUM
2021-09-03,MANAPPURAM,SHORT,10:00,164.85,3033,499990.05,166.0,162.54999999999998,2.0,"BEAR-ENGULF,BOLLINGER,CAMARILLA,DAILY-BIAS,FAILED-BO,FIRST-CANDLE,MACD,ORB-15,ORB-30,PIN-BAR,REL-STR,STOCHASTIC,SUPERTREND",13,13.0,ORB-15,ORB-15: breakdown below 164.85,15:15,163.75,TIME_EXIT,WIN,2609.31,0.52,60.0,MEDIUM
2021-09-06,ASTRAL,LONG,09:35,1605.25,311,499232.75,1583.45,1648.85,2.0,"DAILY-BIAS,DBL-BTM,EMA-CROSS,FIRST-CANDLE,ORB-15,PDH-PDL,PIN-BAR,REL-STR,SR-BREAK,STOCHASTIC,SUPERTREND,VPOC,VWAP-STDDEV",13,13.0,ORB-15,ORB-15: breakout above 1605.25 (range=21.80),15:15,1594.0,TIME_EXIT,LOSS,-4223.84,-0.85,60.0,MEDIUM
2021-09-06,BHARTIARTL,SHORT,12:40,647.35,772,499754.2,652.15,637.7500000000001,2.0,"ADX-FILTER,BOLLINGER,CAMARILLA,FAILED-BO,FIRST-CANDLE,MACD,ORB-15,ORB-30,REL-STR,SR-BREAK,STOCHASTIC,SUPERTREND,VPOC,VWAP-STDDEV",14,14.0,ORB-15,ORB-15: breakdown below 647.35,15:15,642.5,TIME_EXIT,WIN,3017.77,0.6,60.0,MEDIUM
2021-09-07,LINDEINDIA,LONG,12:00,2552.65,195,497766.75,2511.75,2634.4500000000003,2.0,"BOLLINGER,CAMARILLA,DAILY-BIAS,GAP-CONT,MACD,ORB-15,ORB-30,PDH-PDL,SR-BREAK,STOCHASTIC,SUPERTREND,VPOC,VWAP-REV,VWAP-STDDEV",14,14.0,ORB-15,ORB-15: breakout above 2552.65 (range=40.90),12:05,2634.4500000000003,TARGET_HIT,EXACT_WIN,15212.51,3.06,60.0,MEDIUM
2021-09-07,DMART,SHORT,11:20,3911.0,127,496697.0,3959.9,3813.2,2.0,"ADX-FILTER,BEAR-ENGULF,CAMARILLA,FAILED-BO,FIRST-CANDLE,MACD,ORB-15,ORB-30,PDH-PDL,PIN-BAR,SR-BREAK,STOCHASTIC,SUPERTREND",13,13.0,ORB-15,ORB-15: breakdown below 3911.00,12:40,3959.9,STOP_HIT,LOSS,-6938.26,-1.4,60.0,MEDIUM
2021-09-08,PIIND,LONG,09:15,3378.0020408163264,148,499944.3,3367.5183673469387,3431.373469387755,5.09,"ADX-FILTER,CAMARILLA,CPR,DAILY-BIAS,FIRST-CANDLE,ORB-15,ORB-30,PDH-PDL,PIN-BAR,REL-STR,SR-BREAK,STOCHASTIC,VPOC,VWAP-REV,VWAP-STDDEV",15,15.0,VPOC,VPOC: breakout above VAH=3378.00,09:40,3431.373469387755,TARGET_HIT,EXACT_WIN,7163.88,1.43,60.0,MEDIUM
2021-09-08,M&M,SHORT,12:20,752.8,664,499859.2,758.6909293412979,741.0181413174041,2.0,"ADX-FILTER,BOLLINGER,DAILY-BIAS,DBL-TOP,FAILED-BO,MACD,PIN-BAR,RSI-EXT,SR-BREAK,SUPERTREND,VPOC,VWAP-STDDEV",12,12.0,SUPERTREND,"SUPERTREND: flipped bearish, ST=757.18",15:15,755.25,TIME_EXIT,LOSS,-2356.45,-0.47,60.0,MEDIUM
2021-09-09,HINDPETRO,LONG,09:15,155.36326530612243,3218,499958.99,154.72346938775507,157.78775510204076,3.79,"CPR,DAILY-BIAS,EMA-CROSS,FIRST-CANDLE,ORB-15,ORB-30,PDH-PDL,REL-STR,SR-BREAK,STOCHASTIC,VPOC,VWAP-STDDEV",12,12.0,VPOC,VPOC: breakout above VAH=155.36,11:00,154.72346938775507,STOP_HIT,LOSS,-2786.09,-0.56,60.0,MEDIUM
2021-09-09,CHOLAFIN,SHORT,11:10,572.0,874,499928.0,577.0,562.0,2.0,"CPR,FIRST-CANDLE,MACD,ORB-15,ORB-30,PDH-PDL,PIN-BAR,REL-STR,SR-BREAK,STOCHASTIC,SUPERTREND,VPOC",12,12.0,ORB-15,ORB-15: breakdown below 572.00,12:15,562.0,TARGET_HIT,EXACT_WIN,8016.18,1.6,60.0,MEDIUM
2021-09-13,LINDEINDIA,LONG,09:40,2565.85,194,497774.9,2544.675,2650.5499999999997,4.0,"ADX-FILTER,CAMARILLA,DAILY-BIAS,EMA-CROSS,FIRST-CANDLE,MACD,ORB-15,ORB-30,PDH-PDL,PIN-BAR,REL-STR,SR-BREAK,SUPERTREND,VPOC",14,14.0,CAMARILLA,CAMARILLA: breakout above H4=2565.85,15:05,2650.5499999999997,TARGET_HIT,EXACT_WIN,15692.91,3.15,60.0,MEDIUM
2021-09-13,HAVELLS,SHORT,09:15,1453.55,343,498567.65,1467.4004999999997,1414.75,2.8,"ADX-FILTER,BEAR-ENGULF,BOLLINGER,CPR,FAILED-BO,FIRST-CANDLE,INTRADAY-STRUCT,MACD,PIN-BAR,REL-STR,SUPERTREND,VWAP-STDDEV",12,12.0,FAILED-BO,"Failed BO: bull trap above 1459.80, reversed on vol 5.9×",15:15,1449.75,TIME_EXIT,WIN,577.19,0.12,60.0,MEDIUM
2021-09-14,BEL,LONG,09:30,65.8,7598,499948.4,64.95,67.49999999999999,2.0,"ADX-FILTER,CAMARILLA,DAILY-BIAS,EMA-CROSS,FIRST-CANDLE,MACD,ORB-15,ORB-30,PDH-PDL,PIN-BAR,REL-STR,SR-BREAK,STOCHASTIC,SUPERTREND,VPOC",15,15.0,ORB-15,ORB-15: breakout above 65.80 (range=0.85),14:05,67.49999999999999,TARGET_HIT,EXACT_WIN,12177.53,2.44,60.0,MEDIUM
2021-09-14,ADANIENT,SHORT,10:20,1489.3,335,498915.5,1498.5,1470.8999999999999,2.0,"ADX-FILTER,BOLLINGER,CAMARILLA,FIRST-CANDLE,MACD,ORB-15,ORB-30,PDH-PDL,PIN-BAR,SR-BREAK,SUPERTREND,VPOC",12,12.0,ORB-15,ORB-15: breakdown below 1489.30,10:30,1470.8999999999999,TARGET_HIT,EXACT_WIN,5440.09,1.09,60.0,MEDIUM
2021-09-15,TATAELXSI,LONG,09:15,5023.412499999999,99,497317.84,4999.28125,5119.937499999999,4.0,"ASC-TRI,CAMARILLA,DAILY-BIAS,DBL-BTM,FIRST-CANDLE,ORB-15,PDH-PDL,PIN-BAR,REL-STR,SR-BREAK,STOCHASTIC,VOL-SPIKE,VPOC",13,13.0,CAMARILLA,CAMARILLA: breakout above H4=5023.41,09:35,5119.937499999999,TARGET_HIT,EXACT_WIN,8823.16,1.77,60.0,MEDIUM
2021-09-15,GRANULES,SHORT,10:50,336.95,1483,499696.85,339.23774999999995,324.35,5.51,"ADX-FILTER,BEAR-ENGULF,BOLLINGER,CPR,FAILED-BO,FIRST-CANDLE,INTRADAY-STRUCT,ORB-30,REL-STR,SUPERTREND,VWAP-STDDEV",11,11.0,FAILED-BO,"Failed BO: bull trap above 337.00, reversed on vol 3.8×",15:15,333.05,TIME_EXIT,WIN,5058.51,1.01,60.0,MEDIUM
2021-09-16,MCX,LONG,09:45,327.0,1529,499983.0,320.0,341.0,2.0,"CAMARILLA,DAILY-BIAS,DBL-BTM,EMA-CROSS,FIRST-CANDLE,MACD,ORB-15,ORB-30,PDH-PDL,PIN-BAR,REL-STR,SR-BREAK,STOCHASTIC,SUPERTREND,VPOC",15,15.0,ORB-15,ORB-15: breakout above 327.00 (range=7.00),15:15,327.0,TIME_EXIT,LOSS,-728.89,-0.15,60.0,MEDIUM
2021-09-16,NAVINFLUOR,SHORT,12:10,4001.0,124,496124.0,4020.0,3963.0,2.0,"BEAR-ENGULF,FAILED-BO,FIRST-CANDLE,MACD,ORB-15,ORB-30,PDH-PDL,PIN-BAR,SR-BREAK,STOCHASTIC,SUPERTREND,VPOC",12,12.0,ORB-15,ORB-15: breakdown below 4001.00,15:05,4020.0,STOP_HIT,LOSS,-3080.97,-0.62,60.0,MEDIUM
2021-09-17,INDIGO,LONG,09:15,1994.6799999999998,250,498670.0,1983.24,2040.4399999999996,4.0,"ADX-FILTER,BULL-FLAG,CAMARILLA,DAILY-BIAS,FIRST-CANDLE,GAP-CONT,ORB-15,ORB-30,PDH-PDL,REL-STR,SR-BREAK,VOL-SPIKE,VPOC",13,13.0,CAMARILLA,CAMARILLA: breakout above H4=1994.68,10:00,2040.4399999999996,TARGET_HIT,EXACT_WIN,10703.85,2.15,60.0,MEDIUM
2021-09-17,NATIONALUM,SHORT,09:40,94.04,5316,499916.64,96.0,90.12000000000002,2.0,"BOLLINGER,CAMARILLA,FAILED-BO,FIRST-CANDLE,MACD,ORB-15,PDH-PDL,PIN-BAR,REL-STR,RISE-WEDGE,SR-BREAK,STOCHASTIC,SUPERTREND,VPOC",14,14.0,ORB-15,ORB-15: breakdown below 94.04,15:15,92.77,TIME_EXIT,WIN,6026.38,1.21,60.0,MEDIUM
2021-09-20,PVRINOX,LONG,09:35,1408.6122448979593,354,498648.73,1403.9989795918368,1441.3244897959185,7.09,"CAMARILLA,DAILY-BIAS,FIRST-CANDLE,MACD,ORB-15,ORB-30,PDH-PDL,PIN-BAR,REL-STR,SR-BREAK,STOCHASTIC,VOL-SPIKE,VPOC",13,13.0,VPOC,VPOC: breakout above VAH=1408.61,09:50,1441.3244897959185,TARGET_HIT,EXACT_WIN,10843.9,2.17,60.0,MEDIUM
2021-09-20,SHREECEM,SHORT,09:35,30259.5,16,484152.0,30500.8,29776.9,2.0,"DBL-TOP,FIRST-CANDLE,INTRADAY-STRUCT,MACD,ORB-15,PDH-PDL,REL-STR,SR-BREAK,STOCHASTIC,SUPERTREND,VPOC,VWAP-STDDEV",12,12.0,ORB-15,ORB-15: breakdown below 30259.50,10:25,30500.8,STOP_HIT,LOSS,-4570.31,-0.94,60.0,MEDIUM
2021-09-21,ONGC,LONG,09:25,117.6225,4250,499895.62,116.53625000000001,121.9675,4.0,"CAMARILLA,CPR,DAILY-BIAS,FIRST-CANDLE,GAP-CONT,INTRADAY-STRUCT,ORB-15,ORB-30,PDH-PDL,PIN-BAR,REL-STR,SR-BREAK,STOCHASTIC,VOL-SPIKE,VPOC",15,15.0,CAMARILLA,CAMARILLA: breakout above H4=117.62,12:40,121.9675,TARGET_HIT,EXACT_WIN,17722.86,3.55,60.0,MEDIUM
2021-09-21,GLAND,SHORT,10:15,3862.0,129,498198.0,3936.85,3712.3,2.0,"BEAR-ENGULF,CAMARILLA,DAILY-BIAS,FIRST-CANDLE,MACD,ORB-15,ORB-30,PDH-PDL,PIN-BAR,SR-BREAK,STOCHASTIC,SUPERTREND",12,12.0,ORB-15,ORB-15: breakdown below 3862.00,15:15,3858.75,TIME_EXIT,LOSS,-306.96,-0.06,60.0,MEDIUM
2021-09-22,TECHM,LONG,09:25,1430.995,349,499417.25,1418.6474999999998,1480.3849999999998,4.0,"ASC-TRI,CAMARILLA,DAILY-BIAS,DBL-BTM,FIRST-CANDLE,ORB-15,ORB-30,PDH-PDL,PIN-BAR,REL-STR,SR-BREAK,STOCHASTIC,VPOC",13,13.0,CAMARILLA,CAMARILLA: breakout above H4=1430.99,15:15,1458.4,TIME_EXIT,WIN,8828.66,1.77,60.0,MEDIUM
2021-09-22,FEDERALBNK,SHORT,11:05,80.25,6230,499957.5,80.80199999999999,78.15,3.8,"ADX-FILTER,BEAR-ENGULF,BOLLINGER,CAMARILLA,CPR,DAILY-BIAS,DBL-TOP,FAILED-BO,FIRST-CANDLE,INTRADAY-STRUCT,MACD,PIN-BAR,RSI-EXT,VWAP-STDDEV",14,14.0,BEAR-ENGULF,"Bear Engulf at resistance 80.50, vol 1.7×",11:30,80.80199999999999,STOP_HIT,LOSS,-4169.78,-0.83,60.0,MEDIUM
2021-09-23,PRESTIGE,LONG,13:40,441.1,1133,499766.3,431.8,459.70000000000005,2.0,"ADX-FILTER,DAILY-BIAS,EMA-CROSS,FIRST-CANDLE,GAP-CONT,MACD,ORB-15,ORB-30,PDH-PDL,REL-STR,SR-BREAK,STOCHASTIC,SUPERTREND,VPOC",14,14.0,ORB-15,ORB-15: breakout above 441.10 (range=9.30),13:55,459.70000000000005,TARGET_HIT,EXACT_WIN,20328.52,4.07,60.0,MEDIUM
2021-09-23,BHARTIARTL,SHORT,09:35,714.6,699,499505.4,720.45,702.9,2.0,"ADX-FILTER,BOLLINGER,CAMARILLA,FAILED-BO,FIRST-CANDLE,MACD,ORB-15,PIN-BAR,REL-STR,RSI-EXT,SR-BREAK,SUPERTREND,VPOC,VWAP-STDDEV",14,14.0,ORB-15,ORB-15: breakdown below 714.60,11:15,720.45,STOP_HIT,LOSS,-4819.72,-0.96,60.0,MEDIUM
2021-09-24,BAJAJ-AUTO,LONG,09:50,3721.5,134,498681.0,3705.5,3753.5,2.0,"CPR,DAILY-BIAS,EMA-CROSS,FIRST-CANDLE,MACD,ORB-15,PDH-PDL,PIN-BAR,REL-STR,SR-BREAK,STOCHASTIC,SUPERTREND,VPOC,VWAP-STDDEV",14,14.0,ORB-15,ORB-15: breakout above 3721.50 (range=16.00),10:00,3705.5,STOP_HIT,LOSS,-2869.41,-0.58,60.0,MEDIUM
2021-09-24,IPCALAB,SHORT,09:15,1241.5,402,499083.0,1247.7074999999998,1210.2551020408164,5.03,"CPR,DAILY-BIAS,FAILED-BO,FIRST-CANDLE,MACD,ORB-15,ORB-30,PIN-BAR,REL-STR,RSI-EXT,SR-BREAK,SUPERTREND,VPOC",13,13.0,VPOC,VPOC: rejection at VPOC=1240.39,12:10,1210.2551020408164,TARGET_HIT,EXACT_WIN,11839.97,2.37,60.0,MEDIUM
2021-09-27,MARUTI,LONG,09:20,7057.14,70,493999.8,7005.22,7264.820000000001,4.0,"ADX-FILTER,ASC-TRI,CAMARILLA,CPR,DAILY-BIAS,DBL-BTM,FIRST-CANDLE,ORB-15,ORB-30,PDH-PDL,REL-STR,SR-BREAK,VOL-SPIKE,VPOC",14,14.0,CAMARILLA,CAMARILLA: breakout above H4=7057.14,12:15,7264.820000000001,TARGET_HIT,EXACT_WIN,13805.36,2.79,60.0,MEDIUM
2021-09-27,GLENMARK,SHORT,09:20,503.55,992,499521.6,510.95845681311005,488.73308637377994,2.0,"ADX-FILTER,CPR,DAILY-BIAS,DBL-TOP,FIRST-CANDLE,INTRADAY-STRUCT,MACD,REL-STR,SR-BREAK,STOCHASTIC,SUPERTREND,VPOC,VWAP-STDDEV",13,13.0,SUPERTREND,"SUPERTREND: flipped bearish, ST=509.94",15:15,503.8,TIME_EXIT,LOSS,-976.4,-0.2,60.0,MEDIUM
2021-09-28,GODREJPROP,LONG,09:45,2282.55,219,499878.45,2245.0,2357.6500000000005,2.0,"ADX-FILTER,BOLLINGER,CAMARILLA,DAILY-BIAS,EMA-CROSS,MACD,ORB-15,ORB-30,PIN-BAR,SR-BREAK,STOCHASTIC,SUPERTREND,VWAP-REV,VWAP-STDDEV",14,14.0,ORB-15,ORB-15: breakout above 2282.55 (range=37.55),10:55,2245.0,STOP_HIT,LOSS,-8945.68,-1.79,60.0,MEDIUM
2021-09-28,NAVINFLUOR,SHORT,09:20,3753.8,133,499255.4,3824.0148094632473,3613.370381073506,2.0,"ADX-FILTER,DAILY-BIAS,FIRST-CANDLE,INTRADAY-STRUCT,MACD,PDH-PDL,PIN-BAR,REL-STR,SR-BREAK,STOCHASTIC,SUPERTREND,VPOC",12,12.0,SUPERTREND,"SUPERTREND: flipped bearish, ST=3816.38",15:15,3714.3,TIME_EXIT,WIN,4528.61,0.91,60.0,MEDIUM
2021-09-29,COALINDIA,LONG,09:35,163.6377551020408,3055,499913.34,162.94438775510204,166.56530612244896,4.22,"CAMARILLA,DAILY-BIAS,FIRST-CANDLE,MACD,ORB-15,ORB-30,PDH-PDL,PIN-BAR,REL-STR,SR-BREAK,STOCHASTIC,SUPERTREND,VOL-SPIKE,VPOC",14,14.0,VPOC,VPOC: breakout above VAH=163.64,09:40,166.56530612244896,TARGET_HIT,EXACT_WIN,8207.8,1.64,60.0,MEDIUM
2021-09-29,AMBUJACEM,SHORT,09:30,405.0,1234,499770.0,410.0,395.0,2.0,"ADX-FILTER,DAILY-BIAS,FIRST-CANDLE,INTRADAY-STRUCT,OPEN-WEAK,ORB-15,PDH-PDL,PIN-BAR,REL-STR,SR-BREAK,STOCHASTIC,VWAP-STDDEV",12,12.0,ORB-15,ORB-15: breakdown below 405.00,15:15,406.45,TIME_EXIT,LOSS,-2518.92,-0.5,60.0,MEDIUM
2021-09-30,AUROPHARMA,LONG,10:50,730.35,684,499559.4,720.35,750.35,2.0,"BOLLINGER,CAMARILLA,CPR,EMA-CROSS,FIRST-CANDLE,MACD,ORB-30,PIN-BAR,REL-STR,SR-BREAK,STOCHASTIC,SUPERTREND,VPOC,VWAP-STDDEV",14,14.0,ORB-30,ORB-30: breakout above 730.35 (range=10.00),15:15,725.0,TIME_EXIT,LOSS,-4384.81,-0.88,60.0,MEDIUM
2021-09-30,BHARATFORG,SHORT,11:40,742.65,673,499803.45,751.0,725.9499999999999,2.0,"CAMARILLA,DAILY-BIAS,DBL-TOP,FIRST-CANDLE,INTRADAY-STRUCT,ORB-15,ORB-30,PDH-PDL,PIN-BAR,SR-BREAK,SUPERTREND,VPOC,VWAP-STDDEV",13,13.0,ORB-15,ORB-15: breakdown below 742.65,15:15,737.65,TIME_EXIT,WIN,2638.28,0.53,60.0,MEDIUM
2021-10-01,RBLBANK,LONG,11:35,189.8,2634,499933.2,187.7,194.00000000000006,2.0,"BOLLINGER,CAMARILLA,DAILY-BIAS,DBL-BTM,EMA-CROSS,FIRST-CANDLE,MACD,ORB-15,ORB-30,PDH-PDL,REL-STR,SR-BREAK,STOCHASTIC,SUPERTREND,VPOC",15,15.0,ORB-15,ORB-15: breakout above 189.80 (range=2.10),11:40,194.00000000000006,TARGET_HIT,EXACT_WIN,10325.22,2.07,60.0,MEDIUM
2021-10-01,CUMMINSIND,SHORT,09:45,970.5,515,499807.5,987.8,935.9000000000001,2.0,"ADX-FILTER,CPR,DAILY-BIAS,DBL-TOP,FIRST-CANDLE,ORB-15,ORB-30,PDH-PDL,PIN-BAR,REL-STR,SR-BREAK,STOCHASTIC",12,12.0,ORB-15,ORB-15: breakdown below 970.50,10:30,935.9000000000001,TARGET_HIT,EXACT_WIN,17100.54,3.42,60.0,MEDIUM
2021-10-04,IRCTC,LONG,09:15,759.3285714285714,658,499638.2,758.4765306122449,767.5081632653062,9.6,"ADX-FILTER,CAMARILLA,CPR,DAILY-BIAS,FIRST-CANDLE,ORB-15,ORB-30,PDH-PDL,PIN-BAR,REL-STR,SR-BREAK,STOCHASTIC,VPOC",13,13.0,VPOC,VPOC: breakout above VAH=759.33,09:20,767.5081632653062,TARGET_HIT,EXACT_WIN,4649.49,0.93,60.0,MEDIUM
2021-10-04,GODREJCP,SHORT,13:15,1025.15,487,499248.05,1031.88375,1006.15,2.82,"BOLLINGER,CAMARILLA,DAILY-BIAS,FAILED-BO,FIRST-CANDLE,INTRADAY-STRUCT,MACD,REL-STR,RSI-EXT,SR-BREAK,SUPERTREND,VWAP-REV,VWAP-STDDEV",13,13.0,FAILED-BO,"Failed BO: bull trap above 1026.00, reversed on vol 1.9×",13:35,1031.88375,STOP_HIT,LOSS,-4009.1,-0.8,60.0,MEDIUM
2021-10-05,BANDHANBNK,LONG,12:10,295.1,1694,499899.4,292.75,299.80000000000007,2.0,"ADX-FILTER,BOLLINGER,CAMARILLA,DAILY-BIAS,EMA-CROSS,FIRST-CANDLE,MACD,ORB-30,PDH-PDL,PIN-BAR,SR-BREAK,STOCHASTIC,SUPERTREND,VPOC",14,14.0,ORB-30,ORB-30: breakout above 295.10 (range=2.35),15:15,298.2,TIME_EXIT,WIN,4518.47,0.9,60.0,MEDIUM
2021-10-05,BHARATFORG,SHORT,11:35,726.05,688,499522.4,735.75,706.6499999999999,2.0,"ADX-FILTER,DAILY-BIAS,DBL-TOP,FIRST-CANDLE,INTRADAY-STRUCT,ORB-15,ORB-30,PDH-PDL,PIN-BAR,REL-STR,SR-BREAK,STOCHASTIC",12,12.0,ORB-15,ORB-15: breakdown below 726.05,15:15,723.0,TIME_EXIT,WIN,1371.34,0.27,60.0,MEDIUM
2021-10-06,FEDERALBNK,LONG,09:20,86.06122448979592,5809,499929.65,85.48877551020408,87.27551020408163,2.12,"CPR,DAILY-BIAS,DBL-BTM,FIRST-CANDLE,ORB-15,ORB-30,PDH-PDL,PIN-BAR,RSI-EXT,SR-BREAK,STOCHASTIC,SUPERTREND,VPOC,VWAP-REV,VWAP-STDDEV",15,15.0,VPOC,VPOC: breakout above VAH=86.06,11:00,85.48877551020408,STOP_HIT,LOSS,-4051.54,-0.81,60.0,MEDIUM
2021-10-06,BHARATFORG,SHORT,10:20,725.3,689,499731.7,730.4,715.0999999999999,2.0,"BOLLINGER,CAMARILLA,DAILY-BIAS,DBL-TOP,FAILED-BO,FIRST-CANDLE,INTRADAY-STRUCT,MACD,ORB-15,ORB-30,PDH-PDL,PIN-BAR,SR-BREAK,STOCHASTIC,SUPERTREND,VPOC",16,16.0,ORB-15,ORB-15: breakdown below 725.30,12:40,730.4,STOP_HIT,LOSS,-4244.45,-0.85,60.0,MEDIUM
2021-10-07,BANDHANBNK,LONG,09:15,310.565,1609,499699.09,307.73249999999996,321.89500000000004,4.0,"ADX-FILTER,CAMARILLA,CPR,DAILY-BIAS,FIRST-CANDLE,GAP-CONT,ORB-15,ORB-30,PDH-PDL,REL-STR,SR-BREAK,VOL-SPIKE,VPOC",13,13.0,CAMARILLA,CAMARILLA: breakout above H4=310.56,12:55,321.89500000000004,TARGET_HIT,EXACT_WIN,17487.04,3.5,60.0,MEDIUM
2021-10-07,HDFCLIFE,SHORT,10:25,726.15,688,499591.2,731.0,716.4499999999999,2.0,"BOLLINGER,CAMARILLA,DAILY-BIAS,FIRST-CANDLE,MACD,ORB-15,ORB-30,PDH-PDL,PIN-BAR,RSI-EXT,SR-BREAK,STOCHASTIC,SUPERTREND",13,13.0,ORB-15,ORB-15: breakdown below 726.15,13:55,731.0,STOP_HIT,LOSS,-4067.06,-0.81,60.0,MEDIUM
2021-10-08,HCLTECH,LONG,12:15,1306.9,382,499235.8,1294.05,1332.6000000000004,2.0,"BOLLINGER,CAMARILLA,DAILY-BIAS,EMA-CROSS,FIRST-CANDLE,MACD,ORB-15,ORB-30,PDH-PDL,PIN-BAR,REL-STR,RSI-EXT,SR-BREAK,STOCHASTIC,SUPERTREND",15,15.0,ORB-15,ORB-15: breakout above 1306.90 (range=12.85),14:30,1332.6000000000004,TARGET_HIT,EXACT_WIN,9081.76,1.82,60.0,MEDIUM
2021-10-08,NESTLEIND,SHORT,12:50,949.21,526,499284.46,974.97,897.69,2.0,"ADX-FILTER,BEAR-ENGULF,CAMARILLA,DAILY-BIAS,FAILED-BO,FIRST-CANDLE,MACD,PDH-PDL,PIN-BAR,SR-BREAK,STOCHASTIC,VPOC",12,12.0,SR-BREAK,SR-BREAK: breakdown below support 949.21,15:15,949.5,TIME_EXIT,LOSS,-880.56,-0.18,60.0,MEDIUM
2021-10-11,BSE,LONG,10:25,155.375,3218,499996.75,151.9375,169.125,4.0,"ADX-FILTER,CAMARILLA,DAILY-BIAS,FIRST-CANDLE,GAP-CONT,INTRADAY-STRUCT,MACD,ORB-30,PDH-PDL,PIN-BAR,REL-STR,SR-BREAK,STOCHASTIC,VOL-SPIKE,VPOC",15,15.0,CAMARILLA,CAMARILLA: breakout above H4=155.38,15:15,159.5,TIME_EXIT,WIN,12534.84,2.51,60.0,MEDIUM
2021-10-11,HDFCLIFE,SHORT,09:30,721.45,693,499964.85,724.9,714.5500000000002,2.0,"ADX-FILTER,BOLLINGER,DAILY-BIAS,FIRST-CANDLE,INTRADAY-STRUCT,MACD,ORB-15,ORB-30,PDH-PDL,PIN-BAR,REL-STR,SR-BREAK,STOCHASTIC,SUPERTREND,VPOC",15,15.0,ORB-15,ORB-15: breakdown below 721.45,15:15,717.9,TIME_EXIT,WIN,1732.69,0.35,60.0,MEDIUM
2021-10-12,BAJAJ-AUTO,LONG,09:15,3785.625,132,499702.5,3772.5625,3837.875,4.0,"ADX-FILTER,ASC-TRI,CAMARILLA,DAILY-BIAS,EMA-CROSS,FIRST-CANDLE,INTRADAY-STRUCT,ORB-15,PDH-PDL,PIN-BAR,REL-STR,SR-BREAK,STOCHASTIC,VOL-SPIKE,VPOC",15,15.0,CAMARILLA,CAMARILLA: breakout above H4=3785.62,09:35,3837.875,TARGET_HIT,EXACT_WIN,6163.04,1.23,60.0,MEDIUM
2021-10-12,ADANIENT,SHORT,09:30,1489.6,335,499016.0,1502.7,1463.3999999999996,2.0,"BOLLINGER,CAMARILLA,FIRST-CANDLE,MACD,ORB-15,PDH-PDL,PIN-BAR,REL-STR,RSI-EXT,STOCHASTIC,SUPERTREND,VWAP-REV,VWAP-STDDEV",13,13.0,ORB-15,ORB-15: breakdown below 1489.60,13:50,1502.7,STOP_HIT,LOSS,-5118.58,-1.03,60.0,MEDIUM
2021-10-13,ZEEL,LONG,09:30,299.91,1667,499949.97,292.51,314.7100000000001,2.0,"ADX-FILTER,CAMARILLA,DAILY-BIAS,EMA-CROSS,FIRST-CANDLE,MACD,ORB-15,PDH-PDL,PIN-BAR,REL-STR,SR-BREAK,STOCHASTIC,SUPERTREND,VPOC",14,14.0,ORB-15,ORB-15: breakout above 299.91 (range=7.40),09:35,314.7100000000001,TARGET_HIT,EXACT_WIN,23923.23,4.79,60.0,MEDIUM
2021-10-13,ICICIGI,SHORT,09:15,1530.55,326,498959.3,1582.5690000000002,1405.7250000000004,2.4,"ADX-FILTER,CAMARILLA,CPR,DAILY-BIAS,DBL-TOP,DESC-TRI,FIRST-CANDLE,ORB-15,ORB-30,PDH-PDL,REL-STR,SR-BREAK,STOCHASTIC,SUPERTREND",14,14.0,DESC-TRI,Descending Triangle: breakdown below support 1540.36,15:15,1522.95,TIME_EXIT,WIN,1751.53,0.35,60.0,MEDIUM
2021-10-14,DLF,LONG,09:15,432.17,1156,499588.52,429.58500000000004,442.51000000000005,4.0,"BULL-FLAG,CAMARILLA,DAILY-BIAS,DBL-BTM,FIRST-CANDLE,ORB-15,PDH-PDL,PIN-BAR,REL-STR,SR-BREAK,STOCHASTIC,VPOC,VWAP-REV,VWAP-STDDEV",14,14.0,CAMARILLA,CAMARILLA: breakout above H4=432.17,09:40,442.51000000000005,TARGET_HIT,EXACT_WIN,11215.23,2.24,60.0,MEDIUM
2021-10-14,CUMMINSIND,SHORT,11:00,898.45,556,499538.2,906.7881311341148,881.7737377317706,2.0,"BEAR-ENGULF,BOLLINGER,CAMARILLA,DAILY-BIAS,FAILED-BO,FIRST-CANDLE,MACD,PDH-PDL,PIN-BAR,RSI-EXT,SUPERTREND,VPOC",12,12.0,SUPERTREND,"SUPERTREND: flipped bearish, ST=904.98",15:15,902.25,TIME_EXIT,LOSS,-2842.29,-0.57,60.0,MEDIUM
2021-10-18,DLF,LONG,09:35,438.5,1140,499890.0,429.3,456.9,2.0,"BULL-FLAG,CAMARILLA,DAILY-BIAS,DBL-BTM,EMA-CROSS,FIRST-CANDLE,ORB-15,ORB-30,PDH-PDL,PIN-BAR,REL-STR,SR-BREAK,STOCHASTIC,VPOC",14,14.0,ORB-15,ORB-15: breakout above 438.50 (range=9.20),15:15,441.6,TIME_EXIT,WIN,2802.44,0.56,60.0,MEDIUM
2021-10-18,BANDHANBNK,SHORT,09:35,330.7,1511,499687.7,333.00675,319.2,4.99,"ADX-FILTER,BEAR-ENGULF,BOLLINGER,FAILED-BO,INTRADAY-STRUCT,MACD,PIN-BAR,RSI-EXT,SR-BREAK,SUPERTREND,VWAP-REV,VWAP-STDDEV",12,12.0,FAILED-BO,"Failed BO: bull trap above 330.90, reversed on vol 3.3×",09:45,333.00675,STOP_HIT,LOSS,-4215.98,-0.84,60.0,MEDIUM
2021-10-19,RADICO,LONG,10:20,1118.9,446,499029.4,1112.557142857143,1143.780612244898,3.92,"BOLLINGER,CAMARILLA,DAILY-BIAS,MACD,ORB-15,ORB-30,PIN-BAR,RSI-EXT,SR-BREAK,STOCHASTIC,SUPERTREND,VPOC,VWAP-STDDEV",13,13.0,VPOC,VPOC: rejection below VPOC=1119.73,10:40,1143.780612244898,TARGET_HIT,EXACT_WIN,10360.38,2.08,60.0,MEDIUM
2021-10-19,INDUSTOWER,SHORT,10:00,301.3,1659,499856.7,305.55,292.8,2.0,"BOLLINGER,CAMARILLA,DBL-TOP,FIRST-CANDLE,INTRADAY-STRUCT,MACD,ORB-15,ORB-30,PDH-PDL,REL-STR,RSI-EXT,SR-BREAK,STOCHASTIC,SUPERTREND,VPOC",15,15.0,ORB-15,ORB-15: breakdown below 301.30,15:15,294.05,TIME_EXIT,WIN,11305.91,2.26,60.0,MEDIUM
2021-10-20,BATAINDIA,LONG,09:50,2159.9,231,498936.9,2110.7,2258.3000000000006,2.0,"BOLLINGER,DAILY-BIAS,MACD,ORB-15,ORB-30,PDH-PDL,PIN-BAR,REL-STR,RSI-EXT,SR-BREAK,STOCHASTIC,VPOC,VWAP-STDDEV",13,13.0,ORB-15,ORB-15: breakout above 2159.90 (range=49.20),14:10,2110.7,STOP_HIT,LOSS,-12083.66,-2.42,60.0,MEDIUM
2021-10-20,LUPIN,SHORT,12:00,924.5,540,499230.0,939.2,895.0999999999999,2.0,"ADX-FILTER,BEAR-ENGULF,CAMARILLA,DAILY-BIAS,DBL-TOP,DESC-TRI,FIRST-CANDLE,ORB-15,ORB-30,PDH-PDL,REL-STR,SR-BREAK,STOCHASTIC",13,13.0,ORB-15,ORB-15: breakdown below 924.50,15:15,929.45,TIME_EXIT,LOSS,-3402.39,-0.68,60.0,MEDIUM
2021-10-21,KOTAKBANK,LONG,09:15,405.8,1232,499945.6,393.03,458.00000000000006,4.09,"ADX-FILTER,ASC-TRI,CAMARILLA,CPR,DAILY-BIAS,DBL-BTM,FIRST-CANDLE,ORB-15,ORB-30,PDH-PDL,REL-STR,SR-BREAK,VOL-SPIKE,VPOC",14,14.0,ASC-TRI,Ascending Triangle: breakout above resistance 403.60,15:15,428.7,TIME_EXIT,WIN,27461.63,5.49,60.0,MEDIUM
2021-10-21,CONCOR,SHORT,11:25,536.95,931,499900.45,546.1,518.6500000000001,2.0,"ADX-FILTER,CAMARILLA,CPR,DAILY-BIAS,DBL-TOP,FIRST-CANDLE,MACD,ORB-15,ORB-30,PDH-PDL,PIN-BAR,SR-BREAK,STOCHASTIC,SUPERTREND,VPOC",15,15.0,ORB-15,ORB-15: breakdown below 536.95,15:15,530.35,TIME_EXIT,WIN,5419.34,1.08,60.0,MEDIUM
2021-10-22,UBL,LONG,09:20,1665.785,300,499735.5,1657.8925,1697.3550000000002,4.0,"ADX-FILTER,CAMARILLA,DAILY-BIAS,DBL-BTM,FIRST-CANDLE,MACD,ORB-15,ORB-30,PDH-PDL,PIN-BAR,REL-STR,RSI-EXT,STOCHASTIC,SUPERTREND,VPOC,VWAP-REV,VWAP-STDDEV",17,17.0,CAMARILLA,CAMARILLA: breakout above H4=1665.79,11:30,1657.8925,STOP_HIT,LOSS,-3094.42,-0.62,60.0,MEDIUM
2021-10-22,AUROPHARMA,SHORT,11:30,705.0,709,499845.0,711.05,692.9000000000001,2.0,"ADX-FILTER,BOLLINGER,CAMARILLA,DAILY-BIAS,DBL-TOP,FIRST-CANDLE,MACD,ORB-15,ORB-30,PDH-PDL,PIN-BAR,RSI-EXT,SR-BREAK,SUPERTREND",14,14.0,ORB-15,ORB-15: breakdown below 705.00,13:00,692.9000000000001,TARGET_HIT,EXACT_WIN,7855.11,1.57,60.0,MEDIUM
2021-10-25,BANKBARODA,LONG,10:45,86.59693877551021,5773,499924.13,86.56142857142858,89.57979591836737,84.0,"CAMARILLA,DAILY-BIAS,GAP-CONT,ORB-30,PDH-PDL,REL-STR,SR-BREAK,STOCHASTIC,VOL-SPIKE,VPOC,VWAP-REV,VWAP-STDDEV",12,12.0,VPOC,VPOC: breakout above VAH=86.60,10:50,86.56142857142858,STOP_HIT,LOSS,-933.64,-0.19,60.0,MEDIUM
2021-10-25,PETRONET,SHORT,09:50,211.6,2362,499799.2,213.6,207.6,2.0,"ADX-FILTER,BOLLINGER,CAMARILLA,DAILY-BIAS,DBL-TOP,FIRST-CANDLE,INTRADAY-STRUCT,MACD,ORB-15,ORB-30,PDH-PDL,SR-BREAK,STOCHASTIC,SUPERTREND",14,14.0,ORB-15,ORB-15: breakdown below 211.60,15:15,210.7,TIME_EXIT,WIN,1398.38,0.28,60.0,MEDIUM
2021-10-26,IDFCFIRSTB,LONG,09:25,50.79750000000001,9843,499999.79,50.12375,53.492500000000014,4.0,"ADX-FILTER,CAMARILLA,CPR,DAILY-BIAS,DBL-BTM,FIRST-CANDLE,INTRADAY-STRUCT,ORB-15,ORB-30,PDH-PDL,REL-STR,SR-BREAK,STOCHASTIC,VOL-SPIKE,VPOC",15,15.0,CAMARILLA,CAMARILLA: breakout above H4=50.80,15:15,52.9,TIME_EXIT,WIN,19949.61,3.99,60.0,MEDIUM
2021-10-26,BRITANNIA,SHORT,09:45,3625.0,137,496625.0,3649.0,3577.0,2.0,"ADX-FILTER,BEAR-ENGULF,BOLLINGER,CAMARILLA,DAILY-BIAS,FIRST-CANDLE,ORB-15,ORB-30,PDH-PDL,PIN-BAR,REL-STR,RSI-EXT,SR-BREAK,VPOC,VWAP-STDDEV",15,15.0,ORB-15,ORB-15: breakdown below 3625.00,11:25,3649.0,STOP_HIT,LOSS,-4014.19,-0.81,60.0,MEDIUM
2021-10-27,FSL,LONG,09:15,197.29897959183674,2534,499955.61,196.8142857142857,201.95204081632656,9.6,"ADX-FILTER,DAILY-BIAS,EMA-CROSS,FIRST-CANDLE,MACD,ORB-15,ORB-30,PDH-PDL,SR-BREAK,STOCHASTIC,SUPERTREND,VPOC",12,12.0,VPOC,VPOC: breakout above VAH=197.30,09:25,196.8142857142857,STOP_HIT,LOSS,-1956.09,-0.39,60.0,MEDIUM
2021-10-27,NAVINFLUOR,SHORT,09:15,3481.9,143,497911.7,3512.4749999999995,3380.85,3.3,"ADX-FILTER,BOLLINGER,DAILY-BIAS,FAILED-BO,FIRST-CANDLE,MACD,ORB-15,ORB-30,PDH-PDL,PIN-BAR,REL-STR,SUPERTREND,VPOC",13,13.0,FAILED-BO,"Failed BO: bull trap above 3493.60, reversed on vol 2.2×",13:15,3380.85,TARGET_HIT,EXACT_WIN,13732.35,2.76,60.0,MEDIUM
2021-10-28,INDIACEM,LONG,10:15,201.6469387755102,2479,499882.76,199.98010204081632,205.6877551020408,2.42,"BOLLINGER,CAMARILLA,DAILY-BIAS,EMA-CROSS,MACD,ORB-15,ORB-30,RSI-EXT,SR-BREAK,STOCHASTIC,SUPERTREND,VPOC",12,12.0,VPOC,VPOC: breakout above VAH=201.65,12:05,205.6877551020408,TARGET_HIT,EXACT_WIN,9280.5,1.86,60.0,MEDIUM
2021-10-28,CIPLA,SHORT,13:10,915.65,546,499944.9,928.5,889.9499999999999,2.0,"CAMARILLA,DAILY-BIAS,FAILED-BO,FIRST-CANDLE,INTRADAY-STRUCT,ORB-15,ORB-30,PDH-PDL,PIN-BAR,SR-BREAK,STOCHASTIC,SUPERTREND",12,12.0,ORB-15,ORB-15: breakdown below 915.65,15:15,891.25,TIME_EXIT,WIN,12601.18,2.52,60.0,MEDIUM
2021-10-29,UNITDSPR,LONG,10:35,930.65,537,499759.05,912.2249999999999,1004.35,4.0,"CAMARILLA,DAILY-BIAS,EMA-CROSS,FIRST-CANDLE,MACD,ORB-15,ORB-30,PDH-PDL,REL-STR,SR-BREAK,STOCHASTIC,SUPERTREND,VOL-SPIKE,VPOC",14,14.0,CAMARILLA,CAMARILLA: breakout above H4=930.65,15:15,944.8,TIME_EXIT,WIN,6863.95,1.37,60.0,MEDIUM
2021-10-29,RBLBANK,SHORT,11:15,184.85,2704,499834.4,187.23149999999998,179.3045,2.33,"ADX-FILTER,DBL-TOP,FAILED-BO,FIRST-CANDLE,INTRADAY-STRUCT,ORB-15,PDH-PDL,REL-STR,STOCHASTIC,VWAP-STDDEV",10,10.0,FAILED-BO,"Failed BO: bull trap above 185.80, reversed on vol 1.8×",15:15,180.75,TIME_EXIT,WIN,10364.05,2.07,60.0,MEDIUM
2021-11-01,TVSMOTOR,LONG,09:45,665.95,750,499462.5,655.1,687.6500000000001,2.0,"BOLLINGER,CPR,DAILY-BIAS,EMA-CROSS,MACD,ORB-15,ORB-30,SR-BREAK,STOCHASTIC,SUPERTREND,VPOC,VWAP-REV,VWAP-STDDEV",13,13.0,ORB-15,ORB-15: breakout above 665.95 (range=10.85),15:15,667.4,TIME_EXIT,WIN,358.46,0.07,60.0,MEDIUM
2021-11-01,BRITANNIA,SHORT,13:00,3655.3,136,497120.8,3700.0,3565.9000000000005,2.0,"ADX-FILTER,BEAR-ENGULF,BOLLINGER,CAMARILLA,DAILY-BIAS,FIRST-CANDLE,MACD,ORB-30,SR-BREAK,SUPERTREND,VPOC,VWAP-STDDEV",12,12.0,ORB-30,ORB-30: breakdown below 3655.30,15:15,3681.95,TIME_EXIT,LOSS,-4351.46,-0.88,60.0,MEDIUM
2021-11-02,FEDERALBNK,LONG,09:20,99.4925,5025,499949.81,98.84625000000001,102.07750000000001,4.0,"ADX-FILTER,CAMARILLA,CPR,DAILY-BIAS,EMA-CROSS,FIRST-CANDLE,INTRADAY-STRUCT,PDH-PDL,PIN-BAR,REL-STR,SR-BREAK,STOCHASTIC,VPOC",13,13.0,CAMARILLA,CAMARILLA: breakout above H4=99.49,11:45,98.84625000000001,STOP_HIT,LOSS,-3973.68,-0.79,60.0,MEDIUM
2021-11-02,BANDHANBNK,SHORT,09:15,287.0,1742,499954.0,292.20374999999996,272.65,2.76,"BOLLINGER,CAMARILLA,CPR,DAILY-BIAS,FAILED-BO,FIRST-CANDLE,MACD,REL-STR,RSI-EXT,SUPERTREND,VPOC,VWAP-REV,VWAP-STDDEV",13,13.0,FAILED-BO,"Failed BO: bull trap above 290.70, reversed on vol 1.7×",10:40,292.20374999999996,STOP_HIT,LOSS,-9798.96,-1.96,60.0,MEDIUM
2021-11-03,UPL,LONG,09:35,698.79,715,499634.85,694.7199999999999,715.0699999999999,4.0,"ASC-TRI,CAMARILLA,CPR,FIRST-CANDLE,INTRADAY-STRUCT,ORB-15,ORB-30,PDH-PDL,PIN-BAR,REL-STR,SR-BREAK,STOCHASTIC,VPOC",13,13.0,CAMARILLA,CAMARILLA: breakout above H4=698.79,10:15,715.0699999999999,TARGET_HIT,EXACT_WIN,10902.57,2.18,60.0,MEDIUM
2021-11-03,SRF,SHORT,13:35,2100.0,238,499800.0,2119.0,2062.0,2.0,"BOLLINGER,CAMARILLA,DAILY-BIAS,FAILED-BO,MACD,ORB-15,ORB-30,PDH-PDL,PIN-BAR,SR-BREAK,STOCHASTIC,SUPERTREND,VWAP-STDDEV",13,13.0,ORB-15,ORB-15: breakdown below 2100.00,14:30,2062.0,TARGET_HIT,EXACT_WIN,8320.53,1.66,60.0,MEDIUM
2021-11-08,HINDPETRO,LONG,09:15,188.83061224489796,2647,499834.63,188.78367346938776,192.30408163265307,74.0,"ADX-FILTER,CAMARILLA,DAILY-BIAS,FIRST-CANDLE,GAP-CONT,INTRADAY-STRUCT,ORB-15,ORB-30,PDH-PDL,REL-STR,SR-BREAK,STOCHASTIC,VOL-SPIKE,VPOC",14,14.0,VPOC,VPOC: breakout above VAH=188.83,09:20,192.30408163265307,TARGET_HIT,EXACT_WIN,8458.31,1.69,60.0,MEDIUM
2021-11-08,FSL,SHORT,09:20,194.35,2572,499868.2,198.29637392446864,186.4572521510627,2.0,"ADX-FILTER,BEAR-ENGULF,BOLLINGER,CAMARILLA,CPR,FAILED-BO,FIRST-CANDLE,INTRADAY-STRUCT,MACD,OPEN-WEAK,PDH-PDL,PIN-BAR,SR-BREAK,SUPERTREND",14,14.0,SUPERTREND,"SUPERTREND: flipped bearish, ST=197.90",11:20,198.29637392446864,STOP_HIT,LOSS,-10884.61,-2.18,60.0,MEDIUM
2021-11-09,MUTHOOTFIN,LONG,09:45,1661.9,300,498570.0,1652.434453234222,1680.8310935315562,2.0,"BOLLINGER,CAMARILLA,DAILY-BIAS,DBL-BTM,EMA-CROSS,FIRST-CANDLE,INTRADAY-STRUCT,MACD,PIN-BAR,RSI-EXT,STOCHASTIC,VPOC,VWAP-REV,VWAP-STDDEV",14,14.0,EMA-CROSS,"EMA-CROSS: 9EMA crossed above 21EMA, price above VWAP",10:10,1652.434453234222,STOP_HIT,LOSS,-3564.38,-0.71,60.0,MEDIUM
2021-11-09,CAMS,SHORT,09:35,603.4,828,499615.2,609.8,590.6,2.0,"ADX-FILTER,CAMARILLA,DAILY-BIAS,FIRST-CANDLE,MACD,ORB-15,ORB-30,PDH-PDL,PIN-BAR,REL-STR,SR-BREAK,SUPERTREND,VPOC",13,13.0,ORB-15,ORB-15: breakdown below 603.40,15:15,600.2,TIME_EXIT,WIN,1922.73,0.38,60.0,MEDIUM
2021-11-10,IEX,LONG,09:55,262.5,1904,499800.0,256.1,275.29999999999995,2.0,"CAMARILLA,DAILY-BIAS,EMA-CROSS,FIRST-CANDLE,MACD,ORB-15,ORB-30,PDH-PDL,PIN-BAR,REL-STR,SR-BREAK,STOCHASTIC,SUPERTREND,VPOC",14,14.0,ORB-15,ORB-15: breakout above 262.50 (range=6.40),15:15,260.15,TIME_EXIT,LOSS,-5199.49,-1.04,60.0,MEDIUM
2021-11-10,SUNTV,SHORT,12:00,576.55,867,499868.85,582.0,565.6499999999999,2.0,"BEAR-ENGULF,FIRST-CANDLE,INTRADAY-STRUCT,MACD,ORB-15,ORB-30,PDH-PDL,PIN-BAR,SR-BREAK,STOCHASTIC,SUPERTREND,VWAP-STDDEV",12,12.0,ORB-15,ORB-15: breakdown below 576.55,15:15,571.45,TIME_EXIT,WIN,3695.5,0.74,60.0,MEDIUM
2021-11-11,ADANIENT,LONG,09:40,1631.9326530612245,306,499371.39,1626.1561224489797,1676.861224489796,7.78,"CAMARILLA,DAILY-BIAS,EMA-CROSS,FIRST-CANDLE,ORB-15,ORB-30,PDH-PDL,PIN-BAR,REL-STR,SR-BREAK,STOCHASTIC,SUPERTREND,VPOC",13,13.0,VPOC,VPOC: breakout above VAH=1631.93,10:25,1626.1561224489797,STOP_HIT,LOSS,-2494.27,-0.5,60.0,MEDIUM
2021-11-11,CAMS,SHORT,10:30,600.2,833,499966.6,603.8,593.0000000000002,2.0,"BOLLINGER,CAMARILLA,DAILY-BIAS,FIRST-CANDLE,MACD,ORB-15,ORB-30,PDH-PDL,RSI-EXT,SR-BREAK,STOCHASTIC,SUPERTREND,VPOC",13,13.0,ORB-15,ORB-15: breakdown below 600.20,15:15,600.0,TIME_EXIT,LOSS,-562.17,-0.11,60.0,MEDIUM
2021-11-12,INDIGO,LONG,09:35,2188.995,228,499090.86,2169.4975,2266.9849999999997,4.0,"ADX-FILTER,CAMARILLA,DAILY-BIAS,FIRST-CANDLE,INTRADAY-STRUCT,ORB-15,ORB-30,PDH-PDL,PIN-BAR,REL-STR,SR-BREAK,VOL-SPIKE,VPOC",13,13.0,CAMARILLA,CAMARILLA: breakout above H4=2188.99,10:30,2266.9849999999997,TARGET_HIT,EXACT_WIN,17039.97,3.41,60.0,MEDIUM
2021-11-12,MARICO,SHORT,09:20,549.9,909,499859.1,572.165,493.29999999999984,2.54,"CAMARILLA,DAILY-BIAS,DBL-TOP,DESC-TRI,FIRST-CANDLE,INTRADAY-STRUCT,MACD,ORB-15,ORB-30,PDH-PDL,PIN-BAR,SR-BREAK,STOCHASTIC,SUPERTREND,VPOC",15,15.0,DESC-TRI,Descending Triangle: breakdown below support 550.10,15:15,546.5,TIME_EXIT,WIN,2363.65,0.47,60.0,MEDIUM
2021-11-15,ETERNAL,LONG,13:55,151.4,3302,499922.8,148.15,157.9,2.0,"ADX-FILTER,BOLLINGER,CAMARILLA,CPR,DAILY-BIAS,MACD,ORB-15,ORB-30,PDH-PDL,RSI-EXT,SR-BREAK,STOCHASTIC,SUPERTREND,VOL-SPIKE,VPOC,VWAP-REV,VWAP-STDDEV",17,17.0,ORB-15,ORB-15: breakout above 151.40 (range=3.25),14:30,157.9,TARGET_HIT,EXACT_WIN,20717.2,4.14,60.0,MEDIUM
2021-11-15,POLYCAB,SHORT,09:15,2518.0,198,498564.0,2530.5899999999997,2479.85,3.03,"ADX-FILTER,BEAR-ENGULF,BOLLINGER,CAMARILLA,FAILED-BO,FIRST-CANDLE,MACD,ORB-15,ORB-30,REL-STR,RSI-EXT,SUPERTREND,VPOC",13,13.0,VPOC,VPOC: rejection at VPOC=2517.28,09:20,2530.5899999999997,STOP_HIT,LOSS,-3221.2,-0.65,60.0,MEDIUM
2021-11-16,MARUTI,LONG,09:30,7573.4175000000005,66,499845.56,7538.258750000001,7714.052500000001,4.0,"ADX-FILTER,ASC-TRI,CAMARILLA,DAILY-BIAS,DBL-BTM,FIRST-CANDLE,INTRADAY-STRUCT,ORB-15,ORB-30,PDH-PDL,REL-STR,SR-BREAK,VOL-SPIKE,VPOC",14,14.0,CAMARILLA,CAMARILLA: breakout above H4=7573.42,10:10,7714.052500000001,TARGET_HIT,EXACT_WIN,8545.86,1.71,60.0,MEDIUM
2021-11-16,ZYDUSLIFE,SHORT,10:40,487.35,1025,499533.75,515.0495,401.69999999999993,3.09,"BEAR-ENGULF,CAMARILLA,DAILY-BIAS,DESC-TRI,FIRST-CANDLE,INTRADAY-STRUCT,MACD,ORB-15,PDH-PDL,REL-STR,SR-BREAK,STOCHASTIC,VPOC",13,13.0,DESC-TRI,Descending Triangle: breakdown below support 487.45,15:15,482.0,TIME_EXIT,WIN,4758.61,0.95,60.0,MEDIUM
2021-11-17,BHARATFORG,LONG,09:30,812.4714285714285,615,499669.93,799.8607142857143,841.5142857142856,2.3,"CPR,DAILY-BIAS,EMA-CROSS,FIRST-CANDLE,MACD,ORB-15,PDH-PDL,REL-STR,STOCHASTIC,SUPERTREND,VPOC,VWAP-REV,VWAP-STDDEV",13,13.0,VPOC,VPOC: breakout above VAH=812.47,11:45,799.8607142857143,STOP_HIT,LOSS,-8477.91,-1.7,60.0,MEDIUM
2021-11-17,IDFCFIRSTB,SHORT,09:15,50.11,9978,499997.58,51.05,48.230000000000004,2.0,"ADX-FILTER,DAILY-BIAS,DBL-TOP,FIRST-CANDLE,INTRADAY-STRUCT,OPEN-WEAK,PDH-PDL,REL-STR,SR-BREAK,STOCHASTIC,VWAP-STDDEV",11,11.0,SR-BREAK,SR-BREAK: breakdown below support 50.11,15:15,49.5,TIME_EXIT,WIN,5361.15,1.07,60.0,MEDIUM
2021-11-18,MARUTI,LONG,09:50,8275.0,60,496500.0,8150.0,8525.0,2.0,"BOLLINGER,DAILY-BIAS,EMA-CROSS,FIRST-CANDLE,MACD,ORB-15,ORB-30,PIN-BAR,SR-BREAK,STOCHASTIC,SUPERTREND,VPOC,VWAP-REV",13,13.0,ORB-15,ORB-15: breakout above 8275.00 (range=125.00),10:35,8150.0,STOP_HIT,LOSS,-8218.2,-1.66,60.0,MEDIUM
2021-11-18,INDHOTEL,SHORT,10:05,208.75,2395,499956.25,218.58710229885043,180.7,2.85,"ADX-FILTER,BOLLINGER,CAMARILLA,FIRST-CANDLE,INTRADAY-STRUCT,MACD,ORB-15,PDH-PDL,PIN-BAR,REL-STR,RISE-WEDGE,SR-BREAK,STOCHASTIC,SUPERTREND",14,14.0,RISE-WEDGE,Rising Wedge: broke below lower trendline 209.49,15:15,210.15,TIME_EXIT,LOSS,-4083.77,-0.82,60.0,MEDIUM
2021-11-22,ASIANPAINT,LONG,09:15,3240.5,154,499037.0,3227.85,3291.1000000000004,4.0,"ADX-FILTER,CAMARILLA,DAILY-BIAS,DBL-BTM,EMA-CROSS,FIRST-CANDLE,INTRADAY-STRUCT,MACD,ORB-15,ORB-30,PDH-PDL,PIN-BAR,REL-STR,RSI-EXT,SR-BREAK,VPOC,VWAP-STDDEV",17,17.0,CAMARILLA,CAMARILLA: breakout above H4=3240.50,09:45,3291.1000000000004,TARGET_HIT,EXACT_WIN,7058.63,1.41,60.0,MEDIUM
2021-11-22,CIPLA,SHORT,11:40,897.1,557,499684.7,906.0392250613176,879.221549877365,2.0,"ADX-FILTER,BOLLINGER,DAILY-BIAS,DBL-TOP,DESC-TRI,FAILED-BO,MACD,PDH-PDL,RSI-EXT,SR-BREAK,STOCHASTIC,SUPERTREND",12,12.0,SUPERTREND,"SUPERTREND: flipped bearish, ST=904.23",15:15,895.25,TIME_EXIT,WIN,302.56,0.06,60.0,MEDIUM
2021-11-23,NAVINFLUOR,LONG,09:35,3376.35,148,499699.8,3238.857372413792,4078.0,5.1,"ADX-FILTER,CAMARILLA,FALL-WEDGE,FIRST-CANDLE,INTRADAY-STRUCT,MACD,ORB-15,ORB-30,REL-STR,STOCHASTIC,SUPERTREND,VPOC",12,12.0,FALL-WEDGE,Falling Wedge: broke above upper trendline 3369.53,15:15,3511.05,TIME_EXIT,WIN,19191.32,3.84,60.0,MEDIUM
2021-11-23,SHREECEM,SHORT,09:20,26355.09,11,289905.99,29009.54,21046.19,2.0,"BOLLINGER,DAILY-BIAS,FIRST-CANDLE,INTRADAY-STRUCT,MACD,PDH-PDL,PIN-BAR,REL-STR,RSI-EXT,SR-BREAK,STOCHASTIC,VWAP-REV,VWAP-STDDEV",13,13.0,SR-BREAK,SR-BREAK: breakdown below support 26355.09,15:15,26724.0,TIME_EXIT,LOSS,-4502.79,-1.55,60.0,MEDIUM
2021-11-24,JSWSTEEL,LONG,09:50,684.4,730,499612.0,678.95,695.2999999999998,2.0,"BOLLINGER,DAILY-BIAS,DBL-BTM,EMA-CROSS,FIRST-CANDLE,MACD,ORB-15,ORB-30,PDH-PDL,SR-BREAK,STOCHASTIC,SUPERTREND,VPOC",13,13.0,ORB-15,ORB-15: breakout above 684.40 (range=5.45),13:35,695.2999999999998,TARGET_HIT,EXACT_WIN,7222.32,1.45,60.0,MEDIUM
2021-11-24,LALPATHLAB,SHORT,09:15,1713.5,291,498628.5,1733.022,1650.1,3.25,"BOLLINGER,CAMARILLA,CPR,DAILY-BIAS,FAILED-BO,FIRST-CANDLE,ORB-15,ORB-30,RSI-EXT,SR-BREAK,SUPERTREND,VWAP-REV,VWAP-STDDEV",13,13.0,FAILED-BO,"Failed BO: bull trap above 1723.50, reversed on vol 1.8×",11:15,1733.022,STOP_HIT,LOSS,-6411.19,-1.29,60.0,MEDIUM
2021-11-25,FORTIS,LONG,10:50,286.1,1747,499816.7,282.0,294.30000000000007,2.0,"ADX-FILTER,BOLLINGER,CAMARILLA,DAILY-BIAS,EMA-CROSS,ORB-15,ORB-30,PDH-PDL,PIN-BAR,SR-BREAK,STOCHASTIC,SUPERTREND,VPOC,VWAP-STDDEV",14,14.0,ORB-15,ORB-15: breakout above 286.10 (range=4.10),15:15,288.0,TIME_EXIT,WIN,2588.01,0.52,60.0,MEDIUM
2021-11-25,AUBANK,SHORT,09:40,602.45,829,499431.05,611.85,583.6500000000001,2.0,"BOLLINGER,CAMARILLA,DAILY-BIAS,DBL-TOP,FAILED-BO,FIRST-CANDLE,MACD,ORB-15,PDH-PDL,PIN-BAR,REL-STR,SR-BREAK,STOCHASTIC",13,13.0,ORB-15,ORB-15: breakdown below 602.45,15:15,596.25,TIME_EXIT,WIN,4414.6,0.88,60.0,MEDIUM
2021-11-26,DRREDDY,LONG,09:30,932.1600000000001,536,499637.76,926.0550000000001,956.5800000000002,4.0,"CAMARILLA,EMA-CROSS,FALL-WEDGE,FIRST-CANDLE,ORB-15,ORB-30,PDH-PDL,PIN-BAR,REL-STR,SR-BREAK,STOCHASTIC,VPOC",12,12.0,CAMARILLA,CAMARILLA: breakout above H4=932.16,12:15,956.5800000000002,TARGET_HIT,EXACT_WIN,12350.34,2.47,60.0,MEDIUM
2021-11-26,SBILIFE,SHORT,09:55,1136.0,440,499840.0,1154.0,1100.0,2.0,"DAILY-BIAS,DBL-TOP,DESC-TRI,FIRST-CANDLE,INTRADAY-STRUCT,OPEN-WEAK,ORB-15,ORB-30,PDH-PDL,REL-STR,SR-BREAK,STOCHASTIC",12,12.0,ORB-15,ORB-15: breakdown below 1136.00,15:15,1132.15,TIME_EXIT,WIN,966.28,0.19,60.0,MEDIUM
2021-11-29,APOLLOHOSP,LONG,11:10,5800.0,86,498800.0,5550.0,6300.0,2.0,"BOLLINGER,CAMARILLA,DAILY-BIAS,FIRST-CANDLE,GAP-CONT,MACD,ORB-15,ORB-30,PIN-BAR,SR-BREAK,STOCHASTIC,SUPERTREND,VPOC",13,13.0,ORB-15,ORB-15: breakout above 5800.00 (range=250.00),15:15,5725.0,TIME_EXIT,LOSS,-7172.17,-1.44,60.0,MEDIUM
2021-11-29,APOLLOTYRE,SHORT,11:35,209.25,2389,499898.25,211.40174999999996,202.9725,2.92,"ADX-FILTER,DAILY-BIAS,FAILED-BO,FIRST-CANDLE,INTRADAY-STRUCT,OPEN-WEAK,PDH-PDL,PIN-BAR,REL-STR,STOCHASTIC,VWAP-REV,VWAP-STDDEV",12,12.0,FAILED-BO,"Failed BO: bull trap above 210.00, reversed on vol 1.5×",15:15,206.45,TIME_EXIT,WIN,5964.25,1.19,60.0,MEDIUM
2021-11-30,NAVINFLUOR,LONG,09:50,3605.55,138,497565.9,3520.0,3776.6500000000005,2.0,"DAILY-BIAS,DBL-BTM,FIRST-CANDLE,MACD,ORB-15,ORB-30,PDH-PDL,PIN-BAR,REL-STR,SR-BREAK,SUPERTREND,VOL-SPIKE,VPOC",13,13.0,ORB-15,ORB-15: breakout above 3605.55 (range=85.55),14:45,3776.6500000000005,TARGET_HIT,EXACT_WIN,22867.52,4.6,60.0,MEDIUM
2021-11-30,ZEEL,SHORT,11:00,322.78,1549,499986.22,328.11,312.1199999999999,2.0,"ADX-FILTER,CAMARILLA,FIRST-CANDLE,INTRADAY-STRUCT,MACD,ORB-15,ORB-30,PDH-PDL,REL-STR,SR-BREAK,STOCHASTIC",11,11.0,ORB-15,ORB-15: breakdown below 322.78,15:15,316.95,TIME_EXIT,WIN,8306.94,1.66,60.0,MEDIUM
2021-12-01,YESBANK,LONG,11:20,12.667499999999999,39471,499998.89,12.43375,13.602499999999997,4.0,"ADX-FILTER,CAMARILLA,EMA-CROSS,FALL-WEDGE,FIRST-CANDLE,MACD,ORB-15,ORB-30,PIN-BAR,SR-BREAK,STOCHASTIC,SUPERTREND,VPOC",13,13.0,CAMARILLA,CAMARILLA: breakout above H4=12.67,11:40,12.43375,STOP_HIT,LOSS,-9947.95,-1.99,60.0,MEDIUM
2021-12-01,AMBUJACEM,SHORT,09:20,376.95,1326,499835.7,380.94525,367.0,2.49,"ADX-FILTER,CAMARILLA,DAILY-BIAS,FAILED-BO,FIRST-CANDLE,MACD,ORB-15,ORB-30,PIN-BAR,REL-STR,SR-BREAK,STOCHASTIC,SUPERTREND",13,13.0,FAILED-BO,"Failed BO: bull trap above 378.10, reversed on vol 1.6×",15:15,371.7,TIME_EXIT,WIN,6236.79,1.25,60.0,MEDIUM
2021-12-02,NESTLEIND,LONG,10:00,975.0,512,499200.0,961.4,1002.2,2.0,"ASC-TRI,BOLLINGER,CAMARILLA,DAILY-BIAS,DBL-BTM,EMA-CROSS,FIRST-CANDLE,MACD,ORB-15,ORB-30,PDH-PDL,RSI-EXT,SR-BREAK,STOCHASTIC,SUPERTREND,VPOC",16,16.0,ORB-15,ORB-15: breakout above 975.00 (range=13.60),15:15,975.5,TIME_EXIT,LOSS,-472.02,-0.09,60.0,MEDIUM
2021-12-02,HAVELLS,SHORT,09:15,1369.4,365,499831.0,1383.7845,1320.0,3.43,"BOLLINGER,CPR,FAILED-BO,FIRST-CANDLE,MACD,ORB-15,ORB-30,PIN-BAR,REL-STR,RSI-EXT,STOCHASTIC,SUPERTREND,VPOC",13,13.0,FAILED-BO,"Failed BO: bull trap above 1376.75, reversed on vol 2.4×",15:15,1381.85,TIME_EXIT,LOSS,-5275.53,-1.06,60.0,MEDIUM
2021-12-03,SONACOMS,LONG,09:15,770.5725,648,499330.98,764.81125,793.6175000000001,4.0,"CAMARILLA,CPR,DAILY-BIAS,DBL-BTM,FIRST-CANDLE,GAP-CONT,ORB-15,PDH-PDL,PIN-BAR,REL-STR,SR-BREAK,STOCHASTIC,VPOC",13,13.0,CAMARILLA,CAMARILLA: breakout above H4=770.57,09:25,793.6175000000001,TARGET_HIT,EXACT_WIN,14193.34,2.84,60.0,MEDIUM
2021-12-03,BOSCHLTD,SHORT,09:30,16667.75,29,483364.75,16849.88025,16219.7,2.46,"ADX-FILTER,BEAR-ENGULF,BOLLINGER,CAMARILLA,CPR,DAILY-BIAS,FIRST-CANDLE,INTRADAY-STRUCT,MACD,ORB-15,ORB-30,PIN-BAR,RSI-EXT,SUPERTREND",14,14.0,BEAR-ENGULF,"Bear Engulf at resistance 16699.85, vol 2.0×",15:15,16500.0,TIME_EXIT,WIN,4161.3,0.86,60.0,MEDIUM
2021-12-06,BHEL,LONG,09:40,60.85,8216,499943.6,60.05,62.45000000000001,2.0,"CAMARILLA,EMA-CROSS,FIRST-CANDLE,MACD,ORB-15,ORB-30,PDH-PDL,PIN-BAR,REL-STR,SR-BREAK,STOCHASTIC,SUPERTREND,VPOC",13,13.0,ORB-15,ORB-15: breakout above 60.85 (range=0.80),12:40,62.45000000000001,TARGET_HIT,EXACT_WIN,12406.36,2.48,60.0,MEDIUM
2021-12-06,INDUSTOWER,SHORT,12:55,276.5,1808,499912.0,283.0,263.5,2.0,"BEAR-ENGULF,DAILY-BIAS,FIRST-CANDLE,INTRADAY-STRUCT,MACD,ORB-15,ORB-30,PDH-PDL,PIN-BAR,REL-STR,SR-BREAK,SUPERTREND",12,12.0,ORB-15,ORB-15: breakdown below 276.50,15:15,268.8,TIME_EXIT,WIN,13200.77,2.64,60.0,MEDIUM
2021-12-07,SAMMAANCAP,LONG,09:20,224.8525,2223,499847.11,221.40124999999998,238.6575,4.0,"CAMARILLA,DAILY-BIAS,EMA-CROSS,FIRST-CANDLE,GAP-CONT,PDH-PDL,REL-STR,SR-BREAK,STOCHASTIC,VPOC,VWAP-REV,VWAP-STDDEV",12,12.0,CAMARILLA,CAMARILLA: breakout above H4=224.85,14:00,221.40124999999998,STOP_HIT,LOSS,-8394.76,-1.68,60.0,MEDIUM
2021-12-07,BIOCON,SHORT,09:30,360.0,1388,499680.0,363.3,353.4,2.0,"ADX-FILTER,BOLLINGER,CAMARILLA,FIRST-CANDLE,MACD,ORB-15,PDH-PDL,PIN-BAR,REL-STR,SR-BREAK,STOCHASTIC,VPOC,VWAP-STDDEV",13,13.0,ORB-15,ORB-15: breakdown below 360.00,10:55,363.3,STOP_HIT,LOSS,-5311.49,-1.06,60.0,MEDIUM
2021-12-08,FSL,LONG,09:15,167.1826530612245,2990,499876.13,166.93010204081634,169.09081632653061,7.56,"ADX-FILTER,CAMARILLA,EMA-CROSS,FIRST-CANDLE,GAP-CONT,ORB-30,PDH-PDL,PIN-BAR,SR-BREAK,STOCHASTIC,VPOC,VWAP-STDDEV",12,12.0,VPOC,VPOC: breakout above VAH=167.18,09:45,169.09081632653061,TARGET_HIT,EXACT_WIN,4972.15,0.99,60.0,MEDIUM
2021-12-08,CONCOR,SHORT,10:40,513.0,974,499662.0,515.5649999999999,507.31428571428575,2.22,"BEAR-ENGULF,CAMARILLA,DAILY-BIAS,FAILED-BO,FIRST-CANDLE,INTRADAY-STRUCT,ORB-15,ORB-30,PIN-BAR,REL-STR,SR-BREAK,VPOC,VWAP-STDDEV",13,13.0,VPOC,VPOC: rejection at VPOC=512.00,13:15,507.31428571428575,TARGET_HIT,EXACT_WIN,4812.6,0.96,60.0,MEDIUM
2021-12-09,SONACOMS,LONG,09:15,783.8375,637,499304.49,779.91875,799.5124999999999,4.0,"CAMARILLA,DAILY-BIAS,DBL-BTM,FIRST-CANDLE,ORB-15,ORB-30,PDH-PDL,PIN-BAR,REL-STR,SR-BREAK,STOCHASTIC,VPOC,VWAP-STDDEV",13,13.0,CAMARILLA,CAMARILLA: breakout above H4=783.84,09:40,799.5124999999999,TARGET_HIT,EXACT_WIN,9249.11,1.85,60.0,MEDIUM
2021-12-09,ICICIPRULI,SHORT,10:00,586.25,852,499485.0,594.9,568.95,2.0,"ADX-FILTER,CAMARILLA,DAILY-BIAS,FAILED-BO,FIRST-CANDLE,MACD,ORB-15,ORB-30,PDH-PDL,PIN-BAR,REL-STR,SR-BREAK,STOCHASTIC,SUPERTREND,VPOC",15,15.0,ORB-15,ORB-15: breakdown below 586.25,15:15,580.0,TIME_EXIT,WIN,4599.84,0.92,60.0,MEDIUM
2021-12-10,GODREJPROP,LONG,09:15,2045.3632653061225,244,499068.64,2043.2255102040817,2069.3061224489793,11.2,"ADX-FILTER,BOLLINGER,CAMARILLA,CPR,FIRST-CANDLE,ORB-15,ORB-30,PDH-PDL,PIN-BAR,SR-BREAK,STOCHASTIC,VPOC,VWAP-STDDEV",13,13.0,VPOC,VPOC: breakout above VAH=2045.36,09:20,2043.2255102040817,STOP_HIT,LOSS,-1248.84,-0.25,60.0,MEDIUM
2021-12-10,LTM,SHORT,09:30,6560.05,76,498563.8,6629.95,6420.250000000001,2.0,"BOLLINGER,DAILY-BIAS,FIRST-CANDLE,MACD,ORB-15,ORB-30,PDH-PDL,PIN-BAR,REL-STR,SR-BREAK,STOCHASTIC,SUPERTREND",12,12.0,ORB-15,ORB-15: breakdown below 6560.05,15:15,6610.1,TIME_EXIT,LOSS,-4532.93,-0.91,60.0,MEDIUM
2021-12-13,LTTS,LONG,09:25,5431.3475,92,499683.97,5392.17375,5588.0425,4.0,"ASC-TRI,CAMARILLA,DAILY-BIAS,DBL-BTM,FIRST-CANDLE,INTRADAY-STRUCT,ORB-15,ORB-30,PDH-PDL,PIN-BAR,REL-STR,SR-BREAK,STOCHASTIC,VPOC",14,14.0,CAMARILLA,CAMARILLA: breakout above H4=5431.35,10:25,5588.0425,TARGET_HIT,EXACT_WIN,13676.05,2.74,60.0,MEDIUM
2021-12-13,COALINDIA,SHORT,11:25,141.55,3532,499954.6,142.25,140.15000000000003,2.0,"BOLLINGER,CAMARILLA,DAILY-BIAS,DBL-TOP,FIRST-CANDLE,INTRADAY-STRUCT,MACD,ORB-15,ORB-30,PDH-PDL,RSI-EXT,SR-BREAK,STOCHASTIC,SUPERTREND,VPOC",15,15.0,ORB-15,ORB-15: breakdown below 141.55,12:25,140.15000000000003,TARGET_HIT,EXACT_WIN,4218.78,0.84,60.0,MEDIUM
2021-12-14,DEVYANI,LONG,09:25,190.49693877551022,2624,499863.97,190.40306122448982,194.6275510204082,44.0,"ADX-FILTER,CAMARILLA,DAILY-BIAS,EMA-CROSS,FIRST-CANDLE,INTRADAY-STRUCT,ORB-15,ORB-30,PDH-PDL,PIN-BAR,REL-STR,SR-BREAK,STOCHASTIC,SUPERTREND,VPOC",15,15.0,VPOC,VPOC: breakout above VAH=190.50,09:30,194.6275510204082,TARGET_HIT,EXACT_WIN,10101.42,2.02,60.0,MEDIUM
2021-12-14,MUTHOOTFIN,SHORT,10:10,1466.5,340,498610.0,1490.0,1419.5,2.0,"DAILY-BIAS,FAILED-BO,FIRST-CANDLE,MACD,ORB-15,ORB-30,PDH-PDL,PIN-BAR,REL-STR,RSI-EXT,SR-BREAK,STOCHASTIC,VWAP-STDDEV",13,13.0,ORB-15,ORB-15: breakdown below 1466.50,13:50,1490.0,STOP_HIT,LOSS,-8721.58,-1.75,60.0,MEDIUM
2021-12-15,NAVINFLUOR,LONG,13:10,3994.5,125,499312.5,3945.0,4093.5,2.0,"BULL-FLAG,DAILY-BIAS,FIRST-CANDLE,INTRADAY-STRUCT,MACD,ORB-15,ORB-30,PDH-PDL,PIN-BAR,REL-STR,SR-BREAK,STOCHASTIC,VPOC",13,13.0,ORB-15,ORB-15: breakout above 3994.50 (range=49.50),15:15,4001.0,TIME_EXIT,WIN,83.88,0.02,60.0,MEDIUM
2021-12-15,ZEEL,SHORT,09:20,363.13,1376,499666.88,367.3576499999999,345.94,4.07,"BEAR-ENGULF,BOLLINGER,CAMARILLA,CPR,FAILED-BO,FIRST-CANDLE,INTRADAY-STRUCT,MACD,PIN-BAR,RSI-EXT,SUPERTREND,VWAP-REV,VWAP-STDDEV",13,13.0,BEAR-ENGULF,"Bear Engulf at resistance 364.94, vol 2.2×",11:20,367.3576499999999,STOP_HIT,LOSS,-6549.03,-1.31,60.0,MEDIUM
2021-12-16,POLICYBZR,LONG,09:35,1133.56,441,499899.96,1122.78,1176.6799999999998,4.0,"CAMARILLA,FALL-WEDGE,FIRST-CANDLE,INTRADAY-STRUCT,MACD,ORB-15,PDH-PDL,REL-STR,RSI-EXT,STOCHASTIC,VPOC,VWAP-REV,VWAP-STDDEV",13,13.0,CAMARILLA,CAMARILLA: breakout above H4=1133.56,10:25,1122.78,STOP_HIT,LOSS,-5478.99,-1.1,60.0,MEDIUM
2021-12-16,MUTHOOTFIN,SHORT,10:30,1466.1,341,499940.1,1479.8,1438.6999999999998,2.0,"ADX-FILTER,BEAR-ENGULF,CAMARILLA,DAILY-BIAS,DBL-TOP,FIRST-CANDLE,MACD,ORB-15,ORB-30,PDH-PDL,PIN-BAR,SR-BREAK,STOCHASTIC,VPOC",14,14.0,ORB-15,ORB-15: breakdown below 1466.10,15:15,1459.6,TIME_EXIT,WIN,1488.94,0.3,60.0,MEDIUM
2021-12-17,NAVINFLUOR,LONG,09:45,4019.9,124,498467.6,3955.0,4149.700000000001,2.0,"BOLLINGER,BULL-FLAG,CAMARILLA,DAILY-BIAS,EMA-CROSS,MACD,ORB-15,ORB-30,PDH-PDL,REL-STR,SR-BREAK,SUPERTREND,VPOC",13,13.0,ORB-15,ORB-15: breakout above 4019.90 (range=64.90),15:15,4005.15,TIME_EXIT,LOSS,-2554.37,-0.51,60.0,MEDIUM
2021-12-17,LTTS,SHORT,09:20,5550.0,90,499500.0,5577.749999999999,5442.693877551021,3.87,"BEAR-ENGULF,BOLLINGER,CAMARILLA,FAILED-BO,FIRST-CANDLE,INTRADAY-STRUCT,MACD,PDH-PDL,PIN-BAR,REL-STR,RSI-EXT,SR-BREAK,STOCHASTIC,SUPERTREND,VPOC",15,15.0,VPOC,VPOC: rejection at VPOC=5541.14,10:20,5442.693877551021,TARGET_HIT,EXACT_WIN,8934.84,1.79,60.0,MEDIUM
2021-12-20,GLAND,LONG,10:30,3680.0,135,496800.0,3591.2,3857.6000000000004,2.0,"CAMARILLA,CPR,DAILY-BIAS,DBL-BTM,FIRST-CANDLE,ORB-15,ORB-30,PDH-PDL,REL-STR,SR-BREAK,STOCHASTIC,VPOC,VWAP-STDDEV",13,13.0,ORB-15,ORB-15: breakout above 3680.00 (range=88.80),15:15,3656.8,TIME_EXIT,LOSS,-3854.07,-0.78,60.0,MEDIUM
2021-12-20,BRITANNIA,SHORT,10:30,3480.4,143,497697.2,3528.25,3384.7000000000003,2.0,"ADX-FILTER,CPR,DAILY-BIAS,DBL-TOP,DESC-TRI,FIRST-CANDLE,ORB-15,ORB-30,PDH-PDL,PIN-BAR,SR-BREAK,STOCHASTIC",12,12.0,ORB-15,ORB-15: breakdown below 3480.40,15:15,3472.85,TIME_EXIT,WIN,354.5,0.07,60.0,MEDIUM
2021-12-21,HCLTECH,LONG,09:20,1174.7525,425,499269.81,1167.45125,1203.9575,4.0,"ASC-TRI,CAMARILLA,CPR,DAILY-BIAS,DBL-BTM,FIRST-CANDLE,ORB-15,ORB-30,PDH-PDL,PIN-BAR,REL-STR,SR-BREAK,STOCHASTIC,VPOC",14,14.0,CAMARILLA,CAMARILLA: breakout above H4=1174.75,10:05,1203.9575,TARGET_HIT,EXACT_WIN,11674.38,2.34,60.0,MEDIUM
2021-12-21,POWERGRID,SHORT,09:30,154.35,3239,499939.65,155.12175,152.2795918367347,2.68,"BOLLINGER,CAMARILLA,FIRST-CANDLE,MACD,ORB-15,ORB-30,PDH-PDL,PIN-BAR,REL-STR,SR-BREAK,STOCHASTIC,SUPERTREND,VPOC",13,13.0,VPOC,VPOC: rejection at VPOC=154.08,11:05,152.2795918367347,TARGET_HIT,EXACT_WIN,5981.06,1.2,60.0,MEDIUM
2021-12-22,ABCAPITAL,LONG,09:50,116.045,4308,499921.86,114.9725,120.335,4.0,"ADX-FILTER,CAMARILLA,CPR,DAILY-BIAS,EMA-CROSS,FIRST-CANDLE,ORB-15,ORB-30,PDH-PDL,PIN-BAR,REL-STR,RSI-EXT,STOCHASTIC,VPOC",14,14.0,CAMARILLA,CAMARILLA: breakout above H4=116.05,13:40,114.9725,STOP_HIT,LOSS,-5345.48,-1.07,60.0,MEDIUM
2021-12-22,TATACOMM,SHORT,09:20,1353.15,369,499312.35,1373.2,1313.0500000000002,2.0,"ADX-FILTER,BOLLINGER,CAMARILLA,CPR,FAILED-BO,FIRST-CANDLE,MACD,PIN-BAR,REL-STR,RSI-EXT,VWAP-REV,VWAP-STDDEV",12,12.0,FIRST-CANDLE,FIRST-CANDLE: break below first candle low=1353.15,10:55,1373.2,STOP_HIT,LOSS,-8130.65,-1.63,60.0,MEDIUM
2021-12-23,LALPATHLAB,LONG,09:25,1713.685,291,498682.33,1700.8425,1765.0549999999998,4.0,"BOLLINGER,CAMARILLA,EMA-CROSS,FIRST-CANDLE,INTRADAY-STRUCT,MACD,ORB-15,ORB-30,PDH-PDL,PIN-BAR,REL-STR,SR-BREAK,STOCHASTIC,SUPERTREND,VPOC",15,15.0,CAMARILLA,CAMARILLA: breakout above H4=1713.68,15:15,1738.5,TIME_EXIT,WIN,6488.33,1.3,60.0,MEDIUM
2021-12-23,SBILIFE,SHORT,12:20,1125.25,444,499611.0,1134.0,1107.75,2.0,"ADX-FILTER,BOLLINGER,CAMARILLA,DAILY-BIAS,DBL-TOP,FIRST-CANDLE,MACD,ORB-15,ORB-30,PDH-PDL,PIN-BAR,REL-STR,SR-BREAK,STOCHASTIC,SUPERTREND",15,15.0,ORB-15,ORB-15: breakdown below 1125.25,15:15,1124.45,TIME_EXIT,LOSS,-372.98,-0.07,60.0,MEDIUM
2021-12-24,SRF,LONG,09:30,2334.15,214,499508.1,2305.05,2392.35,2.0,"BOLLINGER,DAILY-BIAS,EMA-CROSS,FIRST-CANDLE,MACD,ORB-15,PDH-PDL,PIN-BAR,REL-STR,SR-BREAK,STOCHASTIC,SUPERTREND,VPOC,VWAP-STDDEV",14,14.0,ORB-15,ORB-15: breakout above 2334.15 (range=29.10),10:45,2305.05,STOP_HIT,LOSS,-6950.71,-1.39,60.0,MEDIUM
2021-12-24,HEROMOTOCO,SHORT,09:35,2226.9,224,498825.6,2256.4,2167.9,2.0,"ADX-FILTER,BOLLINGER,CAMARILLA,DAILY-BIAS,DBL-TOP,FAILED-BO,FIRST-CANDLE,INTRADAY-STRUCT,MACD,ORB-15,SUPERTREND,VPOC,VWAP-STDDEV",13,13.0,ORB-15,ORB-15: breakdown below 2226.90,15:15,2237.1,TIME_EXIT,LOSS,-3013.42,-0.6,60.0,MEDIUM
2021-12-27,DEEPAKNTR,LONG,09:45,2300.0,217,499100.0,2273.0,2354.0,2.0,"ADX-FILTER,BOLLINGER,CAMARILLA,DAILY-BIAS,EMA-CROSS,FIRST-CANDLE,MACD,ORB-15,ORB-30,PDH-PDL,PIN-BAR,REL-STR,SR-BREAK,STOCHASTIC,SUPERTREND",15,15.0,ORB-15,ORB-15: breakout above 2300.00 (range=27.00),14:10,2354.0,TARGET_HIT,EXACT_WIN,10981.04,2.2,60.0,MEDIUM
2021-12-27,ADANIENSOL,SHORT,10:30,1785.0,280,499800.0,1830.0,1695.0,2.0,"BOLLINGER,CAMARILLA,DAILY-BIAS,FIRST-CANDLE,GAP-FADE,MACD,ORB-15,ORB-30,PDH-PDL,PIN-BAR,REL-STR,SR-BREAK,SUPERTREND,VPOC",14,14.0,ORB-15,ORB-15: breakdown below 1785.00,15:15,1759.15,TIME_EXIT,WIN,6513.5,1.3,60.0,MEDIUM
2021-12-28,DEEPAKNTR,LONG,09:15,2352.138775510204,212,498653.42,2349.558163265306,2417.514285714286,25.33,"ASC-TRI,CAMARILLA,DAILY-BIAS,FIRST-CANDLE,MACD,ORB-15,ORB-30,PDH-PDL,PIN-BAR,REL-STR,STOCHASTIC,VOL-SPIKE,VPOC",13,13.0,VPOC,VPOC: breakout above VAH=2352.14,09:45,2417.514285714286,TARGET_HIT,EXACT_WIN,13121.56,2.63,60.0,MEDIUM
2021-12-28,INDUSINDBK,SHORT,09:20,860.0,581,499660.0,867.2647499999999,811.7,6.65,"ADX-FILTER,BOLLINGER,CPR,DAILY-BIAS,FAILED-BO,FIRST-CANDLE,MACD,ORB-15,ORB-30,PIN-BAR,REL-STR,SR-BREAK,SUPERTREND",13,13.0,FAILED-BO,"Failed BO: bull trap above 861.80, reversed on vol 1.4×",15:15,852.25,TIME_EXIT,WIN,3776.88,0.76,60.0,MEDIUM
2021-12-29,DRREDDY,LONG,09:15,951.2836734693877,525,499423.93,951.1413265306123,960.3938775510204,64.0,"CAMARILLA,CPR,DAILY-BIAS,DBL-BTM,FIRST-CANDLE,MACD,ORB-15,PDH-PDL,PIN-BAR,REL-STR,SR-BREAK,STOCHASTIC,VPOC",13,13.0,VPOC,VPOC: breakout above VAH=951.28,09:35,960.3938775510204,TARGET_HIT,EXACT_WIN,4050.95,0.81,60.0,MEDIUM
2021-12-29,HINDALCO,SHORT,10:30,455.0,1098,499590.0,457.65,449.70000000000005,2.0,"ADX-FILTER,CPR,FIRST-CANDLE,MACD,ORB-15,ORB-30,PDH-PDL,REL-STR,RISE-WEDGE,SR-BREAK,STOCHASTIC,VPOC",12,12.0,ORB-15,ORB-15: breakdown below 455.00,15:15,454.2,TIME_EXIT,WIN,150.55,0.03,60.0,MEDIUM
2021-12-30,HCLTECH,LONG,09:40,1296.765306122449,385,499254.64,1293.4132653061224,1308.8326530612244,3.6,"CAMARILLA,CPR,DAILY-BIAS,FIRST-CANDLE,MACD,ORB-15,ORB-30,PDH-PDL,PIN-BAR,REL-STR,SR-BREAK,STOCHASTIC,SUPERTREND,VPOC",14,14.0,VPOC,VPOC: breakout above VAH=1296.77,10:20,1308.8326530612244,TARGET_HIT,EXACT_WIN,3914.36,0.78,60.0,MEDIUM
2021-12-30,HINDPETRO,SHORT,10:20,168.75,2962,499837.5,170.2,165.85000000000002,2.0,"CAMARILLA,DAILY-BIAS,FIRST-CANDLE,MACD,ORB-15,ORB-30,PDH-PDL,PIN-BAR,REL-STR,SR-BREAK,STOCHASTIC,SUPERTREND,VPOC",13,13.0,ORB-15,ORB-15: breakdown below 168.75,15:15,167.0,TIME_EXIT,WIN,4457.78,0.89,60.0,MEDIUM
2021-12-31,NESTLEIND,LONG,10:10,975.0400000000001,512,499220.48,971.52,989.1200000000002,4.0,"ASC-TRI,CAMARILLA,DAILY-BIAS,DBL-BTM,FIRST-CANDLE,MACD,ORB-15,ORB-30,PDH-PDL,SR-BREAK,SUPERTREND,VPOC",12,12.0,CAMARILLA,CAMARILLA: breakout above H4=975.04,14:20,989.1200000000002,TARGET_HIT,EXACT_WIN,6475.41,1.3,60.0,MEDIUM
2021-12-31,IDFCFIRSTB,SHORT,09:30,47.5,10526,499985.0,47.9385,46.1,3.19,"ADX-FILTER,BEAR-ENGULF,BOLLINGER,CAMARILLA,DAILY-BIAS,FAILED-BO,FIRST-CANDLE,MACD,PIN-BAR,REL-STR,RSI-EXT,VWAP-REV,VWAP-STDDEV",13,13.0,BEAR-ENGULF,"Bear Engulf at resistance 47.85, vol 2.0×",10:45,47.9385,STOP_HIT,LOSS,-5347.18,-1.07,60.0,MEDIUM
2022-01-03,CDSL,LONG,11:40,767.5,574,440545.0,715.275,876.175,2.08,"ADX-FILTER,ASC-TRI,DBL-BTM,EMA-CROSS,FIRST-CANDLE,MACD,ORB-15,ORB-30,PDH-PDL,PIN-BAR,REL-STR,SR-BREAK,SUPERTREND,VPOC",14,14.0,ASC-TRI,Ascending Triangle: breakout above resistance 761.84,15:15,766.0,TIME_EXIT,LOSS,-1508.17,-0.34,60.0,MEDIUM
2022-01-03,LAURUSLABS,SHORT,10:20,540.45,925,499916.25,546.2,528.95,2.0,"BEAR-ENGULF,BOLLINGER,CAMARILLA,FAILED-BO,FIRST-CANDLE,MACD,ORB-15,ORB-30,PDH-PDL,PIN-BAR,REL-STR,SR-BREAK,SUPERTREND,VPOC",14,14.0,ORB-15,ORB-15: breakdown below 540.45,12:10,528.95,TARGET_HIT,EXACT_WIN,9914.79,1.98,60.0,MEDIUM
2022-01-04,BEL,LONG,09:20,70.89500000000001,7052,499951.54,70.64750000000001,71.88500000000002,4.0,"ADX-FILTER,ASC-TRI,CAMARILLA,CPR,DAILY-BIAS,FIRST-CANDLE,INTRADAY-STRUCT,ORB-15,ORB-30,PDH-PDL,PIN-BAR,REL-STR,SR-BREAK,STOCHASTIC",14,14.0,CAMARILLA,CAMARILLA: breakout above H4=70.90,09:50,71.88500000000002,TARGET_HIT,EXACT_WIN,6247.11,1.25,60.0,MEDIUM
2022-01-04,AUROPHARMA,SHORT,09:55,724.95,689,499490.55,747.7019551724134,623.0,4.48,"ADX-FILTER,CAMARILLA,FIRST-CANDLE,INTRADAY-STRUCT,MACD,PDH-PDL,PIN-BAR,REL-STR,RISE-WEDGE,SR-BREAK,STOCHASTIC,SUPERTREND,VPOC",13,13.0,RISE-WEDGE,Rising Wedge: broke below lower trendline 725.12,15:15,722.55,TIME_EXIT,WIN,926.33,0.19,60.0,MEDIUM
2022-01-05,LALPATHLAB,LONG,10:45,1928.7,259,499533.3,1900.5,1985.1000000000001,2.0,"CAMARILLA,DAILY-BIAS,FIRST-CANDLE,MACD,ORB-15,ORB-30,PDH-PDL,REL-STR,RSI-EXT,SR-BREAK,STOCHASTIC,SUPERTREND,VPOC,VWAP-REV,VWAP-STDDEV",15,15.0,ORB-15,ORB-15: breakout above 1928.70 (range=28.20),13:20,1900.5,STOP_HIT,LOSS,-8026.29,-1.61,60.0,MEDIUM
2022-01-05,SAMMAANCAP,SHORT,11:10,194.05,2576,499872.8,195.1,191.95000000000005,2.0,"ADX-FILTER,BOLLINGER,DAILY-BIAS,FIRST-CANDLE,MACD,ORB-15,ORB-30,PDH-PDL,PIN-BAR,SR-BREAK,STOCHASTIC,VPOC",12,12.0,ORB-15,ORB-15: breakdown below 194.05,11:15,191.95000000000005,TARGET_HIT,EXACT_WIN,4683.96,0.94,60.0,MEDIUM
2022-01-06,DEEPAKNTR,LONG,09:40,2523.25,198,499603.5,2484.55,2600.6499999999996,2.0,"ADX-FILTER,BOLLINGER,CAMARILLA,DAILY-BIAS,EMA-CROSS,FIRST-CANDLE,INTRADAY-STRUCT,MACD,ORB-15,PDH-PDL,PIN-BAR,REL-STR,SR-BREAK,STOCHASTIC,SUPERTREND,VPOC",16,16.0,ORB-15,ORB-15: breakout above 2523.25 (range=38.70),15:15,2532.0,TIME_EXIT,WIN,1002.76,0.2,60.0,MEDIUM
2022-01-06,MPHASIS,SHORT,10:00,3136.3,159,498671.7,3179.5,3049.9000000000005,2.0,"ADX-FILTER,FIRST-CANDLE,OPEN-WEAK,ORB-15,ORB-30,PDH-PDL,PIN-BAR,REL-STR,SR-BREAK,STOCHASTIC,VWAP-STDDEV",11,11.0,ORB-15,ORB-15: breakdown below 3136.30,15:15,3133.4,TIME_EXIT,LOSS,-265.74,-0.05,60.0,MEDIUM
2022-01-07,OBEROIRLTY,LONG,09:15,921.21,542,499295.82,914.555,947.8300000000002,4.0,"CAMARILLA,DAILY-BIAS,FIRST-CANDLE,GAP-CONT,MACD,ORB-15,ORB-30,PDH-PDL,PIN-BAR,RSI-EXT,SR-BREAK,STOCHASTIC,VPOC,VWAP-REV,VWAP-STDDEV",15,15.0,CAMARILLA,CAMARILLA: breakout above H4=921.21,11:55,914.555,STOP_HIT,LOSS,-4332.1,-0.87,60.0,MEDIUM
2022-01-07,APLAPOLLO,SHORT,12:45,937.05,533,499447.65,952.25,906.6499999999999,2.0,"ADX-FILTER,BEAR-ENGULF,CPR,DAILY-BIAS,FAILED-BO,FIRST-CANDLE,MACD,ORB-15,ORB-30,PDH-PDL,PIN-BAR,REL-STR,SR-BREAK,SUPERTREND,VPOC",15,15.0,ORB-15,ORB-15: breakdown below 937.05,15:15,927.85,TIME_EXIT,WIN,4178.25,0.84,60.0,MEDIUM
2022-01-10,ICICIGI,LONG,09:40,1455.1650000000002,343,499121.6,1448.2075,1482.9950000000006,4.0,"CAMARILLA,DAILY-BIAS,DBL-BTM,FIRST-CANDLE,GAP-CONT,MACD,ORB-15,ORB-30,PDH-PDL,PIN-BAR,SR-BREAK,STOCHASTIC,SUPERTREND,VPOC",14,14.0,CAMARILLA,CAMARILLA: breakout above H4=1455.17,14:00,1448.2075,STOP_HIT,LOSS,-3112.25,-0.62,60.0,MEDIUM
2022-01-10,COLPAL,SHORT,12:50,1468.65,340,499341.0,1479.9,1446.15,2.0,"ADX-FILTER,CAMARILLA,FAILED-BO,FIRST-CANDLE,MACD,ORB-15,ORB-30,PIN-BAR,REL-STR,SR-BREAK,SUPERTREND,VPOC",12,12.0,ORB-15,ORB-15: breakdown below 1468.65,15:15,1465.45,TIME_EXIT,WIN,360.61,0.07,60.0,MEDIUM
2022-01-11,BSOFT,LONG,10:50,572.95,872,499612.4,566.15,586.5500000000002,2.0,"BOLLINGER,CAMARILLA,DAILY-BIAS,DBL-BTM,EMA-CROSS,MACD,ORB-15,ORB-30,RSI-EXT,SR-BREAK,STOCHASTIC,SUPERTREND,VPOC,VWAP-STDDEV",14,14.0,ORB-15,ORB-15: breakout above 572.95 (range=6.80),15:15,572.2,TIME_EXIT,LOSS,-1381.86,-0.28,60.0,MEDIUM
2022-01-11,APLAPOLLO,SHORT,13:20,918.9,544,499881.6,931.1,894.4999999999999,2.0,"BOLLINGER,CAMARILLA,DAILY-BIAS,FIRST-CANDLE,INTRADAY-STRUCT,MACD,ORB-15,ORB-30,PIN-BAR,SR-BREAK,STOCHASTIC,SUPERTREND",12,12.0,ORB-15,ORB-15: breakdown below 918.90,14:35,894.4999999999999,TARGET_HIT,EXACT_WIN,12552.44,2.51,60.0,MEDIUM
2022-01-12,ABREL,LONG,09:40,1000.0,500,500000.0,985.1,1029.8,2.0,"BULL-FLAG,DAILY-BIAS,EMA-CROSS,FIRST-CANDLE,MACD,ORB-15,ORB-30,PDH-PDL,REL-STR,SR-BREAK,STOCHASTIC,SUPERTREND,VPOC,VWAP-REV",14,14.0,ORB-15,ORB-15: breakout above 1000.00 (range=14.90),14:10,985.1,STOP_HIT,LOSS,-8173.01,-1.63,60.0,MEDIUM
2022-01-12,MUTHOOTFIN,SHORT,10:05,1527.15,327,499378.05,1538.0,1505.4500000000003,2.0,"ADX-FILTER,BOLLINGER,CAMARILLA,FIRST-CANDLE,INTRADAY-STRUCT,MACD,ORB-15,ORB-30,PDH-PDL,PIN-BAR,SR-BREAK,STOCHASTIC,SUPERTREND",13,13.0,ORB-15,ORB-15: breakdown below 1527.15,15:15,1515.0,TIME_EXIT,WIN,3247.26,0.65,60.0,MEDIUM
2022-01-13,UNOMINDA,LONG,09:30,603.1425,828,499401.99,598.37125,622.2275000000001,4.0,"CAMARILLA,DAILY-BIAS,EMA-CROSS,FIRST-CANDLE,MACD,ORB-15,REL-STR,RSI-EXT,SR-BREAK,STOCHASTIC,SUPERTREND,VPOC,VWAP-REV,VWAP-STDDEV",14,14.0,CAMARILLA,CAMARILLA: breakout above H4=603.14,09:45,598.37125,STOP_HIT,LOSS,-4675.56,-0.94,60.0,MEDIUM
2022-01-13,PIIND,SHORT,10:05,2855.0,175,499625.0,2894.75,2775.5,2.0,"ADX-FILTER,CAMARILLA,DAILY-BIAS,FIRST-CANDLE,INTRADAY-STRUCT,ORB-15,ORB-30,PDH-PDL,PIN-BAR,REL-STR,SR-BREAK,SUPERTREND,VPOC",13,13.0,ORB-15,ORB-15: breakdown below 2855.00,15:15,2832.3,TIME_EXIT,WIN,3246.37,0.65,60.0,MEDIUM
2022-01-14,BATAINDIA,LONG,09:20,1985.4795918367347,251,498355.38,1976.6770408163266,2005.6928571428573,2.3,"CAMARILLA,CPR,DAILY-BIAS,EMA-CROSS,FIRST-CANDLE,ORB-15,ORB-30,PDH-PDL,PIN-BAR,REL-STR,SR-BREAK,STOCHASTIC,SUPERTREND,VPOC",14,14.0,VPOC,VPOC: breakout above VAH=1985.48,09:40,2005.6928571428573,TARGET_HIT,EXACT_WIN,4342.85,0.87,60.0,MEDIUM
2022-01-14,DABUR,SHORT,12:40,574.99,869,499666.31,587.9,549.1700000000001,2.0,"ADX-FILTER,CAMARILLA,CPR,FAILED-BO,FIRST-CANDLE,INTRADAY-STRUCT,MACD,OPEN-WEAK,PDH-PDL,PIN-BAR,SR-BREAK,STOCHASTIC",12,12.0,SR-BREAK,SR-BREAK: breakdown below support 574.99,15:15,575.25,TIME_EXIT,LOSS,-954.52,-0.19,60.0,MEDIUM
2022-01-17,ASHOKLEY,LONG,09:35,67.24249999999999,7435,499947.99,66.87125,68.72749999999998,4.0,"CAMARILLA,DAILY-BIAS,FIRST-CANDLE,INTRADAY-STRUCT,MACD,ORB-15,ORB-30,PDH-PDL,PIN-BAR,REL-STR,SR-BREAK,STOCHASTIC,SUPERTREND,VPOC,VWAP-REV",15,15.0,CAMARILLA,CAMARILLA: breakout above H4=67.24,11:15,66.87125,STOP_HIT,LOSS,-3486.9,-0.7,60.0,MEDIUM
2022-01-17,PIIND,SHORT,09:40,2796.26,178,497734.28,2948.45,2491.880000000001,2.0,"ADX-FILTER,BEAR-ENGULF,DAILY-BIAS,FAILED-BO,FIRST-CANDLE,INTRADAY-STRUCT,PDH-PDL,REL-STR,SR-BREAK,STOCHASTIC,VWAP-STDDEV",11,11.0,SR-BREAK,SR-BREAK: breakdown below support 2796.26,15:15,2794.45,TIME_EXIT,LOSS,-403.46,-0.08,60.0,MEDIUM
2022-01-18,SAMMAANCAP,LONG,11:35,199.2,2510,499992.0,198.15,201.29999999999995,2.0,"BOLLINGER,CPR,DAILY-BIAS,DBL-BTM,EMA-CROSS,MACD,ORB-15,ORB-30,PDH-PDL,PIN-BAR,SR-BREAK,STOCHASTIC,SUPERTREND,VWAP-STDDEV",14,14.0,ORB-15,ORB-15: breakout above 199.20 (range=1.05),11:40,201.29999999999995,TARGET_HIT,EXACT_WIN,4537.93,0.91,60.0,MEDIUM
2022-01-18,ETERNAL,SHORT,13:15,134.0,3731,499954.0,134.6,132.8,2.0,"ADX-FILTER,BEAR-ENGULF,BOLLINGER,CAMARILLA,FAILED-BO,FIRST-CANDLE,MACD,ORB-15,PDH-PDL,PIN-BAR,REL-STR,STOCHASTIC,SUPERTREND,VPOC",14,14.0,ORB-15,ORB-15: breakdown below 134.00,15:15,133.0,TIME_EXIT,WIN,3004.29,0.6,60.0,MEDIUM
2022-01-19,TATAELXSI,LONG,09:15,6523.8,76,495808.8,6499.061224489797,6676.730612244898,6.18,"BULL-FLAG,CAMARILLA,DAILY-BIAS,EMA-CROSS,FIRST-CANDLE,GAP-CONT,ORB-15,ORB-30,PDH-PDL,REL-STR,STOCHASTIC,VOL-SPIKE,VPOC",13,13.0,VPOC,VPOC: breakout above VAH=6523.80,09:20,6676.730612244898,TARGET_HIT,EXACT_WIN,10890.33,2.2,60.0,MEDIUM
2022-01-19,HAVELLS,SHORT,11:30,1315.0,380,499700.0,1332.65,1279.6999999999998,2.0,"ADX-FILTER,BOLLINGER,CAMARILLA,DAILY-BIAS,FIRST-CANDLE,MACD,ORB-15,ORB-30,PDH-PDL,SR-BREAK,SUPERTREND,VPOC",12,12.0,ORB-15,ORB-15: breakdown below 1315.00,15:15,1309.6,TIME_EXIT,WIN,1324.67,0.27,60.0,MEDIUM
2022-01-20,NTPC,LONG,10:10,135.79250000000002,3682,499987.99,135.14625,138.37750000000005,4.0,"CAMARILLA,CPR,DAILY-BIAS,FIRST-CANDLE,INTRADAY-STRUCT,ORB-15,ORB-30,PDH-PDL,REL-STR,SR-BREAK,STOCHASTIC,VPOC,VWAP-STDDEV",13,13.0,CAMARILLA,CAMARILLA: breakout above H4=135.79,11:55,135.14625,STOP_HIT,LOSS,-3106.5,-0.62,60.0,MEDIUM
2022-01-20,PIIND,SHORT,13:15,2696.95,185,498935.75,2712.35,2666.1499999999996,2.0,"BEAR-ENGULF,BOLLINGER,CAMARILLA,DAILY-BIAS,FIRST-CANDLE,INTRADAY-STRUCT,MACD,ORB-15,ORB-30,SR-BREAK,STOCHASTIC,SUPERTREND,VPOC",13,13.0,ORB-15,ORB-15: breakdown below 2696.95,14:55,2666.1499999999996,TARGET_HIT,EXACT_WIN,4973.8,1.0,60.0,MEDIUM
2022-01-21,BSE,LONG,10:50,232.5,2150,499875.0,229.0125,239.6862815003748,2.06,"CAMARILLA,CPR,DAILY-BIAS,DBL-BTM,EMA-CROSS,FIRST-CANDLE,ORB-15,ORB-30,PDH-PDL,PIN-BAR,REL-STR,RSI-EXT,SR-BREAK,VPOC,VWAP-REV,VWAP-STDDEV",16,16.0,VWAP-STDDEV,"VWAP-STDDEV: at -2σ=233.81, RSI=4",14:35,229.0125,STOP_HIT,LOSS,-8220.93,-1.64,60.0,MEDIUM
2022-01-21,ADANIGREEN,SHORT,09:20,1905.0,262,499110.0,1978.2531673626847,1758.4936652746305,2.0,"BOLLINGER,CAMARILLA,FAILED-BO,FIRST-CANDLE,MACD,PDH-PDL,PIN-BAR,REL-STR,SR-BREAK,STOCHASTIC,SUPERTREND,VPOC",12,12.0,SUPERTREND,"SUPERTREND: flipped bearish, ST=1974.30",15:15,1934.15,TIME_EXIT,LOSS,-8369.36,-1.68,60.0,MEDIUM
2022-01-24,BANDHANBNK,LONG,09:20,302.1469387755102,1654,499751.04,299.26020408163265,313.69387755102036,4.0,"BULL-FLAG,CPR,DAILY-BIAS,FIRST-CANDLE,PDH-PDL,REL-STR,SR-BREAK,STOCHASTIC,VOL-SPIKE,VPOC",10,10.0,VPOC,VPOC: breakout above VAH=302.15,09:30,299.26020408163265,STOP_HIT,LOSS,-5499.45,-1.1,60.0,MEDIUM
2022-01-24,DABUR,SHORT,13:10,548.4,911,499592.4,552.85,539.4999999999999,2.0,"BOLLINGER,DAILY-BIAS,DBL-TOP,FAILED-BO,FIRST-CANDLE,MACD,ORB-15,ORB-30,PDH-PDL,SR-BREAK,STOCHASTIC,SUPERTREND,VWAP-STDDEV",13,13.0,ORB-15,ORB-15: breakdown below 548.40,15:15,546.7,TIME_EXIT,WIN,821.23,0.16,60.0,MEDIUM
2022-01-25,MUTHOOTFIN,LONG,09:20,1448.3714285714284,345,499688.14,1443.7244897959183,1473.155102040816,5.33,"ADX-FILTER,CAMARILLA,EMA-CROSS,FIRST-CANDLE,INTRADAY-STRUCT,ORB-15,PDH-PDL,PIN-BAR,REL-STR,STOCHASTIC,SUPERTREND,VPOC,VWAP-REV",13,13.0,VPOC,VPOC: breakout above VAH=1448.37,09:35,1473.155102040816,TARGET_HIT,EXACT_WIN,7815.11,1.56,60.0,MEDIUM
2022-01-25,KOTAKBANK,SHORT,09:15,362.0,1199,434038.0,387.02,311.96000000000004,2.0,"DAILY-BIAS,FIRST-CANDLE,OPEN-WEAK,PDH-PDL,PIN-BAR,REL-STR,SR-BREAK,STOCHASTIC,VWAP-REV,VWAP-STDDEV",10,10.0,SR-BREAK,SR-BREAK: breakdown below support 362.00,15:15,371.0,TIME_EXIT,LOSS,-11436.15,-2.63,60.0,MEDIUM
2022-01-27,SBIN,LONG,12:45,513.75,973,499878.75,503.2,534.85,2.0,"ADX-FILTER,CAMARILLA,CPR,DAILY-BIAS,EMA-CROSS,FIRST-CANDLE,MACD,ORB-15,ORB-30,PDH-PDL,REL-STR,SR-BREAK,STOCHASTIC,SUPERTREND,VPOC",15,15.0,ORB-15,ORB-15: breakout above 513.75 (range=10.55),15:15,529.35,TIME_EXIT,WIN,14438.04,2.89,60.0,MEDIUM
2022-01-27,DLF,SHORT,10:30,366.55,1364,499974.2,373.0,353.65000000000003,2.0,"DAILY-BIAS,FIRST-CANDLE,ORB-30,PDH-PDL,PIN-BAR,REL-STR,SR-BREAK,STOCHASTIC,VPOC,VWAP-REV,VWAP-STDDEV",11,11.0,ORB-30,ORB-30: breakdown below 366.55,13:55,373.0,STOP_HIT,LOSS,-9531.7,-1.91,60.0,MEDIUM
2022-01-28,PVRINOX,LONG,09:30,1577.3174999999999,316,498432.33,1557.8337499999998,1655.2524999999998,4.0,"BULL-FLAG,CAMARILLA,DAILY-BIAS,FIRST-CANDLE,GAP-CONT,ORB-15,ORB-30,PDH-PDL,PIN-BAR,REL-STR,SR-BREAK,STOCHASTIC,VPOC",13,13.0,CAMARILLA,CAMARILLA: breakout above H4=1577.32,14:15,1557.8337499999998,STOP_HIT,LOSS,-6878.76,-1.38,60.0,MEDIUM
2022-01-28,ETERNAL,SHORT,09:25,90.75,5509,499941.75,95.17711231412405,81.89577537175191,2.0,"BOLLINGER,CAMARILLA,DAILY-BIAS,FIRST-CANDLE,GAP-FADE,MACD,PDH-PDL,REL-STR,RSI-EXT,SR-BREAK,STOCHASTIC,SUPERTREND",12,12.0,SUPERTREND,"SUPERTREND: flipped bearish, ST=94.99",15:15,89.4,TIME_EXIT,WIN,6712.57,1.34,60.0,MEDIUM
2022-01-31,ADANIGREEN,LONG,09:40,1950.626530612245,256,499360.39,1939.4729591836735,1981.4316326530613,2.76,"BOLLINGER,CPR,DAILY-BIAS,FIRST-CANDLE,GAP-CONT,ORB-15,PDH-PDL,PIN-BAR,RSI-EXT,SR-BREAK,STOCHASTIC,VPOC,VWAP-REV,VWAP-STDDEV",14,14.0,VPOC,VPOC: breakout above VAH=1950.63,11:10,1939.4729591836735,STOP_HIT,LOSS,-3581.09,-0.72,60.0,MEDIUM
2022-01-31,YESBANK,SHORT,09:35,13.5,37037,499999.5,13.6,13.3,2.0,"CAMARILLA,DAILY-BIAS,DBL-TOP,FIRST-CANDLE,INTRADAY-STRUCT,MACD,ORB-15,ORB-30,PDH-PDL,SR-BREAK,STOCHASTIC,SUPERTREND,VPOC",13,13.0,ORB-15,ORB-15: breakdown below 13.50,10:45,13.3,TARGET_HIT,EXACT_WIN,6682.73,1.34,60.0,MEDIUM
2022-02-01,PRESTIGE,LONG,10:55,496.51,1007,499985.57,491.78000000000003,515.43,4.0,"CAMARILLA,DAILY-BIAS,EMA-CROSS,FIRST-CANDLE,GAP-CONT,MACD,ORB-15,ORB-30,PDH-PDL,PIN-BAR,REL-STR,RSI-EXT,SR-BREAK,SUPERTREND,VPOC,VWAP-REV",16,16.0,CAMARILLA,CAMARILLA: breakout above H4=496.51,11:30,491.78000000000003,STOP_HIT,LOSS,-5488.23,-1.1,60.0,MEDIUM
2022-02-01,HAVELLS,SHORT,13:10,1172.05,426,499293.3,1198.55,1119.05,2.0,"ADX-FILTER,BOLLINGER,CAMARILLA,CPR,DAILY-BIAS,FIRST-CANDLE,INTRADAY-STRUCT,ORB-15,ORB-30,REL-STR,SR-BREAK,VPOC,VWAP-STDDEV",13,13.0,ORB-15,ORB-15: breakdown below 1172.05,15:15,1186.75,TIME_EXIT,LOSS,-6993.73,-1.4,60.0,MEDIUM
2022-02-02,BAJAJ-AUTO,LONG,09:40,3485.85,143,498476.55,3464.675,3570.5499999999997,4.0,"ASC-TRI,CAMARILLA,DAILY-BIAS,EMA-CROSS,FIRST-CANDLE,INTRADAY-STRUCT,PIN-BAR,REL-STR,RSI-EXT,SR-BREAK,STOCHASTIC,SUPERTREND,VWAP-STDDEV",13,13.0,CAMARILLA,CAMARILLA: breakout above H4=3485.85,12:55,3464.675,STOP_HIT,LOSS,-3752.46,-0.75,60.0,MEDIUM
2022-02-02,ESCORTS,SHORT,10:40,1845.0,271,499995.0,1857.0,1821.0,2.0,"CAMARILLA,DAILY-BIAS,DESC-TRI,FIRST-CANDLE,MACD,ORB-15,ORB-30,PDH-PDL,PIN-BAR,STOCHASTIC,SUPERTREND,VPOC",12,12.0,ORB-15,ORB-15: breakdown below 1845.00,15:15,1847.95,TIME_EXIT,LOSS,-1528.81,-0.31,60.0,MEDIUM
2022-02-03,HEROMOTOCO,LONG,09:50,2569.659183673469,194,498513.88,2569.2071428571426,2603.110204081632,74.0,"BOLLINGER,CAMARILLA,DAILY-BIAS,EMA-CROSS,MACD,ORB-15,ORB-30,PIN-BAR,REL-STR,SR-BREAK,STOCHASTIC,SUPERTREND,VPOC",13,13.0,VPOC,VPOC: breakout above VAH=2569.66,10:00,2603.110204081632,TARGET_HIT,EXACT_WIN,5757.48,1.15,60.0,MEDIUM
2022-02-03,BPCL,SHORT,13:00,166.4,3004,499865.6,167.9,163.4,2.0,"ADX-FILTER,BOLLINGER,CAMARILLA,DAILY-BIAS,FIRST-CANDLE,MACD,ORB-15,ORB-30,PDH-PDL,PIN-BAR,REL-STR,SR-BREAK,SUPERTREND,VPOC",14,14.0,ORB-15,ORB-15: breakdown below 166.40,15:15,164.3,TIME_EXIT,WIN,5583.28,1.12,60.0,MEDIUM
2022-02-04,PIIND,LONG,13:50,2504.95,199,498485.05,2448.05,2618.749999999999,2.0,"ADX-FILTER,BOLLINGER,CAMARILLA,EMA-CROSS,FIRST-CANDLE,MACD,ORB-15,ORB-30,PDH-PDL,PIN-BAR,REL-STR,RSI-EXT,SR-BREAK,SUPERTREND,VPOC",15,15.0,ORB-15,ORB-15: breakout above 2504.95 (range=56.90),15:15,2551.9,TIME_EXIT,WIN,8608.81,1.73,60.0,MEDIUM
2022-02-04,INDHOTEL,SHORT,12:10,218.1,2292,499885.2,220.7,212.9,2.0,"ADX-FILTER,BOLLINGER,CAMARILLA,FIRST-CANDLE,MACD,ORB-15,ORB-30,PDH-PDL,REL-STR,SR-BREAK,STOCHASTIC,SUPERTREND",12,12.0,ORB-15,ORB-15: breakdown below 218.10,15:15,216.8,TIME_EXIT,WIN,2252.55,0.45,60.0,MEDIUM
2022-02-07,BIOCON,LONG,09:15,394.40000000000003,1267,499704.8,392.75,401.00000000000006,4.0,"CAMARILLA,DAILY-BIAS,DBL-BTM,FIRST-CANDLE,ORB-15,ORB-30,PDH-PDL,PIN-BAR,REL-STR,SR-BREAK,STOCHASTIC,VPOC",12,12.0,CAMARILLA,CAMARILLA: breakout above H4=394.40,09:50,401.00000000000006,TARGET_HIT,EXACT_WIN,7627.07,1.53,60.0,MEDIUM
2022-02-07,MANAPPURAM,SHORT,11:10,155.75,3210,499957.5,157.9,151.45,2.0,"ADX-FILTER,CAMARILLA,DAILY-BIAS,FIRST-CANDLE,INTRADAY-STRUCT,MACD,ORB-15,ORB-30,PDH-PDL,SR-BREAK,STOCHASTIC,SUPERTREND,VPOC",13,13.0,ORB-15,ORB-15: breakdown below 155.75,15:15,155.3,TIME_EXIT,WIN,716.47,0.14,60.0,MEDIUM
2022-02-08,BIOCON,LONG,09:30,406.205,1230,499632.15,402.3275,421.715,4.0,"CAMARILLA,CPR,DAILY-BIAS,FIRST-CANDLE,GAP-CONT,MACD,ORB-15,ORB-30,PDH-PDL,PIN-BAR,REL-STR,SR-BREAK,STOCHASTIC,VPOC",14,14.0,CAMARILLA,CAMARILLA: breakout above H4=406.20,15:15,405.4,TIME_EXIT,LOSS,-1717.77,-0.34,60.0,MEDIUM
2022-02-08,MPHASIS,SHORT,10:40,2895.2,172,497974.4,2943.7,2798.2,2.0,"ADX-FILTER,BEAR-ENGULF,CAMARILLA,DAILY-BIAS,FIRST-CANDLE,MACD,ORB-30,PDH-PDL,PIN-BAR,SR-BREAK,STOCHASTIC,SUPERTREND,VPOC",13,13.0,ORB-30,ORB-30: breakdown below 2895.20,15:15,2869.7,TIME_EXIT,WIN,3662.36,0.74,60.0,MEDIUM
2022-02-09,BSE,LONG,11:05,235.0,2127,499845.0,226.0,253.0,2.0,"BOLLINGER,DAILY-BIAS,MACD,ORB-15,ORB-30,PIN-BAR,RSI-EXT,SR-BREAK,STOCHASTIC,SUPERTREND,VOL-SPIKE,VPOC,VWAP-REV,VWAP-STDDEV",14,14.0,ORB-15,ORB-15: breakout above 235.00 (range=9.00),13:20,253.0,TARGET_HIT,EXACT_WIN,37526.99,7.51,60.0,MEDIUM
2022-02-09,LALPATHLAB,SHORT,13:55,1497.0,334,499998.0,1512.5,1466.0,2.0,"ADX-FILTER,BOLLINGER,CAMARILLA,DAILY-BIAS,FIRST-CANDLE,MACD,ORB-15,ORB-30,PDH-PDL,PIN-BAR,REL-STR,STOCHASTIC,SUPERTREND,VPOC",14,14.0,ORB-15,ORB-15: breakdown below 1497.00,15:15,1481.6,TIME_EXIT,WIN,4417.63,0.88,60.0,MEDIUM
2022-02-10,LAURUSLABS,LONG,10:20,535.0074999999999,934,499697.0,530.70375,552.2224999999999,4.0,"ADX-FILTER,CAMARILLA,CPR,DAILY-BIAS,FIRST-CANDLE,MACD,ORB-15,ORB-30,PDH-PDL,PIN-BAR,REL-STR,SR-BREAK,STOCHASTIC,SUPERTREND",14,14.0,CAMARILLA,CAMARILLA: breakout above H4=535.01,15:15,538.9,TIME_EXIT,WIN,2904.22,0.58,60.0,MEDIUM
2022-02-10,HFCL,SHORT,09:25,80.4,6218,499927.2,81.88790755114522,77.42418489770958,2.0,"BOLLINGER,CAMARILLA,DAILY-BIAS,FAILED-BO,FIRST-CANDLE,PDH-PDL,REL-STR,RSI-EXT,SR-BREAK,SUPERTREND,VWAP-REV,VWAP-STDDEV",12,12.0,SUPERTREND,"SUPERTREND: flipped bearish, ST=81.72",13:25,81.88790755114522,STOP_HIT,LOSS,-9985.91,-2.0,60.0,MEDIUM
2022-02-11,FEDERALBNK,LONG,09:25,104.91632653061224,4765,499926.3,104.45612244897958,106.58979591836733,3.64,"CAMARILLA,CPR,DAILY-BIAS,DBL-BTM,EMA-CROSS,FIRST-CANDLE,MACD,PDH-PDL,PIN-BAR,REL-STR,SR-BREAK,STOCHASTIC,SUPERTREND,VPOC",14,14.0,VPOC,VPOC: breakout above VAH=104.92,10:35,104.45612244897958,STOP_HIT,LOSS,-2919.95,-0.58,60.0,MEDIUM
2022-02-11,DIVISLAB,SHORT,12:00,4463.5,112,499912.0,4530.452499999999,4325.888959259748,2.06,"DAILY-BIAS,FAILED-BO,FIRST-CANDLE,MACD,ORB-15,PDH-PDL,PIN-BAR,REL-STR,SR-BREAK,STOCHASTIC,SUPERTREND,VWAP-REV,VWAP-STDDEV",13,13.0,VWAP-STDDEV,"VWAP-STDDEV: at +2σ=4449.28, RSI=95",12:20,4325.888959259748,TARGET_HIT,EXACT_WIN,14692.46,2.94,60.0,MEDIUM
2022-02-14,AUROPHARMA,LONG,10:30,700.85,713,499706.05,688.1,726.35,2.0,"CAMARILLA,CPR,DAILY-BIAS,EMA-CROSS,FIRST-CANDLE,MACD,ORB-15,ORB-30,PDH-PDL,REL-STR,SR-BREAK,STOCHASTIC,SUPERTREND,VPOC",14,14.0,ORB-15,ORB-15: breakout above 700.85 (range=12.75),14:55,688.1,STOP_HIT,LOSS,-9812.06,-1.96,60.0,MEDIUM
2022-02-14,TRENT,SHORT,10:20,687.1,727,499521.7,700.0,661.3000000000001,2.0,"DAILY-BIAS,FIRST-CANDLE,INTRADAY-STRUCT,ORB-15,ORB-30,PDH-PDL,SR-BREAK,STOCHASTIC,VWAP-REV,VWAP-STDDEV",10,12.0,ORB-15,ORB-15: breakdown below 687.10,12:15,700.0,STOP_HIT,LOSS,-10111.92,-2.02,60.0,MEDIUM
2022-02-15,UNITDSPR,LONG,09:25,825.465,605,499406.33,818.2325,854.3950000000001,4.0,"ADX-FILTER,CAMARILLA,EMA-CROSS,FIRST-CANDLE,GAP-CONT,INTRADAY-STRUCT,ORB-15,ORB-30,PDH-PDL,PIN-BAR,REL-STR,VPOC",12,12.0,CAMARILLA,CAMARILLA: breakout above H4=825.47,15:15,851.6,TIME_EXIT,WIN,15071.06,3.02,60.0,MEDIUM
2022-02-15,BHARTIARTL,SHORT,09:25,697.7,716,499553.2,701.1885,688.4897959183673,2.64,"BEAR-ENGULF,BOLLINGER,CAMARILLA,DAILY-BIAS,FIRST-CANDLE,ORB-15,ORB-30,PIN-BAR,RSI-EXT,SR-BREAK,STOCHASTIC,SUPERTREND,VPOC,VWAP-REV",14,14.0,VPOC,VPOC: rejection at VPOC=697.21,10:20,688.4897959183673,TARGET_HIT,EXACT_WIN,5869.98,1.18,60.0,MEDIUM
2022-02-16,TVSMOTOR,LONG,09:15,663.8295918367347,753,499863.68,663.4678571428572,692.0448979591838,78.0,"DAILY-BIAS,DBL-BTM,EMA-CROSS,FIRST-CANDLE,PDH-PDL,PIN-BAR,REL-STR,SR-BREAK,STOCHASTIC,VPOC,VWAP-REV,VWAP-STDDEV",12,12.0,VPOC,VPOC: breakout above VAH=663.83,10:05,663.4678571428572,STOP_HIT,LOSS,-1000.89,-0.2,60.0,MEDIUM
2022-02-16,DEVYANI,SHORT,12:15,173.45,2882,499882.9,177.1815,161.5,3.2,"BOLLINGER,CAMARILLA,CPR,DAILY-BIAS,FAILED-BO,FIRST-CANDLE,INTRADAY-STRUCT,MACD,ORB-15,ORB-30,RSI-EXT,SR-BREAK,SUPERTREND,VWAP-REV",14,14.0,FAILED-BO,"Failed BO: bull trap above 174.55, reversed on vol 2.3×",15:15,166.1,TIME_EXIT,WIN,20466.06,4.09,60.0,MEDIUM
2022-02-17,ADANIGREEN,LONG,09:15,1955.1125,255,498553.69,1934.55625,2037.3374999999999,4.0,"CAMARILLA,DBL-BTM,EMA-CROSS,FIRST-CANDLE,GAP-CONT,INTRADAY-STRUCT,ORB-15,ORB-30,PDH-PDL,PIN-BAR,REL-STR,SR-BREAK,STOCHASTIC,VOL-SPIKE,VPOC",15,15.0,CAMARILLA,CAMARILLA: breakout above H4=1955.11,10:40,2037.3374999999999,TARGET_HIT,EXACT_WIN,20223.84,4.06,60.0,MEDIUM
2022-02-17,TRENT,SHORT,09:50,707.1,707,499919.7,715.4,690.5000000000001,2.0,"ADX-FILTER,BOLLINGER,CAMARILLA,DAILY-BIAS,FIRST-CANDLE,MACD,ORB-15,PDH-PDL,REL-STR,SR-BREAK,STOCHASTIC,SUPERTREND,VPOC",13,13.0,ORB-15,ORB-15: breakdown below 707.10,15:15,709.2,TIME_EXIT,LOSS,-2214.35,-0.44,60.0,MEDIUM
2022-02-18,SIEMENS,LONG,09:55,1896.0825,263,498669.7,1879.81625,1961.1475,4.0,"ASC-TRI,CAMARILLA,DAILY-BIAS,EMA-CROSS,FIRST-CANDLE,MACD,ORB-15,ORB-30,PDH-PDL,PIN-BAR,REL-STR,SR-BREAK,STOCHASTIC,SUPERTREND,VPOC",15,15.0,CAMARILLA,CAMARILLA: breakout above H4=1896.08,14:15,1879.81625,STOP_HIT,LOSS,-5001.73,-1.0,60.0,MEDIUM
2022-02-18,NYKAA,SHORT,12:10,238.85,2093,499913.05,242.60699999999997,228.8,2.68,"ADX-FILTER,CPR,DAILY-BIAS,FAILED-BO,FIRST-CANDLE,INTRADAY-STRUCT,PIN-BAR,REL-STR,SR-BREAK,STOCHASTIC,VPOC,VWAP-STDDEV",12,12.0,FAILED-BO,"Failed BO: bull trap above 239.65, reversed on vol 4.2×",15:15,233.65,TIME_EXIT,WIN,10161.03,2.03,60.0,MEDIUM
2022-02-21,WIPRO,LONG,10:55,268.7,1860,499782.0,266.3976926700876,273.3046146598247,2.0,"ADX-FILTER,BOLLINGER,CAMARILLA,EMA-CROSS,FIRST-CANDLE,INTRADAY-STRUCT,MACD,PDH-PDL,REL-STR,SR-BREAK,SUPERTREND,VPOC",12,12.0,EMA-CROSS,"EMA-CROSS: 9EMA crossed above 21EMA, price above VWAP",13:05,273.3046146598247,TARGET_HIT,EXACT_WIN,7829.19,1.57,60.0,MEDIUM
2022-02-21,ICICIBANK,SHORT,09:15,745.21,670,499290.7,755.5,724.6300000000001,2.0,"BEAR-ENGULF,DAILY-BIAS,DBL-TOP,FAILED-BO,FIRST-CANDLE,INTRADAY-STRUCT,OPEN-WEAK,PDH-PDL,PIN-BAR,SR-BREAK,STOCHASTIC,VPOC,VWAP-STDDEV",13,13.0,SR-BREAK,SR-BREAK: breakdown below support 745.21,10:40,755.5,STOP_HIT,LOSS,-7626.18,-1.53,60.0,MEDIUM
2022-02-22,MPHASIS,LONG,09:50,2936.3,170,499171.0,2849.1,3110.7000000000007,2.0,"BOLLINGER,CAMARILLA,CPR,DBL-BTM,EMA-CROSS,FIRST-CANDLE,GAP-FADE,MACD,ORB-15,ORB-30,PDH-PDL,REL-STR,SR-BREAK,STOCHASTIC,SUPERTREND,VPOC",16,16.0,ORB-15,ORB-15: breakout above 2936.30 (range=87.20),15:15,3003.1,TIME_EXIT,WIN,10619.23,2.13,60.0,MEDIUM
2022-02-22,TATACOMM,SHORT,09:35,1200.99,416,499611.84,1249.26,1104.45,2.0,"ADX-FILTER,DAILY-BIAS,FAILED-BO,OPEN-WEAK,PDH-PDL,PIN-BAR,REL-STR,SR-BREAK,STOCHASTIC,VWAP-STDDEV",10,12.0,SR-BREAK,SR-BREAK: breakdown below support 1200.99,15:15,1222.5,TIME_EXIT,LOSS,-9681.66,-1.94,60.0,MEDIUM
2022-02-23,ABB,LONG,09:50,2100.5,238,499919.0,2075.75,2199.5,4.0,"BOLLINGER,CAMARILLA,EMA-CROSS,FIRST-CANDLE,GAP-CONT,INTRADAY-STRUCT,ORB-15,ORB-30,PIN-BAR,REL-STR,SR-BREAK,STOCHASTIC",12,12.0,CAMARILLA,CAMARILLA: breakout above H4=2100.50,15:15,2099.95,TIME_EXIT,LOSS,-859.6,-0.17,60.0,MEDIUM
2022-02-23,ANGELONE,SHORT,09:45,130.1,3843,499974.3,132.2,125.9,2.0,"BOLLINGER,DAILY-BIAS,FIRST-CANDLE,INTRADAY-STRUCT,MACD,ORB-15,ORB-30,REL-STR,RSI-EXT,SR-BREAK,SUPERTREND,VWAP-REV,VWAP-STDDEV",13,13.0,ORB-15,ORB-15: breakdown below 130.10,12:00,132.2,STOP_HIT,LOSS,-8803.79,-1.76,60.0,MEDIUM
2022-02-24,UNITDSPR,LONG,11:50,845.6,591,499749.6,833.6,869.6,2.0,"BOLLINGER,CAMARILLA,FIRST-CANDLE,MACD,ORB-15,ORB-30,PIN-BAR,RSI-EXT,SR-BREAK,STOCHASTIC,SUPERTREND,VPOC,VWAP-STDDEV",13,13.0,ORB-15,ORB-15: breakout above 845.60 (range=12.00),15:15,846.7,TIME_EXIT,LOSS,-78.98,-0.02,60.0,MEDIUM
2022-02-24,SBICARD,SHORT,09:45,770.0,649,499730.0,781.95,746.0999999999999,2.0,"DAILY-BIAS,FIRST-CANDLE,INTRADAY-STRUCT,ORB-15,ORB-30,PDH-PDL,PIN-BAR,REL-STR,SR-BREAK,STOCHASTIC",10,12.0,ORB-15,ORB-15: breakdown below 770.00,15:15,757.8,TIME_EXIT,WIN,7193.78,1.44,60.0,MEDIUM
2022-02-25,BEL,LONG,09:20,64.79285714285714,7716,499941.69,64.375,67.04285714285714,5.38,"ADX-FILTER,CAMARILLA,EMA-CROSS,FALL-WEDGE,FIRST-CANDLE,GAP-CONT,INTRADAY-STRUCT,PDH-PDL,PIN-BAR,REL-STR,STOCHASTIC,VPOC",12,14.399999999999999,VPOC,VPOC: breakout above VAH=64.79,14:10,67.04285714285714,TARGET_HIT,EXACT_WIN,16618.42,3.32,60.0,MEDIUM
2022-02-25,LALPATHLAB,SHORT,10:25,1293.8,386,499406.8,1304.4899999999998,1249.5,4.14,"ADX-FILTER,BEAR-FLAG,DAILY-BIAS,FAILED-BO,FIRST-CANDLE,MACD,ORB-30,PDH-PDL,PIN-BAR,REL-STR,SR-BREAK,STOCHASTIC,SUPERTREND",13,13.0,FAILED-BO,"Failed BO: bull trap above 1296.90, reversed on vol 3.6×",12:10,1249.5,TARGET_HIT,EXACT_WIN,16381.47,3.28,60.0,MEDIUM
2022-02-28,VOLTAS,LONG,10:30,1242.35,402,499424.7,1220.8,1285.4499999999998,2.0,"BOLLINGER,CAMARILLA,CPR,DAILY-BIAS,EMA-CROSS,FIRST-CANDLE,MACD,ORB-15,ORB-30,PDH-PDL,PIN-BAR,SR-BREAK,STOCHASTIC,SUPERTREND,VPOC",15,15.0,ORB-15,ORB-15: breakout above 1242.35 (range=21.55),15:15,1264.0,TIME_EXIT,WIN,7968.28,1.6,60.0,MEDIUM
2022-02-28,GLAND,SHORT,09:50,3255.95,153,498160.35,3312.0,3143.8499999999995,2.0,"ADX-FILTER,DAILY-BIAS,FIRST-CANDLE,MACD,ORB-15,ORB-30,PDH-PDL,PIN-BAR,REL-STR,SR-BREAK,STOCHASTIC,SUPERTREND",12,12.0,ORB-15,ORB-15: breakdown below 3255.95,15:15,3260.8,TIME_EXIT,LOSS,-1468.88,-0.29,60.0,MEDIUM
2022-03-02,ICICIPRULI,LONG,11:50,477.9,1046,499883.4,468.35,496.9999999999999,2.0,"BOLLINGER,CAMARILLA,CPR,FIRST-CANDLE,MACD,ORB-15,ORB-30,PDH-PDL,PIN-BAR,REL-STR,SR-BREAK,STOCHASTIC,SUPERTREND,VPOC",14,14.0,ORB-15,ORB-15: breakout above 477.90 (range=9.55),15:15,487.7,TIME_EXIT,WIN,9513.93,1.9,60.0,MEDIUM
2022-03-02,TCS,SHORT,11:35,3527.45,141,497370.45,3554.1824999999994,3456.0,2.67,"ADX-FILTER,BEAR-ENGULF,BOLLINGER,DAILY-BIAS,DBL-TOP,FAILED-BO,FIRST-CANDLE,PIN-BAR,REL-STR,SR-BREAK,STOCHASTIC,SUPERTREND",12,12.0,BEAR-ENGULF,"Bear Engulf at resistance 3563.00, vol 2.4×",15:15,3549.25,TIME_EXIT,LOSS,-3800.88,-0.76,60.0,MEDIUM
2022-03-03,COFORGE,LONG,09:25,905.7,552,499946.4,901.85,921.1000000000001,4.0,"CAMARILLA,EMA-CROSS,FIRST-CANDLE,GAP-CONT,ORB-15,ORB-30,PDH-PDL,PIN-BAR,REL-STR,SR-BREAK,STOCHASTIC,SUPERTREND,VPOC",13,13.0,CAMARILLA,CAMARILLA: breakout above H4=905.70,10:05,921.1000000000001,TARGET_HIT,EXACT_WIN,7765.23,1.55,60.0,MEDIUM
2022-03-03,APOLLOTYRE,SHORT,09:15,183.8,2720,499936.0,184.719,179.71224489795918,4.45,"BOLLINGER,CAMARILLA,DAILY-BIAS,FAILED-BO,FIRST-CANDLE,INTRADAY-STRUCT,MACD,ORB-15,ORB-30,REL-STR,SR-BREAK,STOCHASTIC,SUPERTREND,VPOC",14,14.0,VPOC,VPOC: rejection at VPOC=183.62,13:20,179.71224489795918,TARGET_HIT,EXACT_WIN,10396.23,2.08,60.0,MEDIUM
2022-03-04,NYKAA,LONG,09:45,250.8,1993,499844.4,243.65,265.1,2.0,"BOLLINGER,CAMARILLA,CPR,EMA-CROSS,FIRST-CANDLE,MACD,ORB-15,ORB-30,PDH-PDL,PIN-BAR,REL-STR,RSI-EXT,SR-BREAK,STOCHASTIC,SUPERTREND,VPOC",16,16.0,ORB-15,ORB-15: breakout above 250.80 (range=7.15),15:15,251.6,TIME_EXIT,WIN,864.44,0.17,60.0,MEDIUM
2022-03-04,SBICARD,SHORT,10:35,740.8,674,499299.2,753.0,716.3999999999999,2.0,"DAILY-BIAS,FIRST-CANDLE,INTRADAY-STRUCT,OPEN-WEAK,ORB-15,ORB-30,PDH-PDL,PIN-BAR,REL-STR,SR-BREAK,STOCHASTIC,VWAP-STDDEV",12,12.0,ORB-15,ORB-15: breakdown below 740.80,11:00,716.3999999999999,TARGET_HIT,EXACT_WIN,15727.05,3.15,60.0,MEDIUM
2022-03-07,TECHM,LONG,09:35,1376.4,363,499633.2,1364.4,1400.4,2.0,"BOLLINGER,CAMARILLA,CPR,DAILY-BIAS,EMA-CROSS,FIRST-CANDLE,MACD,ORB-15,ORB-30,REL-STR,RSI-EXT,SR-BREAK,SUPERTREND",13,13.0,ORB-15,ORB-15: breakout above 1376.40 (range=12.00),09:55,1400.4,TARGET_HIT,EXACT_WIN,7976.69,1.6,60.0,MEDIUM
2022-03-07,PIIND,SHORT,09:40,2375.55,210,498865.5,2406.9,2312.8500000000004,2.0,"ADX-FILTER,DAILY-BIAS,DBL-TOP,FIRST-CANDLE,OPEN-WEAK,ORB-15,PDH-PDL,PIN-BAR,REL-STR,SR-BREAK,STOCHASTIC,VWAP-REV,VWAP-STDDEV",13,15.6,ORB-15,ORB-15: breakdown below 2375.55,11:30,2406.9,STOP_HIT,LOSS,-7314.63,-1.47,60.0,MEDIUM
2022-03-08,HFCL,LONG,09:15,69.135,7232,499984.32,68.6675,71.00500000000001,4.0,"ADX-FILTER,CAMARILLA,EMA-CROSS,FALL-WEDGE,FIRST-CANDLE,GAP-CONT,PDH-PDL,PIN-BAR,REL-STR,SR-BREAK,STOCHASTIC,VPOC,VWAP-REV",13,13.0,CAMARILLA,CAMARILLA: breakout above H4=69.14,09:20,71.00500000000001,TARGET_HIT,EXACT_WIN,12784.24,2.56,60.0,MEDIUM
2022-03-08,COFORGE,SHORT,09:15,948.5,527,499859.5,963.7949999999998,897.0,3.37,"ADX-FILTER,BOLLINGER,CAMARILLA,CPR,FAILED-BO,FIRST-CANDLE,MACD,REL-STR,RSI-EXT,SUPERTREND,VWAP-REV,VWAP-STDDEV",12,12.0,FAILED-BO,"Failed BO: bull trap above 949.00, reversed on vol 4.0×",11:05,963.7949999999998,STOP_HIT,LOSS,-8793.79,-1.76,60.0,MEDIUM
2022-03-09,ZEEL,LONG,09:40,236.0035,2118,499855.41,232.98675,248.0705,4.0,"CAMARILLA,CPR,FIRST-CANDLE,GAP-CONT,INTRADAY-STRUCT,MACD,ORB-30,PDH-PDL,PIN-BAR,REL-STR,SR-BREAK,STOCHASTIC,VPOC",13,13.0,CAMARILLA,CAMARILLA: breakout above H4=236.00,15:15,246.43,TIME_EXIT,WIN,21337.13,4.27,60.0,MEDIUM
2022-03-09,UPL,SHORT,10:20,688.85,725,499416.25,700.0041412720868,666.5417174558264,2.0,"ADX-FILTER,BOLLINGER,CAMARILLA,DAILY-BIAS,FIRST-CANDLE,MACD,PIN-BAR,REL-STR,RSI-EXT,SR-BREAK,STOCHASTIC,SUPERTREND,VPOC",13,13.0,SUPERTREND,"SUPERTREND: flipped bearish, ST=698.61",15:15,695.5,TIME_EXIT,LOSS,-5552.12,-1.11,60.0,MEDIUM
2022-03-10,TATASTEEL,LONG,12:25,120.88,4136,499959.68,117.85,126.94,2.0,"ADX-FILTER,BOLLINGER,CAMARILLA,DAILY-BIAS,EMA-CROSS,FIRST-CANDLE,INTRADAY-STRUCT,MACD,ORB-30,REL-STR,SUPERTREND,VPOC",12,14.399999999999999,ORB-30,ORB-30: breakout above 120.88 (range=3.03),15:15,124.25,TIME_EXIT,WIN,13198.43,2.64,60.0,MEDIUM
2022-03-10,PIDILITIND,SHORT,09:15,1175.0,425,499375.0,1198.5,1117.2,2.46,"ADX-FILTER,BOLLINGER,DAILY-BIAS,DBL-TOP,FIRST-CANDLE,GAP-FADE,MACD,PIN-BAR,REL-STR,RSI-EXT,SUPERTREND,VWAP-REV,VWAP-STDDEV",13,13.0,GAP-FADE,"GAP-FADE: gap-up 5.2%, fading back to 1117.20",15:15,1176.6,TIME_EXIT,LOSS,-1408.45,-0.28,60.0,MEDIUM
2022-03-11,TRENT,LONG,10:00,764.7,653,499349.1,754.0,786.1000000000001,2.0,"ADX-FILTER,CAMARILLA,DAILY-BIAS,EMA-CROSS,FIRST-CANDLE,MACD,ORB-15,ORB-30,PIN-BAR,SR-BREAK,SUPERTREND,VPOC",12,12.0,ORB-15,ORB-15: breakout above 764.70 (range=10.70),15:15,777.2,TIME_EXIT,WIN,7428.02,1.49,60.0,MEDIUM
2022-03-11,BIOCON,SHORT,09:30,330.08,1514,499741.12,336.0,318.23999999999995,2.0,"ADX-FILTER,CAMARILLA,DAILY-BIAS,INTRADAY-STRUCT,OPEN-WEAK,PDH-PDL,PIN-BAR,REL-STR,SR-BREAK,STOCHASTIC,VWAP-STDDEV",11,11.0,SR-BREAK,SR-BREAK: breakdown below support 330.08,15:15,331.95,TIME_EXIT,LOSS,-3561.36,-0.71,60.0,MEDIUM
2022-03-14,KOTAKBANK,LONG,11:45,352.4,1418,499703.2,348.5,360.19999999999993,2.0,"ADX-FILTER,CAMARILLA,FIRST-CANDLE,INTRADAY-STRUCT,MACD,ORB-15,ORB-30,PDH-PDL,PIN-BAR,REL-STR,SUPERTREND,VPOC",12,12.0,ORB-15,ORB-15: breakout above 352.40 (range=3.90),15:15,358.0,TIME_EXIT,WIN,7206.01,1.44,60.0,MEDIUM
2022-03-14,BHARATFORG,SHORT,09:45,633.62,789,499926.18,637.46,625.9399999999999,2.0,"CAMARILLA,DAILY-BIAS,DBL-TOP,FIRST-CANDLE,MACD,PDH-PDL,PIN-BAR,REL-STR,RSI-EXT,SR-BREAK,STOCHASTIC,VPOC,VWAP-REV,VWAP-STDDEV",14,14.0,SR-BREAK,SR-BREAK: breakdown below support 633.62,11:35,637.46,STOP_HIT,LOSS,-3760.3,-0.75,60.0,MEDIUM
2022-03-15,ADANIPORTS,LONG,11:05,734.1,681,499922.1,728.9,744.5000000000001,2.0,"BOLLINGER,CPR,DAILY-BIAS,DBL-BTM,EMA-CROSS,MACD,ORB-15,ORB-30,PDH-PDL,PIN-BAR,RSI-EXT,SR-BREAK,STOCHASTIC,VPOC,VWAP-STDDEV",15,15.0,ORB-15,ORB-15: breakout above 734.10 (range=5.20),12:55,728.9,STOP_HIT,LOSS,-4267.2,-0.85,60.0,MEDIUM
2022-03-15,HINDPETRO,SHORT,09:20,160.5,3115,499957.5,164.57,152.36,2.0,"DAILY-BIAS,FAILED-BO,FIRST-CANDLE,MACD,PDH-PDL,PIN-BAR,REL-STR,SR-BREAK,STOCHASTIC,VPOC,VWAP-REV",11,11.0,SR-BREAK,SR-BREAK: breakdown below support 160.50,15:15,157.65,TIME_EXIT,WIN,8153.97,1.63,60.0,MEDIUM
2022-03-16,GRASIM,LONG,09:15,1579.9750000000001,316,499272.1,1568.8375,1624.5250000000003,4.0,"CAMARILLA,FIRST-CANDLE,GAP-CONT,INTRADAY-STRUCT,ORB-15,ORB-30,PDH-PDL,PIN-BAR,REL-STR,SR-BREAK,STOCHASTIC,VPOC,VWAP-STDDEV",13,13.0,CAMARILLA,CAMARILLA: breakout above H4=1579.98,15:15,1598.65,TIME_EXIT,WIN,5168.71,1.04,60.0,MEDIUM
2022-03-16,ETERNAL,SHORT,09:20,76.1,3472,264219.2,84.739,55.05,2.44,"ADX-FILTER,CAMARILLA,DAILY-BIAS,DBL-TOP,DESC-TRI,FIRST-CANDLE,GAP-FADE,MACD,PDH-PDL,PIN-BAR,REL-STR,SR-BREAK,STOCHASTIC,SUPERTREND",14,14.0,DESC-TRI,Descending Triangle: breakdown below support 77.38,15:15,75.9,TIME_EXIT,WIN,287.36,0.11,60.0,MEDIUM
2022-03-17,EICHERMOT,LONG,09:15,2367.2295918367345,211,499485.44,2366.7112244897958,2397.2948979591833,58.0,"ADX-FILTER,CAMARILLA,CPR,FIRST-CANDLE,GAP-CONT,INTRADAY-STRUCT,ORB-15,ORB-30,PDH-PDL,REL-STR,SR-BREAK,STOCHASTIC,VPOC",13,13.0,VPOC,VPOC: breakout above VAH=2367.23,09:20,2397.2948979591833,TARGET_HIT,EXACT_WIN,5610.55,1.12,60.0,MEDIUM
2022-03-17,INDIGO,SHORT,09:30,1892.8,264,499699.2,1929.0845030344992,1820.2309939310014,2.0,"ADX-FILTER,BEAR-ENGULF,BOLLINGER,CAMARILLA,DAILY-BIAS,FAILED-BO,FIRST-CANDLE,INTRADAY-STRUCT,MACD,PIN-BAR,REL-STR,SUPERTREND,VPOC",13,13.0,SUPERTREND,"SUPERTREND: flipped bearish, ST=1925.23",15:15,1900.15,TIME_EXIT,LOSS,-2670.01,-0.53,60.0,MEDIUM
2022-03-21,HCLTECH,LONG,09:20,1206.2549999999999,414,499389.57,1199.6275,1232.7649999999996,4.0,"CAMARILLA,DAILY-BIAS,EMA-CROSS,FIRST-CANDLE,MACD,PIN-BAR,REL-STR,RSI-EXT,SR-BREAK,SUPERTREND,VPOC,VWAP-REV,VWAP-STDDEV",13,13.0,CAMARILLA,CAMARILLA: breakout above H4=1206.25,10:10,1199.6275,STOP_HIT,LOSS,-3469.69,-0.69,60.0,MEDIUM
2022-03-21,CHAMBLFERT,SHORT,10:30,421.1,1187,499845.7,425.61749999999995,402.65,4.08,"ADX-FILTER,BOLLINGER,CAMARILLA,FAILED-BO,FIRST-CANDLE,INTRADAY-STRUCT,MACD,REL-STR,RSI-EXT,SR-BREAK,VWAP-REV,VWAP-STDDEV",12,12.0,FAILED-BO,"Failed BO: bull trap above 422.25, reversed on vol 1.7×",10:50,425.61749999999995,STOP_HIT,LOSS,-6094.04,-1.22,60.0,MEDIUM
2022-03-22,VEDL,LONG,09:25,188.8975,2646,499822.79,185.47375,202.5925,4.0,"CAMARILLA,DAILY-BIAS,FIRST-CANDLE,GAP-CONT,INTRADAY-STRUCT,PDH-PDL,PIN-BAR,REL-STR,SR-BREAK,STOCHASTIC,VPOC,VWAP-REV,VWAP-STDDEV",13,13.0,CAMARILLA,CAMARILLA: breakout above H4=188.90,10:45,185.47375,STOP_HIT,LOSS,-9780.74,-1.96,60.0,MEDIUM
2022-03-22,INDIAMART,SHORT,09:25,2207.46,226,498885.96,2240.11,2142.16,2.0,"ADX-FILTER,CAMARILLA,DAILY-BIAS,FIRST-CANDLE,MACD,PDH-PDL,PIN-BAR,REL-STR,RSI-EXT,SR-BREAK,STOCHASTIC,VWAP-REV,VWAP-STDDEV",13,13.0,SR-BREAK,SR-BREAK: breakdown below support 2207.46,13:05,2240.11,STOP_HIT,LOSS,-8110.51,-1.63,60.0,MEDIUM
2022-03-23,BHEL,LONG,09:15,51.4275,9722,499978.16,51.13875,52.5825,4.0,"BULL-FLAG,CAMARILLA,CPR,FIRST-CANDLE,GAP-CONT,ORB-15,PDH-PDL,PIN-BAR,REL-STR,SR-BREAK,STOCHASTIC,VPOC,VWAP-REV,VWAP-STDDEV",14,14.0,CAMARILLA,CAMARILLA: breakout above H4=51.43,09:30,52.5825,TARGET_HIT,EXACT_WIN,10491.14,2.1,60.0,MEDIUM
2022-03-23,DALBHARAT,SHORT,10:00,1426.0,350,499100.0,1433.1299999999999,1403.4602040816326,3.16,"ADX-FILTER,BEAR-ENGULF,CAMARILLA,DAILY-BIAS,FAILED-BO,FIRST-CANDLE,MACD,ORB-15,ORB-30,PIN-BAR,SR-BREAK,STOCHASTIC,VPOC",13,13.0,VPOC,VPOC: rejection at VPOC=1423.76,15:15,1418.95,TIME_EXIT,WIN,1741.23,0.35,60.0,MEDIUM
2022-03-24,IEX,LONG,09:55,234.09,2135,499782.15,231.67,243.77,4.0,"BOLLINGER,CAMARILLA,DAILY-BIAS,EMA-CROSS,FIRST-CANDLE,MACD,ORB-15,ORB-30,PDH-PDL,PIN-BAR,REL-STR,SR-BREAK,STOCHASTIC,SUPERTREND,VPOC",15,15.0,CAMARILLA,CAMARILLA: breakout above H4=234.09,11:25,231.67,STOP_HIT,LOSS,-5891.22,-1.18,60.0,MEDIUM
2022-03-24,IDFCFIRSTB,SHORT,09:30,40.7,12285,499999.5,41.0,40.10000000000001,2.0,"CAMARILLA,DAILY-BIAS,DBL-TOP,FIRST-CANDLE,MACD,ORB-15,ORB-30,PDH-PDL,PIN-BAR,REL-STR,SR-BREAK,SUPERTREND",12,12.0,ORB-15,ORB-15: breakdown below 40.70,12:20,40.10000000000001,TARGET_HIT,EXACT_WIN,6646.3,1.33,60.0,MEDIUM
2022-03-25,CUMMINSIND,LONG,09:55,1099.8,454,499309.2,1081.05,1137.3,2.0,"BOLLINGER,DAILY-BIAS,EMA-CROSS,GAP-CONT,MACD,ORB-15,ORB-30,PDH-PDL,PIN-BAR,SR-BREAK,STOCHASTIC,SUPERTREND,VPOC",13,13.0,ORB-15,ORB-15: breakout above 1099.80 (range=18.75),15:15,1087.9,TIME_EXIT,LOSS,-6126.29,-1.23,60.0,MEDIUM
2022-03-25,JKCEMENT,SHORT,10:20,2322.3,215,499294.5,2340.25,2286.4000000000005,2.0,"ADX-FILTER,BOLLINGER,CAMARILLA,DAILY-BIAS,FIRST-CANDLE,INTRADAY-STRUCT,MACD,ORB-15,ORB-30,PDH-PDL,RSI-EXT,SR-BREAK,STOCHASTIC,SUPERTREND,VPOC",15,15.0,ORB-15,ORB-15: breakdown below 2322.30,12:05,2286.4000000000005,TARGET_HIT,EXACT_WIN,6994.96,1.4,60.0,MEDIUM
2022-03-28,HINDALCO,LONG,12:20,626.6,797,499400.2,617.05,645.7000000000002,2.0,"CAMARILLA,DAILY-BIAS,EMA-CROSS,FIRST-CANDLE,MACD,ORB-30,PDH-PDL,PIN-BAR,REL-STR,SR-BREAK,STOCHASTIC,SUPERTREND,VPOC",13,13.0,ORB-30,ORB-30: breakout above 626.60 (range=9.55),15:15,630.25,TIME_EXIT,WIN,2178.65,0.44,60.0,MEDIUM
2022-03-28,BIOCON,SHORT,09:15,350.45,1426,499741.7,353.6594999999999,342.0,2.63,"ADX-FILTER,BEAR-ENGULF,BOLLINGER,CAMARILLA,FAILED-BO,FIRST-CANDLE,MACD,ORB-15,ORB-30,PDH-PDL,PIN-BAR,REL-STR,STOCHASTIC,SUPERTREND",14,14.0,FAILED-BO,"Failed BO: bull trap above 350.90, reversed on vol 4.1×",09:50,342.0,TARGET_HIT,EXACT_WIN,11328.03,2.27,60.0,MEDIUM
2022-03-29,TATACHEM,LONG,09:35,972.1025,514,499660.68,964.2512499999999,1003.5074999999999,4.0,"ADX-FILTER,CAMARILLA,DAILY-BIAS,FIRST-CANDLE,INTRADAY-STRUCT,ORB-15,ORB-30,PDH-PDL,PIN-BAR,REL-STR,SR-BREAK,STOCHASTIC,VPOC",13,13.0,CAMARILLA,CAMARILLA: breakout above H4=972.10,15:15,987.0,TIME_EXIT,WIN,6922.81,1.39,60.0,MEDIUM
2022-03-29,IDFCFIRSTB,SHORT,12:15,38.75,12903,499991.25,39.0,38.25,2.0,"ADX-FILTER,BOLLINGER,CAMARILLA,DAILY-BIAS,FIRST-CANDLE,MACD,ORB-15,ORB-30,PDH-PDL,PIN-BAR,SR-BREAK,STOCHASTIC,SUPERTREND,VPOC",14,14.0,ORB-15,ORB-15: breakdown below 38.75,12:20,38.25,TARGET_HIT,EXACT_WIN,5726.29,1.15,60.0,MEDIUM
2022-03-30,ICICIGI,LONG,09:15,1279.6122448979593,390,499048.78,1278.2158163265308,1287.1928571428573,5.43,"ADX-FILTER,CAMARILLA,CPR,DAILY-BIAS,DBL-BTM,FIRST-CANDLE,INTRADAY-STRUCT,ORB-15,ORB-30,PDH-PDL,REL-STR,SR-BREAK,STOCHASTIC,VPOC",14,14.0,VPOC,VPOC: breakout above VAH=1279.61,09:20,1287.1928571428573,TARGET_HIT,EXACT_WIN,2226.49,0.45,60.0,MEDIUM
2022-03-30,BATAINDIA,SHORT,10:20,1967.0,254,499618.0,1979.1967499999996,1927.35,3.25,"ADX-FILTER,BEAR-ENGULF,BOLLINGER,CAMARILLA,FAILED-BO,FIRST-CANDLE,MACD,ORB-15,ORB-30,PIN-BAR,RSI-EXT,SR-BREAK,SUPERTREND,VPOC,VWAP-STDDEV",15,15.0,FAILED-BO,"Failed BO: bull trap above 1968.95, reversed on vol 1.9×",15:15,1958.65,TIME_EXIT,WIN,1393.72,0.28,60.0,MEDIUM
2022-03-31,TATAELXSI,LONG,09:15,9146.0,54,493884.0,9123.650000000001,9712.199999999999,25.33,"CAMARILLA,DAILY-BIAS,EMA-CROSS,FIRST-CANDLE,MACD,PDH-PDL,PIN-BAR,REL-STR,RSI-EXT,SR-BREAK,STOCHASTIC,VOL-SPIKE,VPOC,VWAP-STDDEV",14,14.0,VPOC,VPOC: breakout above VAH=9146.00,13:55,9123.650000000001,STOP_HIT,LOSS,-1926.52,-0.39,60.0,MEDIUM
2022-03-31,POLYCAB,SHORT,09:15,2376.34,210,499031.4,2434.48,2260.0600000000004,2.0,"BOLLINGER,CAMARILLA,DBL-TOP,FAILED-BO,FIRST-CANDLE,MACD,PDH-PDL,PIN-BAR,REL-STR,SR-BREAK,VWAP-STDDEV",11,11.0,SR-BREAK,SR-BREAK: breakdown below support 2376.34,15:15,2365.05,TIME_EXIT,WIN,1644.67,0.33,60.0,MEDIUM
2022-04-01,POONAWALLA,LONG,09:35,275.535,1814,499820.49,273.4175,284.00500000000005,4.0,"BULL-FLAG,CAMARILLA,DAILY-BIAS,EMA-CROSS,FIRST-CANDLE,MACD,ORB-15,ORB-30,PDH-PDL,PIN-BAR,REL-STR,SR-BREAK,STOCHASTIC,SUPERTREND,VPOC",15,15.0,CAMARILLA,CAMARILLA: breakout above H4=275.54,15:15,279.65,TIME_EXIT,WIN,6730.03,1.35,60.0,MEDIUM
2022-04-01,ABFRL,SHORT,09:15,229.1,2182,499896.2,231.14999999999998,224.05,2.46,"ADX-FILTER,CAMARILLA,FAILED-BO,FIRST-CANDLE,MACD,ORB-15,ORB-30,PDH-PDL,REL-STR,SR-BREAK,STOCHASTIC,SUPERTREND,VPOC",13,13.0,FAILED-BO,"Failed BO: bull trap above 229.40, reversed on vol 2.5×",11:55,224.05,TARGET_HIT,EXACT_WIN,10296.63,2.06,60.0,MEDIUM
2022-04-04,NYKAA,LONG,09:15,287.47,1739,499910.33,285.16,296.71000000000004,4.0,"ADX-FILTER,BULL-FLAG,CAMARILLA,DAILY-BIAS,EMA-CROSS,FIRST-CANDLE,INTRADAY-STRUCT,ORB-30,PDH-PDL,REL-STR,SR-BREAK,STOCHASTIC,VPOC",13,13.0,CAMARILLA,CAMARILLA: breakout above H4=287.47,14:05,296.71000000000004,TARGET_HIT,EXACT_WIN,15326.85,3.07,60.0,MEDIUM
2022-04-04,ESCORTS,SHORT,09:15,1707.0,292,498444.0,1721.4142499999998,1654.55,3.64,"BOLLINGER,CAMARILLA,DAILY-BIAS,DBL-TOP,FAILED-BO,FIRST-CANDLE,MACD,ORB-30,REL-STR,RSI-EXT,SUPERTREND",11,11.0,FAILED-BO,"Failed BO: bull trap above 1707.45, reversed on vol 2.5×",12:25,1721.4142499999998,STOP_HIT,LOSS,-4938.16,-0.99,60.0,MEDIUM
2022-04-05,AARTIIND,LONG,09:20,981.53,509,499598.77,976.415,1001.99,4.0,"BULL-FLAG,CAMARILLA,DAILY-BIAS,EMA-CROSS,FIRST-CANDLE,MACD,ORB-15,ORB-30,PDH-PDL,PIN-BAR,REL-STR,SR-BREAK,STOCHASTIC,VPOC,VWAP-STDDEV",15,15.0,CAMARILLA,CAMARILLA: breakout above H4=981.53,09:40,976.415,STOP_HIT,LOSS,-3329.84,-0.67,60.0,MEDIUM
2022-04-05,MUTHOOTFIN,SHORT,09:20,1366.15,365,498644.75,1375.242,1346.0,2.22,"ADX-FILTER,BOLLINGER,CAMARILLA,DAILY-BIAS,FAILED-BO,FIRST-CANDLE,INTRADAY-STRUCT,MACD,ORB-15,ORB-30,SUPERTREND",11,11.0,FAILED-BO,"Failed BO: bull trap above 1367.00, reversed on vol 2.7×",15:15,1364.75,TIME_EXIT,LOSS,-215.77,-0.04,60.0,MEDIUM
2022-04-06,HAL,LONG,09:50,780.2,640,499328.0,776.2990000000001,789.6428571428571,2.42,"ADX-FILTER,BOLLINGER,CAMARILLA,DAILY-BIAS,DBL-BTM,EMA-CROSS,FIRST-CANDLE,MACD,ORB-15,ORB-30,PIN-BAR,RSI-EXT,SR-BREAK,SUPERTREND,VPOC,VWAP-STDDEV",16,16.0,VPOC,VPOC: rejection below VPOC=781.71,10:00,776.2990000000001,STOP_HIT,LOSS,-3222.66,-0.65,60.0,MEDIUM
2022-04-06,BSOFT,SHORT,09:15,496.0,1008,499968.0,500.43974999999995,472.3,5.34,"ADX-FILTER,BEAR-ENGULF,BOLLINGER,CAMARILLA,FAILED-BO,FIRST-CANDLE,MACD,ORB-30,PIN-BAR,STOCHASTIC,SUPERTREND",11,11.0,FAILED-BO,"Failed BO: bull trap above 497.00, reversed on vol 7.9×",09:55,472.3,TARGET_HIT,EXACT_WIN,23174.39,4.64,60.0,MEDIUM
2022-04-07,ABFRL,LONG,09:50,241.25,2072,499870.0,237.8,248.14999999999998,2.0,"BOLLINGER,CPR,DAILY-BIAS,EMA-CROSS,FIRST-CANDLE,MACD,ORB-15,ORB-30,PIN-BAR,RSI-EXT,SR-BREAK,STOCHASTIC,VPOC,VWAP-REV,VWAP-STDDEV",15,15.0,ORB-15,ORB-15: breakout above 241.25 (range=3.45),12:15,237.8,STOP_HIT,LOSS,-7871.47,-1.57,60.0,MEDIUM
2022-04-07,BATAINDIA,SHORT,13:35,1989.0,251,499239.0,2045.8846747126427,1822.0,2.94,"BEAR-ENGULF,CPR,FIRST-CANDLE,INTRADAY-STRUCT,MACD,ORB-15,ORB-30,PDH-PDL,RISE-WEDGE,STOCHASTIC,SUPERTREND,VPOC",12,12.0,RISE-WEDGE,Rising Wedge: broke below lower trendline 1990.71,15:15,1974.8,TIME_EXIT,WIN,2838.37,0.57,60.0,MEDIUM
2022-04-08,CUMMINSIND,LONG,09:50,1127.35,443,499416.05,1115.95,1150.1499999999996,2.0,"ADX-FILTER,BOLLINGER,CPR,DAILY-BIAS,FIRST-CANDLE,INTRADAY-STRUCT,ORB-15,ORB-30,PDH-PDL,REL-STR,SR-BREAK,STOCHASTIC,VPOC,VWAP-STDDEV",14,14.0,ORB-15,ORB-15: breakout above 1127.35 (range=11.40),12:00,1115.95,STOP_HIT,LOSS,-5774.32,-1.16,60.0,MEDIUM
2022-04-08,HCLTECH,SHORT,09:50,1168.8,427,499077.6,1180.0,1146.3999999999999,2.0,"BOLLINGER,CAMARILLA,CPR,DAILY-BIAS,FIRST-CANDLE,MACD,ORB-15,ORB-30,PIN-BAR,REL-STR,SR-BREAK,STOCHASTIC,VWAP-STDDEV",13,13.0,ORB-15,ORB-15: breakdown below 1168.80,15:15,1163.9,TIME_EXIT,WIN,1365.84,0.27,60.0,MEDIUM
2022-04-11,ETERNAL,LONG,10:10,84.73367346938775,5900,499928.67,84.70612244897958,86.4969387755102,64.0,"CAMARILLA,DAILY-BIAS,EMA-CROSS,FIRST-CANDLE,MACD,ORB-15,ORB-30,PIN-BAR,REL-STR,SR-BREAK,STOCHASTIC,SUPERTREND,VPOC,VWAP-STDDEV",14,14.0,VPOC,VPOC: breakout above VAH=84.73,10:15,84.70612244897958,STOP_HIT,LOSS,-891.24,-0.18,60.0,MEDIUM
2022-04-11,INTELLECT,SHORT,10:25,953.2,524,499476.8,964.0,931.6000000000001,2.0,"ADX-FILTER,CPR,FIRST-CANDLE,MACD,ORB-15,ORB-30,PDH-PDL,REL-STR,STOCHASTIC,SUPERTREND",10,10.0,ORB-15,ORB-15: breakdown below 953.20,15:15,956.7,TIME_EXIT,LOSS,-2563.25,-0.51,60.0,MEDIUM
2022-04-12,HDFCLIFE,LONG,09:55,567.2,881,499703.2,561.1,579.4000000000001,2.0,"BOLLINGER,CAMARILLA,DAILY-BIAS,EMA-CROSS,FIRST-CANDLE,MACD,ORB-15,ORB-30,PIN-BAR,RSI-EXT,SR-BREAK,STOCHASTIC,SUPERTREND,VPOC,VWAP-STDDEV",15,15.0,ORB-15,ORB-15: breakout above 567.20 (range=6.10),12:50,561.1,STOP_HIT,LOSS,-6098.35,-1.22,60.0,MEDIUM
2022-04-12,PVRINOX,SHORT,10:30,1900.1,263,499726.3,1914.5249999999999,1870.0,2.09,"ADX-FILTER,BEAR-ENGULF,BOLLINGER,CAMARILLA,FAILED-BO,FIRST-CANDLE,MACD,RSI-EXT,SUPERTREND,VPOC,VWAP-REV,VWAP-STDDEV",12,12.0,FAILED-BO,"Failed BO: bull trap above 1903.15, reversed on vol 2.1×",11:55,1914.5249999999999,STOP_HIT,LOSS,-4524.48,-0.91,60.0,MEDIUM
2022-04-13,BRITANNIA,LONG,09:25,3357.2346938775513,148,496870.73,3345.0979591836735,3412.1693877551024,4.53,"CAMARILLA,CPR,DAILY-BIAS,DBL-BTM,EMA-CROSS,FIRST-CANDLE,MACD,PDH-PDL,REL-STR,SR-BREAK,STOCHASTIC,SUPERTREND,VPOC",13,13.0,VPOC,VPOC: breakout above VAH=3357.23,12:55,3345.0979591836735,STOP_HIT,LOSS,-2519.46,-0.51,60.0,MEDIUM
2022-04-13,SBICARD,SHORT,11:15,846.0,591,499986.0,850.25,837.5,2.0,"ADX-FILTER,BOLLINGER,CAMARILLA,FIRST-CANDLE,MACD,ORB-15,ORB-30,PDH-PDL,PIN-BAR,REL-STR,RSI-EXT,SR-BREAK,STOCHASTIC,SUPERTREND,VPOC",15,15.0,ORB-15,ORB-15: breakdown below 846.00,12:30,837.5,TARGET_HIT,EXACT_WIN,4297.48,0.86,60.0,MEDIUM
2022-04-18,HDFCLIFE,LONG,09:45,565.9428571428572,883,499727.54,565.2076530612245,568.3489795918367,3.27,"BOLLINGER,CAMARILLA,DAILY-BIAS,EMA-CROSS,FIRST-CANDLE,INTRADAY-STRUCT,MACD,ORB-15,ORB-30,REL-STR,RSI-EXT,SR-BREAK,STOCHASTIC,SUPERTREND,VPOC",15,15.0,VPOC,VPOC: breakout above VAH=565.94,09:50,568.3489795918367,TARGET_HIT,EXACT_WIN,1394.39,0.28,60.0,MEDIUM
2022-04-18,ACC,SHORT,10:10,2183.73,228,497890.44,2218.22,2114.7500000000005,2.0,"ADX-FILTER,CAMARILLA,CPR,FAILED-BO,FIRST-CANDLE,PDH-PDL,PIN-BAR,RISE-WEDGE,SR-BREAK,VPOC",10,12.0,SR-BREAK,SR-BREAK: breakdown below support 2183.73,15:15,2152.75,TIME_EXIT,WIN,6341.44,1.27,60.0,MEDIUM
2022-04-19,LAURUSLABS,LONG,09:15,602.1575,830,499790.73,600.32875,609.4725000000001,4.0,"ASC-TRI,CAMARILLA,CPR,DAILY-BIAS,DBL-BTM,FIRST-CANDLE,ORB-15,ORB-30,PDH-PDL,PIN-BAR,REL-STR,SR-BREAK,STOCHASTIC,VPOC,VWAP-REV,VWAP-STDDEV",16,16.0,CAMARILLA,CAMARILLA: breakout above H4=602.16,09:25,609.4725000000001,TARGET_HIT,EXACT_WIN,5338.02,1.07,60.0,MEDIUM
2022-04-19,TATACOMM,SHORT,10:45,1308.25,382,499751.5,1314.7912499999998,1272.7142857142858,5.43,"BEAR-ENGULF,BOLLINGER,CPR,FAILED-BO,FIRST-CANDLE,MACD,PIN-BAR,REL-STR,RSI-EXT,SUPERTREND,VPOC,VWAP-STDDEV",12,12.0,VPOC,VPOC: rejection at VPOC=1307.43,11:45,1314.7912499999998,STOP_HIT,LOSS,-3228.76,-0.65,60.0,MEDIUM
2022-04-20,IOC,LONG,09:15,69.468,7197,499961.2,68.709,72.504,4.0,"ADX-FILTER,CAMARILLA,DAILY-BIAS,EMA-CROSS,FIRST-CANDLE,GAP-CONT,MACD,ORB-15,PDH-PDL,PIN-BAR,REL-STR,SR-BREAK,STOCHASTIC,VPOC,VWAP-REV,VWAP-STDDEV",16,16.0,CAMARILLA,CAMARILLA: breakout above H4=69.47,15:15,69.67,TIME_EXIT,WIN,723.79,0.14,60.0,MEDIUM
2022-04-20,KOTAKBANK,SHORT,09:25,337.44,1481,499748.64,348.85,314.61999999999995,2.0,"BOLLINGER,DAILY-BIAS,DBL-TOP,FIRST-CANDLE,PDH-PDL,PIN-BAR,REL-STR,SR-BREAK,STOCHASTIC,VWAP-STDDEV",10,10.0,SR-BREAK,SR-BREAK: breakdown below support 337.44,15:15,344.2,TIME_EXIT,LOSS,-10745.85,-2.15,60.0,MEDIUM
2022-04-21,GLAND,LONG,10:00,3452.0,144,497088.0,3327.1,3701.8,2.0,"ASC-TRI,BOLLINGER,CAMARILLA,CPR,DAILY-BIAS,DBL-BTM,FIRST-CANDLE,INTRADAY-STRUCT,MACD,PDH-PDL,REL-STR,SR-BREAK,STOCHASTIC,SUPERTREND,VOL-SPIKE,VPOC",16,16.0,VOL-SPIKE,"VOL-SPIKE: price at resistance 3395.00, vol 2.1x avg",15:15,3433.95,TIME_EXIT,LOSS,-3322.08,-0.67,60.0,MEDIUM
2022-04-21,SRF,SHORT,09:40,2553.35,195,497903.25,2582.6,2494.85,2.0,"ADX-FILTER,BOLLINGER,CAMARILLA,DAILY-BIAS,FIRST-CANDLE,MACD,ORB-15,PIN-BAR,REL-STR,RSI-EXT,SR-BREAK,STOCHASTIC,SUPERTREND,VPOC",14,14.0,ORB-15,ORB-15: breakdown below 2553.35,15:15,2550.0,TIME_EXIT,LOSS,-72.43,-0.01,60.0,MEDIUM
2022-04-22,ADANIPORTS,LONG,09:25,857.2744897959184,583,499791.03,853.2107142857142,879.4897959183673,5.47,"BULL-FLAG,CAMARILLA,DAILY-BIAS,DBL-BTM,FIRST-CANDLE,MACD,ORB-15,PDH-PDL,PIN-BAR,REL-STR,SR-BREAK,STOCHASTIC,SUPERTREND,VPOC",14,14.0,VPOC,VPOC: breakout above VAH=857.27,09:55,879.4897959183673,TARGET_HIT,EXACT_WIN,12212.64,2.44,60.0,MEDIUM
2022-04-22,HSCL,SHORT,09:50,77.35,6464,499990.4,77.98799999999999,75.6,2.74,"BEAR-ENGULF,BOLLINGER,CAMARILLA,FAILED-BO,MACD,PIN-BAR,RSI-EXT,VPOC,VWAP-REV,VWAP-STDDEV",10,10.0,FAILED-BO,"Failed BO: bull trap above 77.40, reversed on vol 2.6×",10:25,77.98799999999999,STOP_HIT,LOSS,-4855.29,-0.97,60.0,MEDIUM
2022-04-25,MARUTI,LONG,09:55,7960.7,62,493563.4,7894.494156137408,8093.111687725183,2.0,"BOLLINGER,CAMARILLA,CPR,DAILY-BIAS,DBL-BTM,EMA-CROSS,FIRST-CANDLE,MACD,PIN-BAR,REL-STR,STOCHASTIC,SUPERTREND,VPOC",13,13.0,EMA-CROSS,"EMA-CROSS: 9EMA crossed above 21EMA, price above VWAP",14:25,7894.494156137408,STOP_HIT,LOSS,-4821.65,-0.98,60.0,MEDIUM
2022-04-25,IGL,SHORT,09:15,186.7,2678,499982.6,190.73,178.64,2.0,"ADX-FILTER,DBL-TOP,FIRST-CANDLE,OPEN-WEAK,PDH-PDL,PIN-BAR,REL-STR,SR-BREAK,STOCHASTIC,VWAP-REV,VWAP-STDDEV",11,11.0,SR-BREAK,SR-BREAK: breakdown below support 186.70,15:15,185.9,TIME_EXIT,WIN,1414.74,0.28,60.0,MEDIUM
2022-04-26,BANDHANBNK,LONG,09:30,341.08,1465,499682.2,337.065,357.13999999999993,4.0,"CAMARILLA,DAILY-BIAS,DBL-BTM,EMA-CROSS,FIRST-CANDLE,GAP-CONT,ORB-15,PDH-PDL,PIN-BAR,REL-STR,SR-BREAK,STOCHASTIC,VPOC",13,13.0,CAMARILLA,CAMARILLA: breakout above H4=341.08,10:25,337.065,STOP_HIT,LOSS,-6605.79,-1.32,60.0,MEDIUM
2022-04-26,MPHASIS,SHORT,09:40,2685.5,186,499503.0,2724.552256992881,2607.3954860142376,2.0,"ADX-FILTER,BEAR-FLAG,CAMARILLA,DAILY-BIAS,FIRST-CANDLE,MACD,PDH-PDL,PIN-BAR,REL-STR,SR-BREAK,STOCHASTIC,SUPERTREND,VPOC",13,13.0,SUPERTREND,"SUPERTREND: flipped bearish, ST=2719.11",15:15,2659.1,TIME_EXIT,WIN,4184.97,0.84,60.0,MEDIUM
2022-04-27,ANGELONE,LONG,09:55,185.33877551020407,2697,499858.68,185.28061224489795,188.71224489795918,58.0,"CAMARILLA,DAILY-BIAS,EMA-CROSS,FIRST-CANDLE,MACD,ORB-15,ORB-30,PIN-BAR,REL-STR,SR-BREAK,STOCHASTIC,VPOC",12,12.0,VPOC,VPOC: breakout above VAH=185.34,10:00,185.28061224489795,STOP_HIT,LOSS,-885.46,-0.18,60.0,MEDIUM
2022-04-27,ETERNAL,SHORT,09:30,78.9,6337,499989.3,79.55,77.60000000000002,2.0,"CPR,DAILY-BIAS,DBL-TOP,MACD,ORB-15,ORB-30,PDH-PDL,REL-STR,SR-BREAK,STOCHASTIC,VPOC",11,11.0,ORB-15,ORB-15: breakdown below 78.90,09:35,77.60000000000002,TARGET_HIT,EXACT_WIN,7513.91,1.5,60.0,MEDIUM
2022-04-28,PATANJALI,LONG,11:40,384.9,1299,499985.1,373.3,408.0999999999999,2.0,"DAILY-BIAS,EMA-CROSS,GAP-CONT,MACD,ORB-30,PDH-PDL,REL-STR,SR-BREAK,STOCHASTIC,VPOC,VWAP-REV,VWAP-STDDEV",12,12.0,ORB-30,ORB-30: breakout above 384.90 (range=11.60),14:40,373.3,STOP_HIT,LOSS,-15785.36,-3.16,60.0,MEDIUM
2022-04-28,IDEA,SHORT,09:25,9.65,49875,481293.75,10.2515,7.800000000000001,3.08,"ADX-FILTER,BOLLINGER,CAMARILLA,DAILY-BIAS,DESC-TRI,FIRST-CANDLE,MACD,ORB-15,ORB-30,PDH-PDL,PIN-BAR,REL-STR,SR-BREAK,STOCHASTIC,SUPERTREND,VPOC",16,16.0,DESC-TRI,Descending Triangle: breakdown below support 9.68,15:15,9.5,TIME_EXIT,WIN,6782.12,1.41,60.0,MEDIUM
2022-04-29,SHREECEM,LONG,09:40,26155.93,19,496962.67,25992.965,26807.79,4.0,"CAMARILLA,CPR,DAILY-BIAS,DBL-BTM,EMA-CROSS,FIRST-CANDLE,MACD,ORB-30,PDH-PDL,REL-STR,SR-BREAK,STOCHASTIC,VPOC",13,13.0,CAMARILLA,CAMARILLA: breakout above H4=26155.93,14:10,25992.965,STOP_HIT,LOSS,-3818.65,-0.77,60.0,MEDIUM
2022-04-29,WIPRO,SHORT,10:10,248.15,2014,499774.1,252.6,239.25000000000003,2.0,"BEAR-FLAG,CAMARILLA,DAILY-BIAS,FAILED-BO,FIRST-CANDLE,INTRADAY-STRUCT,ORB-30,PDH-PDL,REL-STR,SR-BREAK,STOCHASTIC,SUPERTREND,VPOC",13,13.0,ORB-30,ORB-30: breakdown below 248.15,15:15,243.0,TIME_EXIT,WIN,9649.43,1.93,60.0,MEDIUM
2022-05-02,BIOCON,LONG,10:00,370.65,1348,499636.2,363.3,385.3499999999999,2.0,"BOLLINGER,CAMARILLA,DAILY-BIAS,DBL-BTM,EMA-CROSS,FIRST-CANDLE,INTRADAY-STRUCT,MACD,ORB-15,ORB-30,PIN-BAR,REL-STR,SUPERTREND",13,13.0,ORB-15,ORB-15: breakout above 370.65 (range=7.35),15:15,372.75,TIME_EXIT,WIN,2100.14,0.42,60.0,MEDIUM
2022-05-02,RBLBANK,SHORT,09:30,118.1,4233,499917.3,120.0,114.29999999999998,2.0,"ADX-FILTER,BEAR-FLAG,DAILY-BIAS,FIRST-CANDLE,OPEN-WEAK,ORB-15,PDH-PDL,PIN-BAR,REL-STR,SR-BREAK,STOCHASTIC",11,11.0,ORB-15,ORB-15: breakdown below 118.10,15:15,117.05,TIME_EXIT,WIN,3718.39,0.74,60.0,MEDIUM
2022-05-04,DEEPAKNTR,LONG,09:20,2334.4325,214,499568.55,2315.96625,2408.2974999999997,4.0,"CAMARILLA,DAILY-BIAS,DBL-BTM,FIRST-CANDLE,ORB-15,PDH-PDL,PIN-BAR,REL-STR,SR-BREAK,STOCHASTIC,VPOC,VWAP-STDDEV",12,12.0,CAMARILLA,CAMARILLA: breakout above H4=2334.43,12:30,2315.96625,STOP_HIT,LOSS,-4676.97,-0.94,60.0,MEDIUM
2022-05-04,INDIACEM,SHORT,09:15,204.65,2443,499959.95,205.67325,202.04285714285714,2.55,"BOLLINGER,CAMARILLA,DAILY-BIAS,FAILED-BO,FIRST-CANDLE,MACD,ORB-15,ORB-30,PDH-PDL,PIN-BAR,SR-BREAK,STOCHASTIC,SUPERTREND,VPOC",14,14.0,VPOC,VPOC: rejection at VPOC=204.41,09:25,205.67325,STOP_HIT,LOSS,-3230.08,-0.65,60.0,MEDIUM
2022-05-05,HEROMOTOCO,LONG,09:25,2325.0824999999995,215,499892.74,2293.1412499999997,2452.847499999999,4.0,"CAMARILLA,DAILY-BIAS,EMA-CROSS,FIRST-CANDLE,INTRADAY-STRUCT,ORB-15,ORB-30,PDH-PDL,REL-STR,SR-BREAK,STOCHASTIC,VPOC",12,12.0,CAMARILLA,CAMARILLA: breakout above H4=2325.08,15:15,2343.15,TIME_EXIT,WIN,3152.67,0.63,60.0,MEDIUM
2022-05-05,MUTHOOTFIN,SHORT,10:55,1254.3,398,499211.4,1272.15,1218.5999999999997,2.0,"CAMARILLA,DAILY-BIAS,DBL-TOP,FIRST-CANDLE,INTRADAY-STRUCT,MACD,ORB-15,ORB-30,PDH-PDL,REL-STR,SR-BREAK,STOCHASTIC",12,12.0,ORB-15,ORB-15: breakdown below 1254.30,15:10,1218.5999999999997,TARGET_HIT,EXACT_WIN,13488.89,2.7,60.0,MEDIUM
2022-05-06,TECHM,LONG,12:40,1214.9244897959184,411,499333.97,1213.6112244897959,1234.1857142857143,14.67,"ADX-FILTER,BOLLINGER,CAMARILLA,CPR,EMA-CROSS,MACD,PDH-PDL,PIN-BAR,REL-STR,SR-BREAK,STOCHASTIC,SUPERTREND,VPOC,VWAP-STDDEV",14,14.0,VPOC,VPOC: breakout above VAH=1214.92,13:10,1234.1857142857143,TARGET_HIT,EXACT_WIN,7182.09,1.44,60.0,MEDIUM
2022-05-06,CROMPTON,SHORT,10:15,358.9,1393,499947.7,367.0,342.69999999999993,2.0,"ADX-FILTER,DAILY-BIAS,DBL-TOP,DESC-TRI,FIRST-CANDLE,OPEN-WEAK,ORB-15,ORB-30,PDH-PDL,REL-STR,STOCHASTIC,VWAP-STDDEV",12,14.399999999999999,ORB-15,ORB-15: breakdown below 358.90,15:15,364.8,TIME_EXIT,LOSS,-8952.24,-1.79,60.0,MEDIUM
2022-05-09,HCLTECH,LONG,09:35,1050.9969387755102,475,499223.55,1050.148979591837,1068.5214285714285,20.67,"BOLLINGER,CAMARILLA,EMA-CROSS,FIRST-CANDLE,MACD,ORB-15,ORB-30,PDH-PDL,REL-STR,RSI-EXT,SUPERTREND,VPOC",12,12.0,VPOC,VPOC: breakout above VAH=1051.00,11:15,1068.5214285714285,TARGET_HIT,EXACT_WIN,7589.69,1.52,60.0,MEDIUM
2022-05-09,POLYCAB,SHORT,12:40,2445.2,204,498820.8,2463.9584999999997,2375.1,3.74,"ADX-FILTER,BEAR-ENGULF,BOLLINGER,DAILY-BIAS,FAILED-BO,FIRST-CANDLE,MACD,PIN-BAR,REL-STR,RSI-EXT,SR-BREAK,STOCHASTIC,SUPERTREND,VWAP-REV,VWAP-STDDEV",15,15.0,BEAR-ENGULF,"Bear Engulf at resistance 2447.30, vol 2.0×",15:15,2446.05,TIME_EXIT,LOSS,-900.8,-0.18,60.0,MEDIUM
2022-05-10,ESCORTS,LONG,11:05,1575.45,317,499417.65,1552.0,1622.3500000000001,2.0,"CPR,FIRST-CANDLE,MACD,ORB-15,ORB-30,PDH-PDL,REL-STR,SR-BREAK,STOCHASTIC,SUPERTREND,VPOC",11,11.0,ORB-15,ORB-15: breakout above 1575.45 (range=23.45),15:15,1579.25,TIME_EXIT,WIN,475.53,0.1,60.0,MEDIUM
2022-05-10,PIDILITIND,SHORT,13:25,1100.0,454,499400.0,1111.125063874678,1077.7498722506439,2.0,"ADX-FILTER,BOLLINGER,CAMARILLA,DAILY-BIAS,FAILED-BO,FIRST-CANDLE,INTRADAY-STRUCT,MACD,PIN-BAR,SR-BREAK,STOCHASTIC,SUPERTREND",12,12.0,SUPERTREND,"SUPERTREND: flipped bearish, ST=1108.91",15:15,1101.8,TIME_EXIT,LOSS,-1545.76,-0.31,60.0,MEDIUM
2022-05-11,ZEEL,LONG,09:20,230.642,2167,499801.21,228.596,238.82599999999996,4.0,"ADX-FILTER,BOLLINGER,CAMARILLA,FIRST-CANDLE,GAP-CONT,MACD,ORB-15,PDH-PDL,PIN-BAR,REL-STR,RSI-EXT,SR-BREAK,STOCHASTIC,SUPERTREND,VWAP-REV,VWAP-STDDEV",16,16.0,CAMARILLA,CAMARILLA: breakout above H4=230.64,12:45,228.596,STOP_HIT,LOSS,-5158.81,-1.03,60.0,MEDIUM
2022-05-11,GODREJPROP,SHORT,12:00,1374.0,363,498762.0,1384.7894999999999,1348.1,2.4,"ADX-FILTER,DAILY-BIAS,FAILED-BO,FIRST-CANDLE,MACD,ORB-15,ORB-30,PDH-PDL,REL-STR,SR-BREAK,STOCHASTIC,SUPERTREND,VPOC",13,13.0,FAILED-BO,"Failed BO: bull trap above 1376.65, reversed on vol 1.7×",13:55,1384.7894999999999,STOP_HIT,LOSS,-4646.05,-0.93,60.0,MEDIUM
2022-05-12,BDL,LONG,13:35,323.23571428571427,1546,499722.41,323.0035714285714,340.4142857142857,74.0,"CAMARILLA,CPR,EMA-CROSS,FIRST-CANDLE,INTRADAY-STRUCT,MACD,ORB-15,ORB-30,PDH-PDL,STOCHASTIC,SUPERTREND,VPOC",12,12.0,VPOC,VPOC: breakout above VAH=323.24,14:05,323.0035714285714,STOP_HIT,LOSS,-1087.14,-0.22,60.0,MEDIUM
2022-05-12,DIVISLAB,SHORT,10:25,4233.0,118,499494.0,4295.3,4108.4,2.0,"ADX-FILTER,CPR,DAILY-BIAS,DBL-TOP,FIRST-CANDLE,INTRADAY-STRUCT,ORB-15,ORB-30,PDH-PDL,REL-STR,SR-BREAK,STOCHASTIC,VPOC",13,13.0,ORB-15,ORB-15: breakdown below 4233.00,15:15,4240.05,TIME_EXIT,LOSS,-1560.6,-0.31,60.0,MEDIUM
2022-05-13,BRITANNIA,LONG,09:15,3259.8275,153,498753.61,3236.98875,3351.1824999999994,4.0,"CAMARILLA,FIRST-CANDLE,ORB-15,ORB-30,PDH-PDL,PIN-BAR,REL-STR,SR-BREAK,STOCHASTIC,VPOC",10,10.0,CAMARILLA,CAMARILLA: breakout above H4=3259.83,15:15,3275.15,TIME_EXIT,WIN,1615.28,0.32,60.0,MEDIUM
2022-05-13,HINDALCO,SHORT,12:45,408.1,1225,499922.5,414.4,395.5000000000001,2.0,"BOLLINGER,CAMARILLA,DAILY-BIAS,FIRST-CANDLE,INTRADAY-STRUCT,MACD,ORB-15,ORB-30,REL-STR,SR-BREAK,STOCHASTIC,SUPERTREND,VPOC",13,13.0,ORB-15,ORB-15: breakdown below 408.10,14:00,395.5000000000001,TARGET_HIT,EXACT_WIN,14715.02,2.94,60.0,MEDIUM
2022-05-16,NYKAA,LONG,11:15,226.2,2210,499902.0,219.15,240.29999999999995,2.0,"ADX-FILTER,EMA-CROSS,FIRST-CANDLE,INTRADAY-STRUCT,MACD,ORB-15,ORB-30,PDH-PDL,REL-STR,SR-BREAK,STOCHASTIC,SUPERTREND,VPOC",13,13.0,ORB-15,ORB-15: breakout above 226.20 (range=7.05),15:15,235.65,TIME_EXIT,WIN,20139.19,4.03,60.0,MEDIUM
2022-05-16,PIDILITIND,SHORT,11:30,1052.8,474,499027.2,1069.5,1019.3999999999999,2.0,"ADX-FILTER,CAMARILLA,DAILY-BIAS,FIRST-CANDLE,ORB-30,PDH-PDL,PIN-BAR,REL-STR,SR-BREAK,STOCHASTIC,VWAP-STDDEV",11,11.0,ORB-30,ORB-30: breakdown below 1052.80,15:15,1056.5,TIME_EXIT,LOSS,-2482.39,-0.5,60.0,MEDIUM
2022-05-17,MRPL,LONG,10:05,76.755,6514,499982.07,74.85749999999999,84.345,4.0,"ADX-FILTER,CAMARILLA,DAILY-BIAS,FIRST-CANDLE,GAP-CONT,ORB-15,ORB-30,PDH-PDL,PIN-BAR,REL-STR,SR-BREAK,STOCHASTIC,VPOC",13,13.0,CAMARILLA,CAMARILLA: breakout above H4=76.75,15:15,79.57,TIME_EXIT,WIN,17593.51,3.52,60.0,MEDIUM
2022-05-17,HINDPETRO,SHORT,10:55,145.55,3435,499964.25,146.95,142.75000000000006,2.0,"BEAR-FLAG,BOLLINGER,CAMARILLA,DAILY-BIAS,FIRST-CANDLE,MACD,ORB-15,PDH-PDL,PIN-BAR,REL-STR,SR-BREAK,STOCHASTIC,SUPERTREND,VPOC",14,14.0,ORB-15,ORB-15: breakdown below 145.55,15:15,145.4,TIME_EXIT,LOSS,-213.32,-0.04,60.0,MEDIUM
2022-05-18,PAYTM,LONG,09:30,597.75,836,499719.0,590.875,625.25,4.0,"CAMARILLA,EMA-CROSS,FIRST-CANDLE,MACD,PDH-PDL,PIN-BAR,REL-STR,SR-BREAK,STOCHASTIC,VPOC,VWAP-REV,VWAP-STDDEV",12,12.0,CAMARILLA,CAMARILLA: breakout above H4=597.75,11:40,590.875,STOP_HIT,LOSS,-6471.48,-1.3,60.0,MEDIUM
2022-05-18,GMDCLTD,SHORT,09:15,179.0,2793,499947.0,179.89499999999998,171.43877551020407,8.45,"ADX-FILTER,BEAR-ENGULF,BOLLINGER,CAMARILLA,CPR,DAILY-BIAS,FAILED-BO,INTRADAY-STRUCT,MACD,PIN-BAR,SUPERTREND,VPOC,VWAP-REV,VWAP-STDDEV",14,14.0,VPOC,VPOC: rejection at VPOC=178.88,09:35,179.89499999999998,STOP_HIT,LOSS,-3230.0,-0.65,60.0,MEDIUM
2022-05-19,MRPL,LONG,09:25,86.68142857142857,5768,499978.48,86.38908163265306,88.78632653061224,7.2,"BOLLINGER,CAMARILLA,DAILY-BIAS,EMA-CROSS,FIRST-CANDLE,GAP-FADE,MACD,PDH-PDL,PIN-BAR,REL-STR,RSI-EXT,SR-BREAK,STOCHASTIC,SUPERTREND,VPOC",15,15.0,VPOC,VPOC: breakout above VAH=86.68,09:30,88.78632653061224,TARGET_HIT,EXACT_WIN,11402.56,2.28,60.0,MEDIUM
2022-05-19,DRREDDY,SHORT,09:30,773.4,646,499616.4,779.0,762.1999999999999,2.0,"ADX-FILTER,BEAR-ENGULF,DAILY-BIAS,FIRST-CANDLE,OPEN-WEAK,PDH-PDL,PIN-BAR,REL-STR,STOCHASTIC,VWAP-REV,VWAP-STDDEV",11,13.2,FIRST-CANDLE,FIRST-CANDLE: break below first candle low=773.40,10:35,779.0,STOP_HIT,LOSS,-4348.06,-0.87,60.0,MEDIUM
2022-05-20,SONACOMS,LONG,09:15,553.2775,903,499609.58,545.56375,584.1325,4.0,"CAMARILLA,FIRST-CANDLE,GAP-CONT,INTRADAY-STRUCT,PDH-PDL,PIN-BAR,REL-STR,SR-BREAK,STOCHASTIC,VPOC,VWAP-REV,VWAP-STDDEV",12,12.0,CAMARILLA,CAMARILLA: breakout above H4=553.28,15:15,555.4,TIME_EXIT,WIN,1186.72,0.24,60.0,MEDIUM
2022-05-20,LTTS,SHORT,10:05,3523.05,141,496750.05,3600.0,3369.1500000000005,2.0,"ADX-FILTER,BOLLINGER,CAMARILLA,DAILY-BIAS,FIRST-CANDLE,MACD,ORB-30,PDH-PDL,PIN-BAR,REL-STR,SR-BREAK,STOCHASTIC,SUPERTREND,VPOC",14,14.0,ORB-30,ORB-30: breakdown below 3523.05,15:15,3538.9,TIME_EXIT,LOSS,-2960.61,-0.6,60.0,MEDIUM
2022-05-23,HINDUNILVR,LONG,09:45,2342.669387755102,213,498988.58,2342.00306122449,2362.659183673469,30.0,"CPR,DAILY-BIAS,FIRST-CANDLE,MACD,ORB-15,ORB-30,PDH-PDL,REL-STR,SR-BREAK,STOCHASTIC,SUPERTREND,VPOC",12,12.0,VPOC,VPOC: breakout above VAH=2342.67,10:30,2362.659183673469,TARGET_HIT,EXACT_WIN,3526.92,0.71,60.0,MEDIUM
2022-05-23,HINDPETRO,SHORT,09:40,136.15,3672,499942.8,139.5,129.45000000000002,2.0,"ADX-FILTER,BEAR-ENGULF,CAMARILLA,DAILY-BIAS,FIRST-CANDLE,INTRADAY-STRUCT,MACD,ORB-15,PDH-PDL,PIN-BAR,REL-STR,SR-BREAK,STOCHASTIC,SUPERTREND",14,14.0,ORB-15,ORB-15: breakdown below 136.15,15:15,133.65,TIME_EXIT,WIN,8456.42,1.69,60.0,MEDIUM
2022-05-24,CHAMBLFERT,LONG,09:15,410.89183673469387,1216,499644.47,410.7158163265306,423.9173469387755,74.0,"CAMARILLA,CPR,EMA-CROSS,FIRST-CANDLE,GAP-CONT,INTRADAY-STRUCT,PDH-PDL,PIN-BAR,REL-STR,SR-BREAK,STOCHASTIC,VPOC,VWAP-REV,VWAP-STDDEV",14,14.0,VPOC,VPOC: breakout above VAH=410.89,10:10,410.7158163265306,STOP_HIT,LOSS,-942.3,-0.19,60.0,MEDIUM
2022-05-24,OBEROIRLTY,SHORT,09:50,785.1,636,499323.6,798.0,759.3000000000001,2.0,"ADX-FILTER,BEAR-FLAG,CAMARILLA,DAILY-BIAS,FIRST-CANDLE,MACD,ORB-15,ORB-30,PDH-PDL,REL-STR,SR-BREAK,STOCHASTIC",12,12.0,ORB-15,ORB-15: breakdown below 785.10,15:15,787.75,TIME_EXIT,LOSS,-2414.35,-0.48,60.0,MEDIUM
2022-05-25,GRASIM,LONG,09:35,1409.8765306122448,354,499096.29,1400.1617346938774,1439.9040816326528,3.09,"BOLLINGER,CAMARILLA,EMA-CROSS,FIRST-CANDLE,INTRADAY-STRUCT,MACD,REL-STR,RSI-EXT,SUPERTREND,VPOC",10,10.0,VPOC,VPOC: breakout above VAH=1409.88,11:00,1400.1617346938774,STOP_HIT,LOSS,-4163.99,-0.83,60.0,MEDIUM
2022-05-25,ASTRAL,SHORT,10:10,1247.0,400,498800.0,1266.9,1207.1999999999998,2.0,"ADX-FILTER,BEAR-FLAG,DAILY-BIAS,FIRST-CANDLE,MACD,ORB-15,ORB-30,PDH-PDL,REL-STR,SR-BREAK,STOCHASTIC,SUPERTREND,VPOC",13,13.0,ORB-15,ORB-15: breakdown below 1247.00,15:15,1237.5,TIME_EXIT,WIN,3074.9,0.62,60.0,MEDIUM
2022-05-26,POONAWALLA,LONG,10:30,219.35,2279,499898.65,218.25324999999998,232.86020408163265,12.32,"ADX-FILTER,BOLLINGER,EMA-CROSS,FIRST-CANDLE,GAP-CONT,INTRADAY-STRUCT,MACD,ORB-15,ORB-30,PIN-BAR,SUPERTREND,VPOC,VWAP-REV,VWAP-STDDEV",14,14.0,VPOC,VPOC: rejection below VPOC=219.76,13:15,232.86020408163265,TARGET_HIT,EXACT_WIN,30036.61,6.01,60.0,MEDIUM
2022-05-26,ASTRAL,SHORT,09:55,1248.1,400,499240.0,1257.5,1229.2999999999997,2.0,"BEAR-FLAG,BOLLINGER,CAMARILLA,DAILY-BIAS,FIRST-CANDLE,MACD,ORB-15,ORB-30,PDH-PDL,PIN-BAR,SR-BREAK,STOCHASTIC,SUPERTREND,VPOC",14,14.0,ORB-15,ORB-15: breakdown below 1248.10,10:15,1229.2999999999997,TARGET_HIT,EXACT_WIN,6796.43,1.36,60.0,MEDIUM
2022-05-27,CANBK,LONG,09:15,34.86714285714286,14340,499994.83,34.84,37.09285714285715,82.0,"EMA-CROSS,FIRST-CANDLE,INTRADAY-STRUCT,ORB-15,PDH-PDL,PIN-BAR,REL-STR,SR-BREAK,STOCHASTIC,VPOC,VWAP-REV,VWAP-STDDEV",12,12.0,VPOC,VPOC: breakout above VAH=34.87,11:15,34.84,STOP_HIT,LOSS,-1117.82,-0.22,60.0,MEDIUM
2022-05-27,ACC,SHORT,13:00,2198.05,227,498957.35,2218.95,2156.250000000001,2.0,"ADX-FILTER,BEAR-ENGULF,CAMARILLA,DAILY-BIAS,FAILED-BO,FIRST-CANDLE,INTRADAY-STRUCT,ORB-15,ORB-30,PIN-BAR,SR-BREAK,SUPERTREND",12,12.0,ORB-15,ORB-15: breakdown below 2198.05,15:15,2197.9,TIME_EXIT,LOSS,-693.42,-0.14,60.0,MEDIUM
2022-05-30,DLF,LONG,09:15,328.83000000000004,1520,499821.6,325.915,340.4900000000001,4.0,"ADX-FILTER,CAMARILLA,DBL-BTM,FIRST-CANDLE,GAP-CONT,INTRADAY-STRUCT,ORB-15,ORB-30,PDH-PDL,PIN-BAR,REL-STR,SR-BREAK,VPOC",13,13.0,CAMARILLA,CAMARILLA: breakout above H4=328.83,12:00,340.4900000000001,TARGET_HIT,EXACT_WIN,16980.5,3.4,60.0,MEDIUM
2022-05-30,INDUSTOWER,SHORT,13:50,200.5,2493,499846.5,203.2300492263087,195.0399015473826,2.0,"BOLLINGER,CAMARILLA,DAILY-BIAS,FIRST-CANDLE,INTRADAY-STRUCT,MACD,PIN-BAR,REL-STR,STOCHASTIC,SUPERTREND,VPOC,VWAP-STDDEV",12,12.0,SUPERTREND,"SUPERTREND: flipped bearish, ST=202.82",15:15,200.5,TIME_EXIT,LOSS,-728.7,-0.15,60.0,MEDIUM
2022-05-31,HAL,LONG,10:00,917.9,544,499337.6,912.95,937.6999999999999,4.0,"CAMARILLA,DAILY-BIAS,EMA-CROSS,FIRST-CANDLE,MACD,ORB-15,ORB-30,PDH-PDL,PIN-BAR,REL-STR,SR-BREAK,STOCHASTIC,SUPERTREND,VPOC",14,14.0,CAMARILLA,CAMARILLA: breakout above H4=917.90,15:15,920.4,TIME_EXIT,WIN,630.92,0.13,60.0,MEDIUM
2022-05-31,GRASIM,SHORT,09:20,1437.3,347,498743.1,1454.436,1401.95,2.06,"BEAR-ENGULF,BOLLINGER,DAILY-BIAS,FAILED-BO,FIRST-CANDLE,INTRADAY-STRUCT,MACD,REL-STR,RSI-EXT,SUPERTREND",10,10.0,FAILED-BO,"Failed BO: bull trap above 1443.25, reversed on vol 1.6×",15:15,1419.3,TIME_EXIT,WIN,5522.37,1.11,60.0,MEDIUM
2022-06-01,SIEMENS,LONG,10:05,1880.085,265,498222.53,1869.4424999999999,1922.6550000000002,4.0,"BOLLINGER,CAMARILLA,DAILY-BIAS,DBL-BTM,FIRST-CANDLE,MACD,ORB-15,ORB-30,PDH-PDL,PIN-BAR,REL-STR,SR-BREAK,VPOC,VWAP-REV,VWAP-STDDEV",15,15.0,CAMARILLA,CAMARILLA: breakout above H4=1880.09,10:50,1869.4424999999999,STOP_HIT,LOSS,-3544.52,-0.71,60.0,MEDIUM
2022-06-01,ASHOKLEY,SHORT,11:55,66.3,7541,499968.3,67.0,64.89999999999999,2.0,"BOLLINGER,CAMARILLA,FAILED-BO,FIRST-CANDLE,MACD,ORB-30,REL-STR,RSI-EXT,STOCHASTIC,SUPERTREND,VPOC,VWAP-REV,VWAP-STDDEV",13,13.0,ORB-30,ORB-30: breakdown below 66.30,12:40,67.0,STOP_HIT,LOSS,-6010.58,-1.2,60.0,MEDIUM
2022-06-02,ITC,LONG,10:35,223.3,2239,499968.7,220.95,228.00000000000006,2.0,"ADX-FILTER,BOLLINGER,CAMARILLA,DAILY-BIAS,FIRST-CANDLE,MACD,ORB-15,ORB-30,PIN-BAR,RSI-EXT,SR-BREAK,SUPERTREND,VPOC",13,13.0,ORB-15,ORB-15: breakout above 223.30 (range=2.35),15:15,225.55,TIME_EXIT,WIN,4304.89,0.86,60.0,MEDIUM
2022-06-02,INDHOTEL,SHORT,12:00,235.1,2126,499822.6,236.45,232.4,2.0,"ADX-FILTER,CPR,FIRST-CANDLE,MACD,ORB-15,ORB-30,PDH-PDL,PIN-BAR,REL-STR,SR-BREAK,STOCHASTIC,SUPERTREND,VPOC",13,13.0,ORB-15,ORB-15: breakdown below 235.10,12:05,232.4,TARGET_HIT,EXACT_WIN,5014.81,1.0,60.0,MEDIUM
2022-06-03,SAMMAANCAP,LONG,09:15,106.15,4710,499966.5,105.325,109.45000000000002,4.0,"CAMARILLA,FIRST-CANDLE,GAP-CONT,ORB-15,ORB-30,PDH-PDL,PIN-BAR,REL-STR,SR-BREAK,STOCHASTIC,VPOC",11,11.0,CAMARILLA,CAMARILLA: breakout above H4=106.15,09:30,109.45000000000002,TARGET_HIT,EXACT_WIN,14801.83,2.96,60.0,MEDIUM
2022-06-03,DIVISLAB,SHORT,13:40,3535.0,141,498435.0,3566.55,3471.8999999999996,2.0,"ADX-FILTER,BOLLINGER,CAMARILLA,DAILY-BIAS,FAILED-BO,FIRST-CANDLE,MACD,ORB-15,ORB-30,PDH-PDL,PIN-BAR,REL-STR,SR-BREAK,SUPERTREND",14,14.0,ORB-15,ORB-15: breakdown below 3535.00,15:15,3475.1,TIME_EXIT,WIN,7723.95,1.55,60.0,MEDIUM
2022-06-06,TATAELXSI,LONG,12:50,8624.9775,57,491623.72,8512.48875,9074.932500000003,4.0,"ADX-FILTER,BOLLINGER,CAMARILLA,DAILY-BIAS,FIRST-CANDLE,MACD,ORB-15,ORB-30,SR-BREAK,SUPERTREND,VPOC,VWAP-STDDEV",12,12.0,CAMARILLA,CAMARILLA: breakout above H4=8624.98,15:15,8677.1,TIME_EXIT,WIN,2251.14,0.46,60.0,MEDIUM
2022-06-06,ONGC,SHORT,09:45,139.45,3585,499928.25,140.80049999999997,136.6,2.11,"ADX-FILTER,BEAR-ENGULF,BOLLINGER,DAILY-BIAS,FAILED-BO,INTRADAY-STRUCT,MACD,PIN-BAR,RSI-EXT,SUPERTREND,VWAP-STDDEV",11,11.0,BEAR-ENGULF,"Bear Engulf at resistance 139.20, vol 1.7×",10:40,140.80049999999997,STOP_HIT,LOSS,-5573.12,-1.11,60.0,MEDIUM
2022-06-07,INDUSTOWER,LONG,09:40,202.0,2475,499950.0,201.625,207.4,14.4,"ADX-FILTER,BOLLINGER,CAMARILLA,EMA-CROSS,FIRST-CANDLE,INTRADAY-STRUCT,MACD,ORB-15,ORB-30,PDH-PDL,PIN-BAR,REL-STR,SR-BREAK,STOCHASTIC,SUPERTREND,VPOC",16,16.0,VPOC,VPOC: breakout above VAH=202.00,15:15,206.15,TIME_EXIT,WIN,9534.28,1.91,60.0,MEDIUM
2022-06-07,NAVINFLUOR,SHORT,11:05,3699.95,135,499493.25,3728.7,3642.45,2.0,"ADX-FILTER,DAILY-BIAS,FAILED-BO,FIRST-CANDLE,ORB-15,ORB-30,PDH-PDL,PIN-BAR,SR-BREAK,STOCHASTIC,SUPERTREND,VWAP-STDDEV",12,12.0,ORB-15,ORB-15: breakdown below 3699.95,15:15,3708.2,TIME_EXIT,LOSS,-1842.61,-0.37,60.0,MEDIUM
2022-06-08,COALINDIA,LONG,10:35,186.45,2681,499872.45,183.0,193.34999999999997,2.0,"CPR,DAILY-BIAS,EMA-CROSS,FIRST-CANDLE,INTRADAY-STRUCT,MACD,ORB-30,PDH-PDL,REL-STR,SR-BREAK,STOCHASTIC,SUPERTREND",12,12.0,ORB-30,ORB-30: breakout above 186.45 (range=3.45),15:15,183.95,TIME_EXIT,LOSS,-7425.93,-1.49,60.0,MEDIUM
2022-06-08,AUBANK,SHORT,09:30,629.45,794,499783.3,641.5950925645894,605.1598148708213,2.0,"BEAR-ENGULF,BOLLINGER,CAMARILLA,DAILY-BIAS,FAILED-BO,FIRST-CANDLE,INTRADAY-STRUCT,MACD,PIN-BAR,REL-STR,SR-BREAK,SUPERTREND,VPOC,VWAP-STDDEV",14,14.0,SUPERTREND,"SUPERTREND: flipped bearish, ST=640.31",10:45,641.5950925645894,STOP_HIT,LOSS,-10377.33,-2.08,60.0,MEDIUM
2022-06-09,LTM,LONG,10:25,4319.689795918368,115,496764.33,4314.342857142858,4364.604081632654,8.4,"ADX-FILTER,BOLLINGER,CAMARILLA,DAILY-BIAS,EMA-CROSS,FIRST-CANDLE,MACD,ORB-30,PDH-PDL,PIN-BAR,SR-BREAK,SUPERTREND,VPOC",13,13.0,VPOC,VPOC: breakout above VAH=4319.69,10:30,4314.342857142858,STOP_HIT,LOSS,-1338.91,-0.27,60.0,MEDIUM
2022-06-09,SHREECEM,SHORT,11:25,19285.0,25,482125.0,19570.0,18715.0,2.0,"ADX-FILTER,DAILY-BIAS,FIRST-CANDLE,INTRADAY-STRUCT,OPEN-WEAK,ORB-30,PDH-PDL,REL-STR,SR-BREAK,STOCHASTIC",10,10.0,ORB-30,ORB-30: breakdown below 19285.00,15:15,19200.0,TIME_EXIT,WIN,1421.68,0.29,60.0,MEDIUM
2022-06-10,BIOCON,LONG,10:25,339.25,1473,499715.25,329.0,359.75,2.0,"BOLLINGER,CAMARILLA,CPR,EMA-CROSS,FIRST-CANDLE,MACD,ORB-30,PDH-PDL,REL-STR,SR-BREAK,STOCHASTIC,SUPERTREND,VPOC",13,13.0,ORB-30,ORB-30: breakout above 339.25 (range=10.25),15:15,339.1,TIME_EXIT,LOSS,-949.3,-0.19,60.0,MEDIUM
2022-06-10,BALRAMCHIN,SHORT,10:00,398.2,1255,499741.0,405.08890514254256,384.42218971491485,2.0,"ADX-FILTER,CPR,DAILY-BIAS,DBL-TOP,FIRST-CANDLE,INTRADAY-STRUCT,MACD,RSI-EXT,SUPERTREND,VPOC,VWAP-REV",11,11.0,SUPERTREND,"SUPERTREND: flipped bearish, ST=404.28",11:55,405.08890514254256,STOP_HIT,LOSS,-9379.08,-1.88,60.0,MEDIUM
2022-06-13,ADANIENSOL,LONG,10:25,2104.1377551020405,237,498680.65,2100.8331632653058,2174.6357142857137,21.33,"BOLLINGER,CAMARILLA,CPR,FIRST-CANDLE,GAP-FADE,ORB-15,ORB-30,PDH-PDL,REL-STR,SR-BREAK,STOCHASTIC,SUPERTREND,VPOC",13,13.0,VPOC,VPOC: breakout above VAH=2104.14,11:15,2100.8331632653058,STOP_HIT,LOSS,-1509.68,-0.3,60.0,MEDIUM
2022-06-13,HDFCAMC,SHORT,09:15,873.4,525,458535.0,930.5129999999999,749.3499999999998,2.17,"ADX-FILTER,CPR,DESC-TRI,FIRST-CANDLE,OPEN-WEAK,PDH-PDL,PIN-BAR,SR-BREAK,STOCHASTIC,VWAP-STDDEV",10,12.0,DESC-TRI,Descending Triangle: breakdown below support 876.22,15:15,870.5,TIME_EXIT,WIN,850.99,0.19,60.0,MEDIUM
2022-06-14,OBEROIRLTY,LONG,10:15,780.0510204081633,640,499232.65,776.5321428571428,800.5244897959184,5.82,"BOLLINGER,CAMARILLA,EMA-CROSS,FIRST-CANDLE,MACD,ORB-15,ORB-30,PDH-PDL,PIN-BAR,SR-BREAK,STOCHASTIC,SUPERTREND,VPOC",13,13.0,VPOC,VPOC: breakout above VAH=780.05,11:10,800.5244897959184,TARGET_HIT,EXACT_WIN,12364.78,2.48,60.0,MEDIUM
2022-06-14,VEDL,SHORT,10:50,130.65,3827,499997.55,131.9565,127.75,2.22,"ADX-FILTER,BOLLINGER,CAMARILLA,DAILY-BIAS,FAILED-BO,INTRADAY-STRUCT,MACD,PIN-BAR,STOCHASTIC,SUPERTREND,VPOC,VWAP-STDDEV",12,12.0,FAILED-BO,"Failed BO: bull trap above 131.20, reversed on vol 3.5×",11:10,131.9565,STOP_HIT,LOSS,-5731.74,-1.15,60.0,MEDIUM
2022-06-15,PAGEIND,LONG,09:35,40715.229999999996,12,488582.76,40373.24,42083.18999999999,4.0,"CAMARILLA,FIRST-CANDLE,GAP-CONT,ORB-15,ORB-30,PDH-PDL,PIN-BAR,REL-STR,SR-BREAK,STOCHASTIC,VPOC",11,11.0,CAMARILLA,CAMARILLA: breakout above H4=40715.23,15:15,41049.95,TIME_EXIT,WIN,3300.12,0.68,60.0,MEDIUM
2022-06-15,NTPC,SHORT,09:35,151.5,3300,499950.0,153.55,147.39999999999998,2.0,"ADX-FILTER,CAMARILLA,DAILY-BIAS,DBL-TOP,FAILED-BO,FIRST-CANDLE,MACD,ORB-15,ORB-30,PDH-PDL,SR-BREAK,VPOC",12,12.0,ORB-15,ORB-15: breakdown below 151.50,15:15,148.4,TIME_EXIT,WIN,9507.01,1.9,60.0,MEDIUM
2022-06-16,PAYTM,LONG,09:15,621.695,804,499842.78,618.1475,635.8850000000001,4.0,"CAMARILLA,DAILY-BIAS,FIRST-CANDLE,GAP-CONT,ORB-15,ORB-30,PDH-PDL,PIN-BAR,SR-BREAK,STOCHASTIC,VPOC,VWAP-REV,VWAP-STDDEV",13,13.0,CAMARILLA,CAMARILLA: breakout above H4=621.70,09:50,635.8850000000001,TARGET_HIT,EXACT_WIN,10671.03,2.13,60.0,MEDIUM
2022-06-16,BATAINDIA,SHORT,12:00,1732.25,288,498888.0,1748.7,1699.35,2.0,"DAILY-BIAS,FAILED-BO,FIRST-CANDLE,MACD,ORB-15,ORB-30,PDH-PDL,PIN-BAR,REL-STR,SR-BREAK,STOCHASTIC,SUPERTREND,VPOC",13,13.0,ORB-15,ORB-15: breakdown below 1732.25,12:05,1699.35,TARGET_HIT,EXACT_WIN,8753.22,1.75,60.0,MEDIUM
2022-06-17,VOLTAS,LONG,12:45,950.9,525,499222.5,933.6,985.4999999999999,2.0,"BOLLINGER,CAMARILLA,FIRST-CANDLE,INTRADAY-STRUCT,MACD,ORB-15,PIN-BAR,REL-STR,RSI-EXT,SUPERTREND",10,10.0,ORB-15,ORB-15: breakout above 950.90 (range=17.30),15:15,954.95,TIME_EXIT,WIN,1396.72,0.28,60.0,MEDIUM
2022-06-17,GODREJCP,SHORT,09:15,735.08,680,499854.4,742.93,719.3800000000002,2.0,"ADX-FILTER,CPR,DAILY-BIAS,FIRST-CANDLE,INTRADAY-STRUCT,PDH-PDL,PIN-BAR,REL-STR,SR-BREAK,STOCHASTIC,VWAP-REV,VWAP-STDDEV",12,12.0,SR-BREAK,SR-BREAK: breakdown below support 735.08,09:20,719.3800000000002,TARGET_HIT,EXACT_WIN,9953.39,1.99,60.0,MEDIUM
2022-06-20,GODREJCP,LONG,10:05,740.6750000000001,675,499955.63,732.0125,775.3250000000002,4.0,"ADX-FILTER,CAMARILLA,FALL-WEDGE,FIRST-CANDLE,INTRADAY-STRUCT,MACD,ORB-15,ORB-30,PDH-PDL,REL-STR,SR-BREAK,STOCHASTIC,SUPERTREND,VPOC",14,14.0,CAMARILLA,CAMARILLA: breakout above H4=740.68,15:15,758.05,TIME_EXIT,WIN,10989.99,2.2,60.0,MEDIUM
2022-06-20,SHRIRAMFIN,SHORT,13:10,228.15,2191,499876.65,232.35,219.75000000000003,2.0,"ADX-FILTER,BOLLINGER,CPR,DBL-TOP,FAILED-BO,FIRST-CANDLE,MACD,ORB-15,ORB-30,PIN-BAR,REL-STR,SR-BREAK,STOCHASTIC,SUPERTREND,VPOC",15,15.0,ORB-15,ORB-15: breakdown below 228.15,15:15,226.95,TIME_EXIT,WIN,1901.96,0.38,60.0,MEDIUM
2022-06-21,HDFCAMC,LONG,09:15,860.2142857142858,581,499784.5,857.4285714285714,873.5857142857144,4.8,"CAMARILLA,CPR,FIRST-CANDLE,INTRADAY-STRUCT,ORB-15,ORB-30,PDH-PDL,PIN-BAR,REL-STR,SR-BREAK,VPOC",11,11.0,VPOC,VPOC: breakout above VAH=860.21,09:25,873.5857142857144,TARGET_HIT,EXACT_WIN,7034.03,1.41,60.0,MEDIUM
2022-06-21,CHOLAFIN,SHORT,13:40,629.95,793,499550.35,635.16,611.45,3.55,"ADX-FILTER,BOLLINGER,CAMARILLA,DAILY-BIAS,FAILED-BO,FIRST-CANDLE,MACD,REL-STR,RSI-EXT,SR-BREAK,STOCHASTIC,SUPERTREND,VPOC",13,13.0,FAILED-BO,"Failed BO: bull trap above 630.75, reversed on vol 1.7×",15:15,625.6,TIME_EXIT,WIN,2723.23,0.55,60.0,MEDIUM
2022-06-22,HAL,LONG,09:50,894.7,558,499242.6,880.0,924.1000000000001,2.0,"BOLLINGER,CAMARILLA,CPR,EMA-CROSS,FIRST-CANDLE,INTRADAY-STRUCT,MACD,ORB-15,ORB-30,PDH-PDL,PIN-BAR,REL-STR,STOCHASTIC,SUPERTREND,VPOC",15,15.0,ORB-15,ORB-15: breakout above 894.70 (range=14.70),15:15,890.5,TIME_EXIT,LOSS,-3069.62,-0.61,60.0,MEDIUM
2022-06-22,TATAELXSI,SHORT,11:00,7541.0,66,497706.0,7594.433249999999,7125.0,7.79,"ADX-FILTER,BEAR-ENGULF,CPR,DAILY-BIAS,FAILED-BO,FIRST-CANDLE,PIN-BAR,REL-STR,SR-BREAK,SUPERTREND,VWAP-REV,VWAP-STDDEV",12,12.0,FAILED-BO,"Failed BO: bull trap above 7550.00, reversed on vol 2.2×",11:40,7594.433249999999,STOP_HIT,LOSS,-4254.39,-0.85,60.0,MEDIUM
2022-06-23,BANKBARODA,LONG,09:45,82.9908163265306,6024,499936.68,82.7438775510204,84.29285714285713,5.27,"ADX-FILTER,BOLLINGER,CAMARILLA,EMA-CROSS,FIRST-CANDLE,MACD,ORB-15,ORB-30,PDH-PDL,PIN-BAR,SR-BREAK,STOCHASTIC,SUPERTREND,VPOC,VWAP-REV",15,15.0,VPOC,VPOC: breakout above VAH=82.99,11:25,84.29285714285713,TARGET_HIT,EXACT_WIN,7108.46,1.42,60.0,MEDIUM
2022-06-23,HDFCLIFE,SHORT,12:20,553.1,903,499449.3,557.95,543.4,2.0,"BEAR-ENGULF,BOLLINGER,CAMARILLA,DAILY-BIAS,MACD,ORB-30,PDH-PDL,PIN-BAR,RSI-EXT,SUPERTREND,VWAP-STDDEV",11,11.0,ORB-30,ORB-30: breakdown below 553.10,14:35,557.95,STOP_HIT,LOSS,-5110.21,-1.02,60.0,MEDIUM
2022-06-24,INDUSTOWER,LONG,09:35,213.9575,2336,499804.72,212.40375,220.17250000000004,4.0,"CAMARILLA,CPR,DAILY-BIAS,DBL-BTM,FIRST-CANDLE,GAP-CONT,ORB-30,PDH-PDL,PIN-BAR,REL-STR,STOCHASTIC,VPOC",12,12.0,CAMARILLA,CAMARILLA: breakout above H4=213.96,12:40,220.17250000000004,TARGET_HIT,EXACT_WIN,13778.1,2.76,60.0,MEDIUM
2022-06-24,ASIANPAINT,SHORT,10:05,2737.6,182,498243.2,2766.564,2674.95,2.16,"ADX-FILTER,BEAR-ENGULF,BOLLINGER,CAMARILLA,CPR,DAILY-BIAS,FAILED-BO,FIRST-CANDLE,ORB-15,PIN-BAR,REL-STR,SUPERTREND,VPOC,VWAP-STDDEV",14,14.0,BEAR-ENGULF,"Bear Engulf at resistance 2767.90, vol 8.0×",14:45,2766.564,STOP_HIT,LOSS,-6000.98,-1.2,60.0,MEDIUM
2022-06-27,RBLBANK,LONG,09:15,88.16000000000001,5671,499955.36,87.555,90.58000000000003,4.0,"ADX-FILTER,CAMARILLA,EMA-CROSS,FIRST-CANDLE,GAP-CONT,INTRADAY-STRUCT,MACD,PDH-PDL,PIN-BAR,REL-STR,SR-BREAK,VPOC",12,12.0,CAMARILLA,CAMARILLA: breakout above H4=88.16,13:45,90.58000000000003,TARGET_HIT,EXACT_WIN,12984.11,2.6,60.0,MEDIUM
2022-06-27,BRITANNIA,SHORT,10:35,3474.0,143,496782.0,3505.95,3410.1000000000004,2.0,"BEAR-ENGULF,CAMARILLA,FAILED-BO,FIRST-CANDLE,INTRADAY-STRUCT,MACD,ORB-15,ORB-30,PIN-BAR,REL-STR,SUPERTREND,VPOC,VWAP-STDDEV",13,13.0,ORB-15,ORB-15: breakdown below 3474.00,15:15,3467.85,TIME_EXIT,WIN,155.43,0.03,60.0,MEDIUM
2022-06-28,TVSMOTOR,LONG,09:35,799.75,625,499843.75,793.1,813.05,2.0,"ADX-FILTER,BOLLINGER,CAMARILLA,DAILY-BIAS,EMA-CROSS,FIRST-CANDLE,INTRADAY-STRUCT,MACD,ORB-15,ORB-30,PDH-PDL,REL-STR,SR-BREAK,STOCHASTIC,SUPERTREND,VPOC",16,16.0,ORB-15,ORB-15: breakout above 799.75 (range=6.65),10:15,813.05,TARGET_HIT,EXACT_WIN,7577.22,1.52,60.0,MEDIUM
2022-06-28,CHOLAFIN,SHORT,09:20,630.14,793,499701.02,640.54,609.34,2.0,"ADX-FILTER,CAMARILLA,DAILY-BIAS,FIRST-CANDLE,OPEN-WEAK,PDH-PDL,REL-STR,SR-BREAK,STOCHASTIC,VPOC,VWAP-STDDEV",11,11.0,SR-BREAK,SR-BREAK: breakdown below support 630.14,12:35,640.54,STOP_HIT,LOSS,-8980.42,-1.8,60.0,MEDIUM
2022-06-29,ULTRACEMCO,LONG,09:30,5574.285714285715,89,496111.43,5571.071428571428,5660.000000000001,26.67,"BOLLINGER,CAMARILLA,EMA-CROSS,FIRST-CANDLE,MACD,ORB-15,ORB-30,PDH-PDL,PIN-BAR,REL-STR,SR-BREAK,STOCHASTIC,SUPERTREND,VPOC",14,14.0,VPOC,VPOC: breakout above VAH=5574.29,15:15,5606.5,TIME_EXIT,WIN,2141.19,0.43,60.0,MEDIUM
2022-06-29,BIOCON,SHORT,09:30,310.55,1610,499985.5,315.15,301.3500000000001,2.0,"DAILY-BIAS,DBL-TOP,DESC-TRI,FIRST-CANDLE,INTRADAY-STRUCT,OPEN-WEAK,ORB-15,PDH-PDL,PIN-BAR,REL-STR,SR-BREAK,STOCHASTIC",12,12.0,ORB-15,ORB-15: breakdown below 310.55,15:15,309.95,TIME_EXIT,WIN,237.66,0.05,60.0,MEDIUM
2022-06-30,BRITANNIA,LONG,09:30,3464.4,144,498873.6,3414.090441290221,3565.0191174195584,2.0,"CAMARILLA,CPR,DBL-BTM,EMA-CROSS,FIRST-CANDLE,MACD,PDH-PDL,PIN-BAR,REL-STR,SR-BREAK,STOCHASTIC,VPOC",12,12.0,EMA-CROSS,"EMA-CROSS: 9EMA crossed above 21EMA, price above VWAP",11:20,3414.090441290221,STOP_HIT,LOSS,-7966.22,-1.6,60.0,MEDIUM
2022-06-30,APOLLOTYRE,SHORT,09:40,187.75,2663,499978.25,189.19124999999997,184.85,2.01,"BEAR-ENGULF,BOLLINGER,CAMARILLA,DAILY-BIAS,FAILED-BO,FIRST-CANDLE,MACD,PIN-BAR,REL-STR,RSI-EXT,STOCHASTIC,SUPERTREND,VWAP-STDDEV",13,13.0,BEAR-ENGULF,"Bear Engulf at resistance 187.80, vol 1.7×",14:55,184.85,TARGET_HIT,EXACT_WIN,6998.23,1.4,60.0,MEDIUM
2022-07-01,ITC,LONG,09:25,225.86122448979592,2213,499830.89,225.74642857142857,227.00918367346938,10.0,"ADX-FILTER,BOLLINGER,CAMARILLA,DAILY-BIAS,EMA-CROSS,FIRST-CANDLE,INTRADAY-STRUCT,MACD,ORB-15,ORB-30,REL-STR,SR-BREAK,STOCHASTIC,SUPERTREND,VPOC",15,15.0,VPOC,VPOC: breakout above VAH=225.86,09:40,227.00918367346938,TARGET_HIT,EXACT_WIN,1809.74,0.36,60.0,MEDIUM
2022-07-01,COALINDIA,SHORT,10:00,170.15,2938,499900.7,173.25,163.95000000000002,2.0,"ADX-FILTER,CAMARILLA,DAILY-BIAS,MACD,ORB-15,ORB-30,PDH-PDL,REL-STR,SR-BREAK,STOCHASTIC,VPOC",11,11.0,ORB-15,ORB-15: breakdown below 170.15,15:15,170.4,TIME_EXIT,LOSS,-1463.69,-0.29,60.0,MEDIUM
2022-07-04,POONAWALLA,LONG,09:40,231.67755102040817,2158,499960.16,230.95204081632653,237.965306122449,8.67,"ADX-FILTER,FALL-WEDGE,FIRST-CANDLE,MACD,ORB-15,ORB-30,PDH-PDL,REL-STR,RSI-EXT,SR-BREAK,STOCHASTIC,VPOC,VWAP-REV",13,13.0,VPOC,VPOC: breakout above VAH=231.68,09:45,230.95204081632653,STOP_HIT,LOSS,-2293.27,-0.46,60.0,MEDIUM
2022-07-04,IEX,SHORT,09:45,159.5,3134,499873.0,161.5,155.5,2.0,"ADX-FILTER,BOLLINGER,CAMARILLA,DAILY-BIAS,FAILED-BO,FIRST-CANDLE,MACD,ORB-30,PIN-BAR,SR-BREAK,STOCHASTIC,SUPERTREND,VPOC",13,13.0,ORB-30,ORB-30: breakdown below 159.50,15:15,158.7,TIME_EXIT,WIN,1779.9,0.36,60.0,MEDIUM
2022-07-05,SBICARD,LONG,09:20,792.74,630,499426.2,788.395,810.1200000000001,4.0,"CAMARILLA,CPR,DAILY-BIAS,FIRST-CANDLE,ORB-15,ORB-30,PDH-PDL,REL-STR,SR-BREAK,VOL-SPIKE,VPOC",11,11.0,CAMARILLA,CAMARILLA: breakout above H4=792.74,11:25,810.1200000000001,TARGET_HIT,EXACT_WIN,10212.6,2.04,60.0,MEDIUM
2022-07-05,DIXON,SHORT,09:30,3581.0,139,497759.0,3629.0,3485.0,2.0,"CAMARILLA,FAILED-BO,FIRST-CANDLE,INTRADAY-STRUCT,MACD,ORB-15,ORB-30,PDH-PDL,PIN-BAR,REL-STR,SR-BREAK,STOCHASTIC,SUPERTREND",13,13.0,ORB-15,ORB-15: breakdown below 3581.00,15:15,3519.05,TIME_EXIT,WIN,7890.12,1.59,60.0,MEDIUM
2022-07-06,M&M,LONG,09:30,1092.9524999999999,457,499479.29,1086.47625,1118.8574999999996,4.0,"CAMARILLA,DAILY-BIAS,FIRST-CANDLE,ORB-15,ORB-30,PDH-PDL,PIN-BAR,REL-STR,SR-BREAK,STOCHASTIC,SUPERTREND,VPOC",12,12.0,CAMARILLA,CAMARILLA: breakout above H4=1092.95,15:15,1104.4,TIME_EXIT,WIN,4499.17,0.9,60.0,MEDIUM
2022-07-06,MPHASIS,SHORT,09:35,2064.76,192,396433.92,2220.35,1753.5800000000008,2.0,"ADX-FILTER,CAMARILLA,DAILY-BIAS,FIRST-CANDLE,MACD,PDH-PDL,REL-STR,RSI-EXT,SR-BREAK,STOCHASTIC,VWAP-REV,VWAP-STDDEV",12,12.0,SR-BREAK,SR-BREAK: breakdown below support 2064.76,15:15,2109.8,TIME_EXIT,LOSS,-9240.33,-2.33,60.0,MEDIUM
2022-07-07,ICICIBANK,LONG,09:15,732.8175,682,499781.53,730.10875,743.6525,4.0,"ADX-FILTER,CAMARILLA,CPR,DAILY-BIAS,GAP-CONT,INTRADAY-STRUCT,ORB-15,ORB-30,PDH-PDL,PIN-BAR,STOCHASTIC,VPOC,VWAP-STDDEV",13,13.0,CAMARILLA,CAMARILLA: breakout above H4=732.82,15:15,741.45,TIME_EXIT,WIN,5154.09,1.03,60.0,MEDIUM
2022-07-07,HDFCLIFE,SHORT,09:40,559.4,893,499544.2,565.0,548.1999999999999,2.0,"ADX-FILTER,CAMARILLA,DAILY-BIAS,FIRST-CANDLE,INTRADAY-STRUCT,MACD,ORB-15,ORB-30,PDH-PDL,PIN-BAR,REL-STR,STOCHASTIC,SUPERTREND",13,13.0,ORB-15,ORB-15: breakdown below 559.40,15:15,554.6,TIME_EXIT,WIN,3560.56,0.71,60.0,MEDIUM
2022-07-08,SUNTV,LONG,09:20,433.46500000000003,1153,499785.15,431.7325,440.3950000000001,4.0,"CAMARILLA,CPR,DBL-BTM,FIRST-CANDLE,ORB-15,PDH-PDL,PIN-BAR,REL-STR,SR-BREAK,STOCHASTIC,VPOC,VWAP-REV,VWAP-STDDEV",13,13.0,CAMARILLA,CAMARILLA: breakout above H4=433.47,09:30,440.3950000000001,TARGET_HIT,EXACT_WIN,7255.35,1.45,60.0,MEDIUM
2022-07-08,CHOLAFIN,SHORT,10:20,639.55,781,499488.55,647.5,623.6499999999999,2.0,"CAMARILLA,FIRST-CANDLE,MACD,ORB-15,ORB-30,PDH-PDL,REL-STR,SR-BREAK,STOCHASTIC,SUPERTREND,VPOC",11,11.0,ORB-15,ORB-15: breakdown below 639.55,11:45,623.6499999999999,TARGET_HIT,EXACT_WIN,11696.79,2.34,60.0,MEDIUM
2022-07-11,HINDUNILVR,LONG,11:25,2509.85,199,499460.15,2480.0,2569.5499999999997,2.0,"CPR,DAILY-BIAS,FIRST-CANDLE,MACD,ORB-15,ORB-30,PDH-PDL,REL-STR,RSI-EXT,SR-BREAK,STOCHASTIC,SUPERTREND,VPOC,VWAP-STDDEV",14,14.0,ORB-15,ORB-15: breakout above 2509.85 (range=29.85),15:15,2489.95,TIME_EXIT,LOSS,-4685.14,-0.94,60.0,MEDIUM
2022-07-11,MRPL,SHORT,09:30,70.12,7130,499955.6,71.39,67.58000000000001,2.0,"ADX-FILTER,CAMARILLA,DAILY-BIAS,FAILED-BO,FIRST-CANDLE,INTRADAY-STRUCT,MACD,PDH-PDL,VPOC,VWAP-REV,VWAP-STDDEV",11,11.0,FIRST-CANDLE,FIRST-CANDLE: break below first candle low=70.12,10:05,71.39,STOP_HIT,LOSS,-9789.13,-1.96,60.0,MEDIUM
2022-07-12,BHEL,LONG,09:35,48.102040816326536,10394,499972.61,47.98775510204082,48.36326530612246,2.29,"CAMARILLA,DAILY-BIAS,EMA-CROSS,FIRST-CANDLE,MACD,ORB-15,ORB-30,PDH-PDL,PIN-BAR,REL-STR,SR-BREAK,STOCHASTIC,VPOC",13,13.0,VPOC,VPOC: breakout above VAH=48.10,09:40,48.36326530612246,TARGET_HIT,EXACT_WIN,1984.15,0.4,60.0,MEDIUM
2022-07-12,LTM,SHORT,09:35,4017.35,124,498151.4,4041.7079999999996,3890.85,5.19,"ADX-FILTER,BEAR-ENGULF,BOLLINGER,CAMARILLA,DAILY-BIAS,DBL-TOP,FAILED-BO,INTRADAY-STRUCT,MACD,RSI-EXT,SUPERTREND",11,11.0,FAILED-BO,"Failed BO: bull trap above 4018.15, reversed on vol 1.7×",11:00,4041.7079999999996,STOP_HIT,LOSS,-3748.51,-0.75,60.0,MEDIUM
2022-07-13,ESCORTS,LONG,09:20,1591.7530612244898,314,499810.46,1589.7423469387754,1606.6897959183673,7.43,"CAMARILLA,DAILY-BIAS,EMA-CROSS,FIRST-CANDLE,GAP-CONT,MACD,ORB-15,ORB-30,PDH-PDL,REL-STR,SR-BREAK,STOCHASTIC,SUPERTREND,VPOC",14,14.0,VPOC,VPOC: breakout above VAH=1591.75,09:25,1606.6897959183673,TARGET_HIT,EXACT_WIN,3957.77,0.79,60.0,MEDIUM
2022-07-13,ASHOKLEY,SHORT,12:55,69.5,7194,499983.0,70.0,68.5,2.0,"ADX-FILTER,BEAR-ENGULF,BOLLINGER,DBL-TOP,FIRST-CANDLE,MACD,ORB-30,PDH-PDL,PIN-BAR,SR-BREAK,STOCHASTIC,SUPERTREND,VPOC",13,13.0,ORB-30,ORB-30: breakdown below 69.50,15:15,68.95,TIME_EXIT,WIN,3230.08,0.65,60.0,MEDIUM
2022-07-14,ESCORTS,LONG,09:40,1614.85,309,498988.65,1603.25,1638.0499999999997,2.0,"CPR,DAILY-BIAS,EMA-CROSS,FIRST-CANDLE,INTRADAY-STRUCT,MACD,ORB-15,ORB-30,PDH-PDL,REL-STR,SR-BREAK,STOCHASTIC,SUPERTREND,VPOC,VWAP-STDDEV",15,15.0,ORB-15,ORB-15: breakout above 1614.85 (range=11.60),10:25,1603.25,STOP_HIT,LOSS,-4309.09,-0.86,60.0,MEDIUM
2022-07-14,ACC,SHORT,09:20,2163.05,231,499664.55,2190.1827655989036,2108.7844688021933,2.0,"ADX-FILTER,BEAR-ENGULF,CAMARILLA,FAILED-BO,FIRST-CANDLE,MACD,PDH-PDL,PIN-BAR,REL-STR,SR-BREAK,STOCHASTIC,SUPERTREND,VPOC",13,13.0,SUPERTREND,"SUPERTREND: flipped bearish, ST=2185.81",15:15,2162.2,TIME_EXIT,LOSS,-531.99,-0.11,60.0,MEDIUM
2022-07-15,TITAN,LONG,09:15,2139.3510204081635,233,498468.79,2139.076530612245,2162.9571428571435,86.0,"ADX-FILTER,CAMARILLA,CPR,DAILY-BIAS,FIRST-CANDLE,INTRADAY-STRUCT,ORB-15,ORB-30,PDH-PDL,PIN-BAR,REL-STR,SR-BREAK,VPOC",13,13.0,VPOC,VPOC: breakout above VAH=2139.35,10:25,2162.9571428571435,TARGET_HIT,EXACT_WIN,4769.05,0.96,60.0,MEDIUM
2022-07-15,HAL,SHORT,11:00,863.95,578,499363.1,894.759,745.7749999999999,3.84,"BOLLINGER,CAMARILLA,DAILY-BIAS,DESC-TRI,FIRST-CANDLE,MACD,ORB-15,ORB-30,PDH-PDL,PIN-BAR,SR-BREAK,SUPERTREND,VPOC",13,13.0,DESC-TRI,Descending Triangle: breakdown below support 865.49,15:15,863.0,TIME_EXIT,LOSS,-178.63,-0.04,60.0,MEDIUM
2022-07-18,ADANIENSOL,LONG,09:25,2977.3524999999995,167,497217.87,2931.27625,3161.657499999999,4.0,"ADX-FILTER,BULL-FLAG,CAMARILLA,DAILY-BIAS,FIRST-CANDLE,GAP-CONT,ORB-15,ORB-30,PDH-PDL,PIN-BAR,REL-STR,SR-BREAK,STOCHASTIC,VPOC",14,14.0,CAMARILLA,CAMARILLA: breakout above H4=2977.35,14:45,2931.27625,STOP_HIT,LOSS,-8413.76,-1.69,60.0,MEDIUM
2022-07-18,DEEPAKNTR,SHORT,10:05,1754.95,284,498405.8,1775.595470320951,1713.659059358098,2.0,"ADX-FILTER,BOLLINGER,CAMARILLA,DAILY-BIAS,FIRST-CANDLE,MACD,PIN-BAR,REL-STR,RSI-EXT,SR-BREAK,STOCHASTIC,SUPERTREND,VPOC",13,13.0,SUPERTREND,"SUPERTREND: flipped bearish, ST=1772.05",15:15,1754.45,TIME_EXIT,LOSS,-584.66,-0.12,60.0,MEDIUM
2022-07-19,TVSMOTOR,LONG,09:25,879.6530612244898,568,499642.94,878.2469387755102,884.4122448979591,3.38,"BOLLINGER,CAMARILLA,DAILY-BIAS,DBL-BTM,EMA-CROSS,FIRST-CANDLE,MACD,ORB-15,ORB-30,PDH-PDL,PIN-BAR,REL-STR,SR-BREAK,STOCHASTIC,SUPERTREND,VPOC",16,16.0,VPOC,VPOC: breakout above VAH=879.65,09:40,884.4122448979591,TARGET_HIT,EXACT_WIN,1972.65,0.39,60.0,MEDIUM
2022-07-19,BHARTIARTL,SHORT,12:35,673.0,742,499366.0,679.02825,649.2,3.95,"ADX-FILTER,BEAR-ENGULF,BOLLINGER,CAMARILLA,CPR,DAILY-BIAS,DBL-TOP,FAILED-BO,FIRST-CANDLE,MACD,PIN-BAR,REL-STR,RSI-EXT,VWAP-STDDEV",14,14.0,FAILED-BO,"Failed BO: bull trap above 675.00, reversed on vol 1.8×",15:15,673.7,TIME_EXIT,LOSS,-1247.74,-0.25,60.0,MEDIUM
2022-07-20,PAGEIND,LONG,09:15,44111.962499999994,11,485231.59,43878.831249999996,45044.48749999999,4.0,"CAMARILLA,DAILY-BIAS,FIRST-CANDLE,GAP-CONT,INTRADAY-STRUCT,ORB-15,ORB-30,PDH-PDL,PIN-BAR,RSI-EXT,SR-BREAK,STOCHASTIC,VPOC,VWAP-STDDEV",14,14.0,CAMARILLA,CAMARILLA: breakout above H4=44111.96,13:55,43878.831249999996,STOP_HIT,LOSS,-3271.19,-0.67,60.0,MEDIUM
2022-07-20,DEEPAKNTR,SHORT,10:05,1762.0,283,498646.0,1781.5463968932308,1722.9072062135383,2.0,"ADX-FILTER,CAMARILLA,DAILY-BIAS,FAILED-BO,FIRST-CANDLE,MACD,PIN-BAR,REL-STR,SR-BREAK,SUPERTREND,VPOC",11,11.0,SUPERTREND,"SUPERTREND: flipped bearish, ST=1777.99",15:15,1757.9,TIME_EXIT,WIN,433.9,0.09,60.0,MEDIUM
2022-07-21,ABB,LONG,09:25,2628.4075000000003,190,499397.43,2614.20375,2685.2225000000008,4.0,"ADX-FILTER,BULL-FLAG,CAMARILLA,DAILY-BIAS,EMA-CROSS,FIRST-CANDLE,ORB-15,ORB-30,PDH-PDL,REL-STR,SR-BREAK,STOCHASTIC,VOL-SPIKE,VPOC",14,14.0,CAMARILLA,CAMARILLA: breakout above H4=2628.41,12:25,2685.2225000000008,TARGET_HIT,EXACT_WIN,10058.22,2.01,60.0,MEDIUM
2022-07-21,DRREDDY,SHORT,13:40,891.0,561,499851.0,896.6,879.8,2.0,"BOLLINGER,FIRST-CANDLE,INTRADAY-STRUCT,MACD,ORB-15,ORB-30,PDH-PDL,PIN-BAR,SR-BREAK,SUPERTREND,VPOC",11,11.0,ORB-15,ORB-15: breakdown below 891.00,13:45,879.8,TARGET_HIT,EXACT_WIN,5558.09,1.11,60.0,MEDIUM
2022-07-22,TVSMOTOR,LONG,09:15,886.4100000000001,564,499935.24,882.505,902.0300000000002,4.0,"CAMARILLA,DAILY-BIAS,DBL-BTM,FIRST-CANDLE,ORB-15,ORB-30,PDH-PDL,PIN-BAR,REL-STR,SR-BREAK,STOCHASTIC,VPOC,VWAP-STDDEV",13,13.0,CAMARILLA,CAMARILLA: breakout above H4=886.41,13:20,882.505,STOP_HIT,LOSS,-2929.5,-0.59,60.0,MEDIUM
2022-07-22,HCLTECH,SHORT,09:35,922.35,542,499913.7,931.6,903.85,2.0,"ADX-FILTER,BOLLINGER,CAMARILLA,DAILY-BIAS,FAILED-BO,FIRST-CANDLE,INTRADAY-STRUCT,MACD,ORB-15,ORB-30,REL-STR,SR-BREAK,STOCHASTIC,SUPERTREND",14,14.0,ORB-15,ORB-15: breakdown below 922.35,15:15,920.2,TIME_EXIT,WIN,437.17,0.09,60.0,MEDIUM
2022-07-25,ITC,LONG,09:15,247.35,2021,499894.35,238.9365,274.55,3.23,"ASC-TRI,BULL-FLAG,DAILY-BIAS,FIRST-CANDLE,MACD,ORB-15,ORB-30,PDH-PDL,REL-STR,SR-BREAK,STOCHASTIC,SUPERTREND,VPOC",13,13.0,ASC-TRI,Ascending Triangle: breakout above resistance 243.88,15:15,248.4,TIME_EXIT,WIN,1391.6,0.28,60.0,MEDIUM
2022-07-25,NTPC,SHORT,11:00,148.2,3373,499878.6,149.7,145.2,2.0,"BOLLINGER,FIRST-CANDLE,MACD,ORB-15,ORB-30,PDH-PDL,PIN-BAR,SR-BREAK,STOCHASTIC,SUPERTREND,VWAP-STDDEV",11,11.0,ORB-15,ORB-15: breakdown below 148.20,14:05,149.7,STOP_HIT,LOSS,-5791.14,-1.16,60.0,MEDIUM
2022-07-26,SRF,LONG,09:25,2396.419387755102,208,498455.23,2384.9647959183676,2460.9816326530613,5.64,"BOLLINGER,CAMARILLA,DAILY-BIAS,EMA-CROSS,FIRST-CANDLE,MACD,ORB-15,ORB-30,PDH-PDL,REL-STR,SR-BREAK,STOCHASTIC,SUPERTREND,VPOC,VWAP-REV,VWAP-STDDEV",16,16.0,VPOC,VPOC: breakout above VAH=2396.42,10:30,2384.9647959183676,STOP_HIT,LOSS,-3107.47,-0.62,60.0,MEDIUM
2022-07-26,SIEMENS,SHORT,10:40,2064.85,242,499693.7,2084.6,2025.35,2.0,"ADX-FILTER,CAMARILLA,FIRST-CANDLE,ORB-15,ORB-30,PDH-PDL,PIN-BAR,REL-STR,SR-BREAK,STOCHASTIC,SUPERTREND",11,11.0,ORB-15,ORB-15: breakdown below 2064.85,15:15,2037.85,TIME_EXIT,WIN,5809.24,1.16,60.0,MEDIUM
2022-07-27,PVRINOX,LONG,09:35,1959.0,255,499545.0,1854.8639999999998,2250.425,2.8,"ADX-FILTER,ASC-TRI,BOLLINGER,CAMARILLA,DAILY-BIAS,DBL-BTM,FIRST-CANDLE,MACD,ORB-15,ORB-30,PDH-PDL,SR-BREAK,SUPERTREND,VPOC",14,14.0,ASC-TRI,Ascending Triangle: breakout above resistance 1958.34,15:15,2021.1,TIME_EXIT,WIN,15094.67,3.02,60.0,MEDIUM
2022-07-27,DIXON,SHORT,09:15,3673.09,136,499540.24,3820.83,3377.6100000000006,2.0,"ADX-FILTER,DBL-TOP,FAILED-BO,FIRST-CANDLE,INTRADAY-STRUCT,OPEN-WEAK,PDH-PDL,PIN-BAR,REL-STR,SR-BREAK,STOCHASTIC,VWAP-REV",12,12.0,SR-BREAK,SR-BREAK: breakdown below support 3673.09,15:15,3687.45,TIME_EXIT,LOSS,-2682.36,-0.54,60.0,MEDIUM
2022-07-28,BERGEPAINT,LONG,09:30,499.5,1001,499999.5,495.5,507.5,2.0,"ADX-FILTER,ASC-TRI,DAILY-BIAS,DBL-BTM,FIRST-CANDLE,INTRADAY-STRUCT,MACD,ORB-15,ORB-30,PDH-PDL,REL-STR,SR-BREAK,STOCHASTIC",13,13.0,ORB-15,ORB-15: breakout above 499.50 (range=4.00),10:15,507.5,TARGET_HIT,EXACT_WIN,7272.75,1.45,60.0,MEDIUM
2022-07-28,RBLBANK,SHORT,09:25,91.45,5467,499957.15,92.99057564309214,88.36884871381572,2.0,"ADX-FILTER,BOLLINGER,CAMARILLA,FAILED-BO,FIRST-CANDLE,MACD,PIN-BAR,REL-STR,SR-BREAK,SUPERTREND,VWAP-STDDEV",11,11.0,SUPERTREND,"SUPERTREND: flipped bearish, ST=92.80",11:10,92.99057564309214,STOP_HIT,LOSS,-9155.99,-1.83,60.0,MEDIUM
2022-07-29,JSWSTEEL,LONG,09:40,629.5075,794,499828.96,623.0037500000001,655.5225000000002,4.0,"ADX-FILTER,CAMARILLA,CPR,DAILY-BIAS,DBL-BTM,FIRST-CANDLE,GAP-CONT,ORB-15,ORB-30,PDH-PDL,PIN-BAR,REL-STR,SR-BREAK,VPOC",14,14.0,CAMARILLA,CAMARILLA: breakout above H4=629.51,15:15,628.9,TIME_EXIT,LOSS,-1210.65,-0.24,60.0,MEDIUM
2022-07-29,ITC,SHORT,11:05,250.3,1997,499849.1,252.25,246.40000000000003,2.0,"ADX-FILTER,BOLLINGER,FAILED-BO,FIRST-CANDLE,MACD,ORB-15,ORB-30,PDH-PDL,PIN-BAR,REL-STR,SUPERTREND",11,11.0,ORB-15,ORB-15: breakdown below 250.30,15:15,249.85,TIME_EXIT,WIN,170.46,0.03,60.0,MEDIUM
2022-08-01,DEEPAKNTR,LONG,09:20,1934.3600000000001,258,499064.88,1924.68,1973.0800000000004,4.0,"ADX-FILTER,CAMARILLA,DAILY-BIAS,DBL-BTM,EMA-CROSS,FIRST-CANDLE,ORB-15,ORB-30,PDH-PDL,PIN-BAR,SR-BREAK,STOCHASTIC,SUPERTREND,VPOC",14,14.0,CAMARILLA,CAMARILLA: breakout above H4=1934.36,14:50,1973.0800000000004,TARGET_HIT,EXACT_WIN,9254.22,1.85,60.0,MEDIUM
2022-08-01,CHOLAFIN,SHORT,09:25,700.9,713,499741.7,718.2989178121342,666.1021643757316,2.0,"BEAR-ENGULF,BOLLINGER,CAMARILLA,FAILED-BO,FIRST-CANDLE,MACD,PDH-PDL,REL-STR,RSI-EXT,SUPERTREND,VWAP-STDDEV",11,11.0,SUPERTREND,"SUPERTREND: flipped bearish, ST=716.87",10:45,718.2989178121342,STOP_HIT,LOSS,-13141.08,-2.63,60.0,MEDIUM
2022-08-02,RBLBANK,LONG,11:10,99.3175,5034,499964.29,97.70875,105.7525,4.0,"BOLLINGER,CAMARILLA,DAILY-BIAS,EMA-CROSS,FIRST-CANDLE,MACD,ORB-15,ORB-30,PDH-PDL,REL-STR,SR-BREAK,STOCHASTIC,SUPERTREND,VPOC",14,14.0,CAMARILLA,CAMARILLA: breakout above H4=99.32,15:15,98.85,TIME_EXIT,LOSS,-3080.39,-0.62,60.0,MEDIUM
2022-08-02,BHARTIARTL,SHORT,09:15,692.85,721,499544.85,697.3857142857142,679.9857142857143,2.84,"CPR,FAILED-BO,FIRST-CANDLE,INTRADAY-STRUCT,MACD,PIN-BAR,REL-STR,STOCHASTIC,SUPERTREND,VPOC",10,10.0,VPOC,VPOC: rejection at VPOC=692.62,15:15,687.7,TIME_EXIT,WIN,2986.98,0.6,60.0,MEDIUM
2022-08-03,DEEPAKNTR,LONG,10:10,1994.8438775510203,250,498710.97,1976.680612244898,2045.7010204081632,2.8,"BOLLINGER,CAMARILLA,DAILY-BIAS,DBL-BTM,EMA-CROSS,FIRST-CANDLE,INTRADAY-STRUCT,MACD,ORB-30,REL-STR,RSI-EXT,SR-BREAK,SUPERTREND,VPOC",14,14.0,VPOC,VPOC: breakout above VAH=1994.84,10:20,1976.680612244898,STOP_HIT,LOSS,-5264.37,-1.06,60.0,MEDIUM
2022-08-03,CUMMINSIND,SHORT,10:55,1199.2,416,498867.2,1213.2,1171.2,2.0,"BOLLINGER,CAMARILLA,FIRST-CANDLE,MACD,ORB-15,ORB-30,PDH-PDL,PIN-BAR,REL-STR,SR-BREAK,STOCHASTIC,SUPERTREND,VPOC",13,13.0,ORB-15,ORB-15: breakdown below 1199.20,15:15,1176.65,TIME_EXIT,WIN,8658.8,1.74,60.0,MEDIUM
2022-08-04,INDIAMART,LONG,09:25,2177.6375000000003,229,498678.99,2161.34375,2242.8125000000005,4.0,"CAMARILLA,DAILY-BIAS,DBL-BTM,FIRST-CANDLE,INTRADAY-STRUCT,ORB-15,ORB-30,PDH-PDL,PIN-BAR,REL-STR,SR-BREAK,STOCHASTIC,VOL-SPIKE,VPOC",14,14.0,CAMARILLA,CAMARILLA: breakout above H4=2177.64,10:20,2242.8125000000005,TARGET_HIT,EXACT_WIN,14186.15,2.84,60.0,MEDIUM
2022-08-04,UPL,SHORT,09:35,706.5,707,499495.5,710.8867499999999,695.45,2.52,"ADX-FILTER,BEAR-ENGULF,BOLLINGER,CAMARILLA,FIRST-CANDLE,MACD,ORB-30,PDH-PDL,PIN-BAR,RSI-EXT,SR-BREAK,SUPERTREND,VPOC,VWAP-STDDEV",14,14.0,BEAR-ENGULF,"Bear Engulf at resistance 714.05, vol 1.6×",11:45,695.45,TARGET_HIT,EXACT_WIN,7088.59,1.42,60.0,MEDIUM
2022-08-05,TATAELXSI,LONG,09:25,9012.265306122448,55,495674.59,8982.744897959183,9248.42857142857,8.0,"CAMARILLA,CPR,DAILY-BIAS,FIRST-CANDLE,INTRADAY-STRUCT,MACD,ORB-15,ORB-30,PDH-PDL,PIN-BAR,REL-STR,SR-BREAK,STOCHASTIC,VOL-SPIKE,VPOC",15,15.0,VPOC,VPOC: breakout above VAH=9012.27,10:45,9248.42857142857,TARGET_HIT,EXACT_WIN,12255.68,2.47,60.0,MEDIUM
2022-08-05,HINDPETRO,SHORT,10:45,140.0,3571,499940.0,141.3,137.39999999999998,2.0,"BOLLINGER,FAILED-BO,FIRST-CANDLE,MACD,ORB-15,ORB-30,PIN-BAR,REL-STR,RSI-EXT,SR-BREAK,SUPERTREND,VWAP-REV",12,12.0,ORB-15,ORB-15: breakdown below 140.00,10:50,137.39999999999998,TARGET_HIT,EXACT_WIN,8561.08,1.71,60.0,MEDIUM
2022-08-08,NTPC,LONG,09:50,156.75,3189,499875.75,154.95,160.35000000000002,2.0,"CAMARILLA,CPR,DAILY-BIAS,EMA-CROSS,FIRST-CANDLE,MACD,ORB-15,ORB-30,PDH-PDL,PIN-BAR,REL-STR,SR-BREAK,STOCHASTIC,SUPERTREND,VPOC",15,15.0,ORB-15,ORB-15: breakout above 156.75 (range=1.80),15:15,159.25,TIME_EXIT,WIN,7237.45,1.45,60.0,MEDIUM
2022-08-08,JSWSTEEL,SHORT,09:50,667.9,748,499589.2,676.0,651.6999999999999,2.0,"ADX-FILTER,BEAR-ENGULF,BOLLINGER,CAMARILLA,CPR,FAILED-BO,FIRST-CANDLE,MACD,ORB-30,PDH-PDL,PIN-BAR,VPOC",12,12.0,ORB-30,ORB-30: breakdown below 667.90,15:15,668.85,TIME_EXIT,LOSS,-1439.36,-0.29,60.0,MEDIUM
2022-08-10,PIDILITIND,LONG,09:20,1326.404081632653,376,498727.93,1324.3102040816327,1340.8285714285714,6.89,"CPR,DAILY-BIAS,EMA-CROSS,FIRST-CANDLE,INTRADAY-STRUCT,MACD,PDH-PDL,PIN-BAR,REL-STR,SR-BREAK,STOCHASTIC,SUPERTREND,VPOC,VWAP-STDDEV",14,14.0,VPOC,VPOC: breakout above VAH=1326.40,10:05,1324.3102040816327,STOP_HIT,LOSS,-1513.85,-0.3,60.0,MEDIUM
2022-08-10,GODREJCP,SHORT,10:10,864.35,578,499594.3,883.2,826.65,2.0,"BEAR-ENGULF,FAILED-BO,FIRST-CANDLE,MACD,OPEN-WEAK,ORB-15,ORB-30,PDH-PDL,PIN-BAR,SR-BREAK,STOCHASTIC,VPOC",12,12.0,ORB-15,ORB-15: breakdown below 864.35,15:15,857.0,TIME_EXIT,WIN,3522.37,0.71,60.0,MEDIUM
2022-08-11,BATAINDIA,LONG,09:15,1895.2350000000001,263,498446.81,1885.9675,1932.3050000000003,4.0,"ADX-FILTER,CAMARILLA,DAILY-BIAS,FIRST-CANDLE,GAP-CONT,INTRADAY-STRUCT,ORB-15,PDH-PDL,PIN-BAR,REL-STR,SR-BREAK,STOCHASTIC,VPOC",13,13.0,CAMARILLA,CAMARILLA: breakout above H4=1895.24,15:15,1910.05,TIME_EXIT,WIN,3166.47,0.64,60.0,MEDIUM
2022-08-11,ANGELONE,SHORT,11:45,129.7,3855,499993.5,130.85099999999997,125.7,3.48,"BEAR-ENGULF,BOLLINGER,CAMARILLA,DAILY-BIAS,FIRST-CANDLE,MACD,ORB-15,ORB-30,PIN-BAR,RSI-EXT,SR-BREAK,SUPERTREND,VWAP-REV,VWAP-STDDEV",14,14.0,BEAR-ENGULF,"Bear Engulf at resistance 129.70, vol 1.8×",15:00,130.85099999999997,STOP_HIT,LOSS,-5168.54,-1.03,60.0,MEDIUM
2022-08-12,TATACOMM,LONG,09:35,1104.75,452,499347.0,1082.05,1150.15,2.0,"CAMARILLA,DAILY-BIAS,DBL-BTM,FIRST-CANDLE,MACD,ORB-15,ORB-30,PDH-PDL,PIN-BAR,REL-STR,SR-BREAK,STOCHASTIC,SUPERTREND,VPOC",14,14.0,ORB-15,ORB-15: breakout above 1104.75 (range=22.70),15:15,1097.15,TIME_EXIT,LOSS,-4160.5,-0.83,60.0,MEDIUM
2022-08-12,GRASIM,SHORT,10:35,1596.95,313,499845.35,1607.8,1575.2500000000002,2.0,"BOLLINGER,CAMARILLA,FIRST-CANDLE,INTRADAY-STRUCT,MACD,ORB-15,ORB-30,PDH-PDL,RSI-EXT,STOCHASTIC,SUPERTREND,VWAP-REV",12,12.0,ORB-15,ORB-15: breakdown below 1596.95,13:40,1607.8,STOP_HIT,LOSS,-4126.69,-0.83,60.0,MEDIUM
2022-08-16,ICICIGI,LONG,09:15,1239.408163265306,403,499481.49,1238.8341836734694,1249.3571428571427,17.33,"ADX-FILTER,ASC-TRI,CAMARILLA,DAILY-BIAS,DBL-BTM,FIRST-CANDLE,INTRADAY-STRUCT,ORB-15,ORB-30,PDH-PDL,PIN-BAR,REL-STR,SR-BREAK,STOCHASTIC,VPOC",15,15.0,VPOC,VPOC: breakout above VAH=1239.41,09:20,1249.3571428571427,TARGET_HIT,EXACT_WIN,3278.06,0.66,60.0,MEDIUM
2022-08-16,DIXON,SHORT,13:50,3898.85,128,499052.8,3930.5549999999994,3815.4,2.63,"BEAR-ENGULF,BOLLINGER,CAMARILLA,FIRST-CANDLE,MACD,ORB-30,PDH-PDL,PIN-BAR,REL-STR,RSI-EXT,SR-BREAK,STOCHASTIC,SUPERTREND,VPOC,VWAP-REV,VWAP-STDDEV",16,16.0,BEAR-ENGULF,"Bear Engulf at resistance 3894.90, vol 2.6×",15:15,3897.2,TIME_EXIT,LOSS,-516.3,-0.1,60.0,MEDIUM
2022-08-17,SBILIFE,LONG,09:55,1315.8,379,498688.2,1304.1,1339.2,2.0,"CPR,DAILY-BIAS,EMA-CROSS,FIRST-CANDLE,INTRADAY-STRUCT,ORB-15,ORB-30,REL-STR,RSI-EXT,SR-BREAK,STOCHASTIC,SUPERTREND,VPOC",13,13.0,ORB-15,ORB-15: breakout above 1315.80 (range=11.70),11:15,1304.1,STOP_HIT,LOSS,-5157.91,-1.03,60.0,MEDIUM
2022-08-17,SBIN,SHORT,10:05,527.3,948,499880.4,529.5,522.8999999999999,2.0,"BOLLINGER,CAMARILLA,FAILED-BO,FIRST-CANDLE,MACD,ORB-15,ORB-30,PDH-PDL,PIN-BAR,RSI-EXT,STOCHASTIC,SUPERTREND,VPOC",13,13.0,ORB-15,ORB-15: breakdown below 527.30,13:10,529.5,STOP_HIT,LOSS,-2815.54,-0.56,60.0,MEDIUM
2022-08-18,BHEL,LONG,09:35,54.05,9250,499962.5,53.35,55.44999999999999,2.0,"CAMARILLA,DAILY-BIAS,DBL-BTM,FIRST-CANDLE,MACD,ORB-15,ORB-30,PDH-PDL,REL-STR,SR-BREAK,STOCHASTIC,SUPERTREND,VOL-SPIKE,VPOC",14,14.0,ORB-15,ORB-15: breakout above 54.05 (range=0.70),10:00,55.44999999999999,TARGET_HIT,EXACT_WIN,12210.89,2.44,60.0,MEDIUM
2022-08-18,NESTLEIND,SHORT,10:20,980.2,510,499902.0,986.6,967.4000000000001,2.0,"BEAR-ENGULF,FIRST-CANDLE,MACD,OPEN-WEAK,ORB-15,PDH-PDL,PIN-BAR,REL-STR,SR-BREAK,STOCHASTIC",10,10.0,ORB-15,ORB-15: breakdown below 980.20,15:15,978.2,TIME_EXIT,WIN,291.81,0.06,60.0,MEDIUM
2022-08-19,ADANIGREEN,LONG,09:15,2334.887755102041,214,499665.98,2322.2693877551023,2388.1653061224492,4.22,"CAMARILLA,CPR,DAILY-BIAS,DBL-BTM,FIRST-CANDLE,GAP-CONT,MACD,ORB-15,ORB-30,PDH-PDL,REL-STR,SR-BREAK,STOCHASTIC,VOL-SPIKE,VPOC",15,15.0,VPOC,VPOC: breakout above VAH=2334.89,09:30,2388.1653061224492,TARGET_HIT,EXACT_WIN,10663.91,2.13,60.0,MEDIUM
2022-08-19,POONAWALLA,SHORT,09:35,286.7,1743,499718.1,290.75087302815956,278.59825394368085,2.0,"ADX-FILTER,BEAR-ENGULF,BOLLINGER,FAILED-BO,FIRST-CANDLE,INTRADAY-STRUCT,MACD,PIN-BAR,REL-STR,SR-BREAK,STOCHASTIC,SUPERTREND,VWAP-REV,VWAP-STDDEV",14,14.0,SUPERTREND,"SUPERTREND: flipped bearish, ST=290.17",10:40,290.75087302815956,STOP_HIT,LOSS,-7793.23,-1.56,60.0,MEDIUM
2022-08-22,ZEEL,LONG,10:30,252.6,1979,499895.4,250.70938775510203,256.7348979591837,2.19,"BOLLINGER,CAMARILLA,CPR,DAILY-BIAS,DBL-BTM,EMA-CROSS,MACD,ORB-15,ORB-30,PDH-PDL,PIN-BAR,SR-BREAK,STOCHASTIC,SUPERTREND,VPOC",15,15.0,VPOC,VPOC: rejection below VPOC=252.76,11:15,256.7348979591837,TARGET_HIT,EXACT_WIN,7447.72,1.49,60.0,MEDIUM
2022-08-22,UNITDSPR,SHORT,10:20,784.6,637,499790.2,795.0,763.8000000000001,2.0,"DAILY-BIAS,FIRST-CANDLE,MACD,ORB-15,ORB-30,PDH-PDL,PIN-BAR,REL-STR,SR-BREAK,SUPERTREND",10,10.0,ORB-15,ORB-15: breakdown below 784.60,15:15,773.45,TIME_EXIT,WIN,6377.99,1.28,60.0,MEDIUM
2022-08-23,COALINDIA,LONG,09:35,205.43673469387755,2433,499827.58,204.58112244897958,210.70204081632653,6.15,"ADX-FILTER,DAILY-BIAS,EMA-CROSS,FIRST-CANDLE,MACD,ORB-15,ORB-30,PDH-PDL,REL-STR,SR-BREAK,STOCHASTIC,SUPERTREND,VPOC,VWAP-STDDEV",14,14.0,VPOC,VPOC: breakout above VAH=205.44,10:15,204.58112244897958,STOP_HIT,LOSS,-2808.73,-0.56,60.0,MEDIUM
2022-08-23,LICI,SHORT,13:55,336.7,1485,499999.5,339.2,331.7,2.0,"BOLLINGER,CAMARILLA,DAILY-BIAS,DBL-TOP,DESC-TRI,MACD,OPEN-WEAK,ORB-15,ORB-30,PDH-PDL,REL-STR,STOCHASTIC,VPOC",13,13.0,ORB-15,ORB-15: breakdown below 336.70,15:15,335.6,TIME_EXIT,WIN,905.52,0.18,60.0,MEDIUM
2022-08-24,SAMMAANCAP,LONG,09:55,117.46499999999999,4256,499931.04,116.2825,122.19499999999998,4.0,"ADX-FILTER,CAMARILLA,DAILY-BIAS,FIRST-CANDLE,INTRADAY-STRUCT,ORB-15,ORB-30,PDH-PDL,PIN-BAR,REL-STR,SR-BREAK,STOCHASTIC,VPOC",13,13.0,CAMARILLA,CAMARILLA: breakout above H4=117.46,15:15,119.5,TIME_EXIT,WIN,7925.29,1.59,60.0,MEDIUM
2022-08-24,LICI,SHORT,12:40,336.4,1486,499890.4,339.47581439549833,330.24837120900327,2.0,"BOLLINGER,CAMARILLA,DAILY-BIAS,DBL-TOP,DESC-TRI,FAILED-BO,INTRADAY-STRUCT,MACD,PIN-BAR,RSI-EXT,SUPERTREND,VPOC,VWAP-STDDEV",13,13.0,SUPERTREND,"SUPERTREND: flipped bearish, ST=338.80",14:20,339.47581439549833,STOP_HIT,LOSS,-5302.03,-1.06,60.0,MEDIUM
2022-08-25,SHREECEM,LONG,09:25,21449.447500000002,23,493337.29,21349.22375,21850.342500000006,4.0,"ASC-TRI,CAMARILLA,DAILY-BIAS,DBL-BTM,FIRST-CANDLE,MACD,ORB-15,ORB-30,PDH-PDL,PIN-BAR,SR-BREAK,SUPERTREND,VPOC",13,13.0,CAMARILLA,CAMARILLA: breakout above H4=21449.45,13:35,21850.342500000006,TARGET_HIT,EXACT_WIN,8493.46,1.72,60.0,MEDIUM
2022-08-25,COFORGE,SHORT,13:00,742.5,673,499702.5,750.0,727.5,2.0,"ADX-FILTER,BEAR-ENGULF,BOLLINGER,DAILY-BIAS,DBL-TOP,FAILED-BO,FIRST-CANDLE,INTRADAY-STRUCT,MACD,ORB-15,PDH-PDL,PIN-BAR,REL-STR,SR-BREAK,SUPERTREND",15,15.0,ORB-15,ORB-15: breakdown below 742.50,15:15,737.0,TIME_EXIT,WIN,2975.11,0.6,60.0,MEDIUM
2022-08-26,NAUKRI,LONG,09:20,910.1,549,499644.9,904.05,934.3000000000001,4.0,"CAMARILLA,CPR,DAILY-BIAS,DBL-BTM,EMA-CROSS,FIRST-CANDLE,MACD,ORB-15,PDH-PDL,REL-STR,SR-BREAK,STOCHASTIC,VPOC,VWAP-REV,VWAP-STDDEV",15,15.0,CAMARILLA,CAMARILLA: breakout above H4=910.10,10:35,904.05,STOP_HIT,LOSS,-4047.25,-0.81,60.0,MEDIUM
2022-08-26,MOTHERSON,SHORT,13:25,55.87,8949,499980.63,56.23,55.15,2.0,"BEAR-ENGULF,BOLLINGER,CAMARILLA,DAILY-BIAS,FAILED-BO,INTRADAY-STRUCT,MACD,ORB-30,PIN-BAR,SR-BREAK,SUPERTREND,VPOC,VWAP-STDDEV",13,13.0,ORB-30,ORB-30: breakdown below 55.87,15:15,55.43,TIME_EXIT,WIN,3210.93,0.64,60.0,MEDIUM
2022-08-29,BHEL,LONG,09:45,58.214285714285715,8588,499944.29,58.09948979591837,58.69897959183674,4.22,"BOLLINGER,CAMARILLA,DAILY-BIAS,DBL-BTM,EMA-CROSS,FIRST-CANDLE,GAP-FADE,MACD,ORB-15,ORB-30,REL-STR,RSI-EXT,SR-BREAK,STOCHASTIC,SUPERTREND,VOL-SPIKE,VPOC",17,17.0,VPOC,VPOC: breakout above VAH=58.21,09:50,58.69897959183674,TARGET_HIT,EXACT_WIN,3430.42,0.69,60.0,MEDIUM
2022-08-29,IOC,SHORT,09:15,53.18,9402,499998.36,53.61,52.32,2.0,"ADX-FILTER,DAILY-BIAS,DBL-TOP,PDH-PDL,REL-STR,SR-BREAK,STOCHASTIC,VWAP-STDDEV",8,9.6,SR-BREAK,SR-BREAK: breakdown below support 53.18,12:45,53.61,STOP_HIT,LOSS,-4774.08,-0.95,60.0,MEDIUM
2022-08-30,SHREECEM,LONG,09:15,22209.34693877551,22,488605.63,22117.755102040817,22642.326530612245,4.73,"ASC-TRI,CAMARILLA,CPR,DAILY-BIAS,DBL-BTM,FIRST-CANDLE,ORB-15,PDH-PDL,PIN-BAR,REL-STR,SR-BREAK,STOCHASTIC,VPOC,VWAP-STDDEV",14,14.0,VPOC,VPOC: breakout above VAH=22209.35,13:45,22117.755102040817,STOP_HIT,LOSS,-2726.8,-0.56,60.0,MEDIUM
2022-08-30,AFFLE,SHORT,09:20,1341.35,372,498982.2,1354.7399999999998,1253.1,6.59,"BEAR-ENGULF,BOLLINGER,CAMARILLA,CPR,FAILED-BO,FIRST-CANDLE,INTRADAY-STRUCT,MACD,REL-STR,RSI-EXT,SR-BREAK,SUPERTREND",12,12.0,BEAR-ENGULF,"Bear Engulf at resistance 1347.25, vol 4.0×",15:15,1313.75,TIME_EXIT,WIN,9545.55,1.91,60.0,MEDIUM
2022-09-01,M&M,LONG,09:15,1300.0,384,499200.0,1230.6689999999999,1455.4499999999998,2.24,"ASC-TRI,BOLLINGER,CAMARILLA,DAILY-BIAS,DBL-BTM,EMA-CROSS,FIRST-CANDLE,MACD,ORB-15,ORB-30,PDH-PDL,REL-STR,RSI-EXT,SR-BREAK,STOCHASTIC,SUPERTREND,VPOC",17,17.0,ASC-TRI,Ascending Triangle: breakout above resistance 1290.30,15:15,1312.9,TIME_EXIT,WIN,4221.86,0.85,60.0,MEDIUM
2022-09-01,BATAINDIA,SHORT,11:45,1934.0,258,498972.0,1962.35,1877.3000000000002,2.0,"BOLLINGER,CAMARILLA,CPR,FIRST-CANDLE,MACD,ORB-15,ORB-30,PIN-BAR,REL-STR,RSI-EXT,SUPERTREND",11,11.0,ORB-15,ORB-15: breakdown below 1934.00,15:15,1917.7,TIME_EXIT,WIN,3480.3,0.7,60.0,MEDIUM
2022-09-02,ITC,LONG,12:45,264.3,1891,499791.3,262.35,268.2,2.0,"ADX-FILTER,ASC-TRI,DAILY-BIAS,DBL-BTM,FIRST-CANDLE,ORB-15,ORB-30,PDH-PDL,REL-STR,SR-BREAK,STOCHASTIC,VPOC,VWAP-STDDEV",13,13.0,ORB-15,ORB-15: breakout above 264.30 (range=1.95),15:15,266.55,TIME_EXIT,WIN,3522.76,0.7,60.0,MEDIUM
2022-09-02,MPHASIS,SHORT,10:30,2007.4,249,499842.6,2021.5,1979.2000000000003,2.0,"BOLLINGER,CAMARILLA,DAILY-BIAS,FIRST-CANDLE,INTRADAY-STRUCT,MACD,ORB-15,PDH-PDL,REL-STR,SR-BREAK,STOCHASTIC,SUPERTREND,VPOC",13,13.0,ORB-15,ORB-15: breakdown below 2007.40,15:00,1979.2000000000003,TARGET_HIT,EXACT_WIN,6297.12,1.26,60.0,MEDIUM
2022-09-05,TIINDIA,LONG,09:40,2312.02,216,499396.32,2296.51,2374.06,4.0,"CAMARILLA,DAILY-BIAS,DBL-BTM,FIRST-CANDLE,GAP-CONT,MACD,ORB-15,ORB-30,PDH-PDL,PIN-BAR,SR-BREAK,STOCHASTIC,SUPERTREND,VOL-SPIKE",14,14.0,CAMARILLA,CAMARILLA: breakout above H4=2312.02,10:30,2374.06,TARGET_HIT,EXACT_WIN,12661.94,2.54,60.0,MEDIUM
2022-09-05,MUTHOOTFIN,SHORT,11:30,1032.2,484,499584.8,1043.0,1010.6000000000001,2.0,"ADX-FILTER,BOLLINGER,CAMARILLA,DAILY-BIAS,FAILED-BO,FIRST-CANDLE,MACD,ORB-15,ORB-30,PIN-BAR,REL-STR,SR-BREAK,STOCHASTIC,SUPERTREND,VWAP-STDDEV",15,15.0,ORB-15,ORB-15: breakdown below 1032.20,15:15,1031.45,TIME_EXIT,LOSS,-365.14,-0.07,60.0,MEDIUM
2022-09-06,CHOLAFIN,LONG,09:15,800.7091836734694,624,499642.53,800.0714285714286,805.3010204081633,7.2,"ASC-TRI,CAMARILLA,CPR,DAILY-BIAS,FIRST-CANDLE,ORB-15,ORB-30,PDH-PDL,REL-STR,SR-BREAK,STOCHASTIC,VPOC,VWAP-STDDEV",13,13.0,VPOC,VPOC: breakout above VAH=800.71,09:25,805.3010204081633,TARGET_HIT,EXACT_WIN,2134.62,0.43,60.0,MEDIUM
2022-09-06,LICI,SHORT,10:20,330.55,1512,499791.6,331.9,327.8500000000001,2.0,"BOLLINGER,CAMARILLA,DAILY-BIAS,DESC-TRI,FIRST-CANDLE,MACD,ORB-15,ORB-30,PDH-PDL,RSI-EXT,SR-BREAK,STOCHASTIC,SUPERTREND,VPOC",14,14.0,ORB-15,ORB-15: breakdown below 330.55,11:50,327.8500000000001,TARGET_HIT,EXACT_WIN,3356.11,0.67,60.0,MEDIUM
2022-09-07,GRASIM,LONG,09:50,1722.6,290,499554.0,1703.25,1761.2999999999997,2.0,"ADX-FILTER,CAMARILLA,CPR,DAILY-BIAS,EMA-CROSS,FIRST-CANDLE,INTRADAY-STRUCT,MACD,ORB-15,PDH-PDL,PIN-BAR,REL-STR,SR-BREAK,SUPERTREND,VPOC",15,15.0,ORB-15,ORB-15: breakout above 1722.60 (range=19.35),15:15,1744.9,TIME_EXIT,WIN,5733.58,1.15,60.0,MEDIUM
2022-09-07,PIDILITIND,SHORT,11:00,1405.8,355,499059.0,1415.8,1385.8,2.0,"BEAR-ENGULF,BOLLINGER,FIRST-CANDLE,MACD,ORB-15,ORB-30,PDH-PDL,PIN-BAR,STOCHASTIC,SUPERTREND,VWAP-STDDEV",11,11.0,ORB-15,ORB-15: breakdown below 1405.80,15:15,1402.0,TIME_EXIT,WIN,622.14,0.12,60.0,MEDIUM
2022-09-08,CUMMINSIND,LONG,09:25,1237.51,404,499954.04,1229.755,1268.53,4.0,"ADX-FILTER,BOLLINGER,CAMARILLA,DAILY-BIAS,EMA-CROSS,FIRST-CANDLE,MACD,ORB-15,ORB-30,PDH-PDL,REL-STR,RSI-EXT,SR-BREAK,STOCHASTIC,VPOC,VWAP-REV,VWAP-STDDEV",17,17.0,CAMARILLA,CAMARILLA: breakout above H4=1237.51,12:45,1229.755,STOP_HIT,LOSS,-3859.39,-0.77,60.0,MEDIUM
2022-09-08,PAYTM,SHORT,12:50,708.15,706,499953.9,715.1679442945016,694.1141114109968,2.0,"BEAR-ENGULF,BOLLINGER,CAMARILLA,DAILY-BIAS,FAILED-BO,FIRST-CANDLE,INTRADAY-STRUCT,MACD,REL-STR,RSI-EXT,SR-BREAK,SUPERTREND,VWAP-STDDEV",13,13.0,SUPERTREND,"SUPERTREND: flipped bearish, ST=713.74",15:15,706.75,TIME_EXIT,WIN,260.12,0.05,60.0,MEDIUM
2022-09-09,CONCOR,LONG,12:00,587.5,851,499962.5,581.1,600.3,2.0,"ADX-FILTER,CAMARILLA,DAILY-BIAS,DBL-BTM,FIRST-CANDLE,INTRADAY-STRUCT,MACD,ORB-15,ORB-30,PDH-PDL,PIN-BAR,SR-BREAK,STOCHASTIC,SUPERTREND,VPOC",15,15.0,ORB-15,ORB-15: breakout above 587.50 (range=6.40),12:05,600.3,TARGET_HIT,EXACT_WIN,10155.32,2.03,60.0,MEDIUM
2022-09-09,VOLTAS,SHORT,11:45,968.2,516,499591.2,1003.94,888.325,2.23,"CAMARILLA,DAILY-BIAS,DBL-TOP,DESC-TRI,FIRST-CANDLE,MACD,ORB-15,ORB-30,PDH-PDL,PIN-BAR,SR-BREAK,SUPERTREND,VPOC,VWAP-STDDEV",14,14.0,DESC-TRI,Descending Triangle: breakdown below support 969.81,15:15,965.5,TIME_EXIT,WIN,665.64,0.13,60.0,MEDIUM
2022-09-12,COFORGE,LONG,09:25,722.775,691,499437.52,717.1375,745.3249999999999,4.0,"CAMARILLA,CPR,DBL-BTM,EMA-CROSS,FIRST-CANDLE,MACD,ORB-15,ORB-30,PDH-PDL,PIN-BAR,REL-STR,SR-BREAK,STOCHASTIC,VPOC",14,14.0,CAMARILLA,CAMARILLA: breakout above H4=722.77,15:15,722.5,TIME_EXIT,LOSS,-918.02,-0.18,60.0,MEDIUM
2022-09-12,DEEPAKFERT,SHORT,12:15,867.0,576,499392.0,875.3549999999999,850.05,2.03,"CAMARILLA,DAILY-BIAS,FAILED-BO,FIRST-CANDLE,MACD,ORB-30,PDH-PDL,PIN-BAR,REL-STR,RSI-EXT,SR-BREAK,STOCHASTIC,SUPERTREND,VPOC,VWAP-REV",15,15.0,FAILED-BO,"Failed BO: bull trap above 867.35, reversed on vol 1.9×",12:20,875.3549999999999,STOP_HIT,LOSS,-5543.31,-1.11,60.0,MEDIUM
2022-09-13,BATAINDIA,LONG,09:15,1925.3225,259,498658.53,1919.01125,1950.5674999999999,4.0,"ADX-FILTER,CAMARILLA,DAILY-BIAS,DBL-BTM,FIRST-CANDLE,ORB-15,PDH-PDL,PIN-BAR,REL-STR,SR-BREAK,STOCHASTIC,VPOC,VWAP-REV,VWAP-STDDEV",14,14.0,CAMARILLA,CAMARILLA: breakout above H4=1925.32,09:25,1950.5674999999999,TARGET_HIT,EXACT_WIN,5806.2,1.16,60.0,MEDIUM
2022-09-13,ESCORTS,SHORT,11:40,1995.0,250,498750.0,2014.1,1956.8000000000002,2.0,"BEAR-ENGULF,BOLLINGER,CAMARILLA,FIRST-CANDLE,MACD,ORB-15,ORB-30,PDH-PDL,PIN-BAR,STOCHASTIC,SUPERTREND,VPOC",12,12.0,ORB-15,ORB-15: breakdown below 1995.00,15:15,1990.0,TIME_EXIT,WIN,523.51,0.1,60.0,MEDIUM
2022-09-14,NTPC,LONG,09:15,167.9,2977,499838.3,163.845,185.175,4.26,"ADX-FILTER,ASC-TRI,CAMARILLA,CPR,DAILY-BIAS,DBL-BTM,EMA-CROSS,FIRST-CANDLE,MACD,PDH-PDL,REL-STR,SR-BREAK,STOCHASTIC,SUPERTREND,VPOC",15,15.0,ASC-TRI,Ascending Triangle: breakout above resistance 167.84,15:15,172.2,TIME_EXIT,WIN,12062.28,2.41,60.0,MEDIUM
2022-09-14,MAXHEALTH,SHORT,10:15,416.9,1199,499863.1,421.39649999999995,404.393,2.78,"ADX-FILTER,BEAR-ENGULF,CPR,FAILED-BO,FIRST-CANDLE,OPEN-WEAK,PDH-PDL,REL-STR,STOCHASTIC,VWAP-REV,VWAP-STDDEV",11,13.2,FAILED-BO,"Failed BO: bull trap above 418.35, reversed on vol 7.3×",11:10,421.39649999999995,STOP_HIT,LOSS,-6123.11,-1.22,60.0,MEDIUM
2022-09-15,ADANIENSOL,LONG,10:15,4044.1825,123,497434.45,3999.59125,4222.5475,4.0,"BULL-FLAG,CAMARILLA,DAILY-BIAS,DBL-BTM,FIRST-CANDLE,GAP-CONT,INTRADAY-STRUCT,MACD,ORB-15,ORB-30,PDH-PDL,REL-STR,SR-BREAK,VPOC",14,14.0,CAMARILLA,CAMARILLA: breakout above H4=4044.18,15:15,4093.0,TIME_EXIT,WIN,5274.39,1.06,60.0,MEDIUM
2022-09-15,CROMPTON,SHORT,09:30,405.8,1232,499945.6,408.85,399.7,2.0,"ADX-FILTER,CAMARILLA,FIRST-CANDLE,MACD,ORB-15,ORB-30,PDH-PDL,PIN-BAR,REL-STR,SR-BREAK,STOCHASTIC,SUPERTREND,VWAP-REV,VWAP-STDDEV",14,14.0,ORB-15,ORB-15: breakdown below 405.80,09:55,399.7,TARGET_HIT,EXACT_WIN,6790.66,1.36,60.0,MEDIUM
2022-09-16,FEDERALBNK,LONG,11:20,123.8969387755102,4035,499924.15,123.85918367346937,126.16224489795916,60.0,"CAMARILLA,DAILY-BIAS,EMA-CROSS,FIRST-CANDLE,INTRADAY-STRUCT,MACD,ORB-15,ORB-30,PDH-PDL,PIN-BAR,REL-STR,RSI-EXT,SR-BREAK,STOCHASTIC,VPOC,VWAP-REV,VWAP-STDDEV",17,17.0,VPOC,VPOC: breakout above VAH=123.90,11:25,123.85918367346937,STOP_HIT,LOSS,-881.03,-0.18,60.0,MEDIUM
2022-09-16,DRREDDY,SHORT,09:45,829.05,603,499917.15,837.0,813.1499999999999,2.0,"DAILY-BIAS,DBL-TOP,FIRST-CANDLE,ORB-15,ORB-30,PDH-PDL,PIN-BAR,REL-STR,SR-BREAK,STOCHASTIC,SUPERTREND",11,11.0,ORB-15,ORB-15: breakdown below 829.05,15:05,813.1499999999999,TARGET_HIT,EXACT_WIN,8864.38,1.77,60.0,MEDIUM
2022-09-19,MAZDOCK,LONG,11:00,227.1081632653061,2201,499865.07,226.90918367346939,238.6489795918367,58.0,"ADX-FILTER,BOLLINGER,CAMARILLA,DAILY-BIAS,EMA-CROSS,GAP-CONT,ORB-15,ORB-30,SR-BREAK,STOCHASTIC,SUPERTREND,VPOC",12,12.0,VPOC,VPOC: breakout above VAH=227.11,11:05,226.90918367346939,STOP_HIT,LOSS,-1166.33,-0.23,60.0,MEDIUM
2022-09-19,BRITANNIA,SHORT,13:10,3583.65,139,498127.35,3639.0,3472.9500000000003,2.0,"ADX-FILTER,DAILY-BIAS,DBL-TOP,DESC-TRI,FAILED-BO,FIRST-CANDLE,OPEN-WEAK,ORB-15,ORB-30,PDH-PDL,REL-STR,SR-BREAK,STOCHASTIC",13,13.0,ORB-15,ORB-15: breakdown below 3583.65,15:15,3591.95,TIME_EXIT,LOSS,-1880.72,-0.38,60.0,MEDIUM
2022-09-20,TVSMOTOR,LONG,09:15,1043.3075,479,499744.29,1036.52875,1070.4224999999997,4.0,"BULL-FLAG,CAMARILLA,CPR,DAILY-BIAS,FIRST-CANDLE,INTRADAY-STRUCT,ORB-15,ORB-30,PDH-PDL,PIN-BAR,REL-STR,SR-BREAK,STOCHASTIC,VPOC",14,14.0,CAMARILLA,CAMARILLA: breakout above H4=1043.31,10:00,1070.4224999999997,TARGET_HIT,EXACT_WIN,12249.24,2.45,60.0,MEDIUM
2022-09-20,PFC,SHORT,13:35,90.9,5500,499950.0,91.92419415293675,88.85161169412652,2.0,"ADX-FILTER,BEAR-ENGULF,BOLLINGER,CAMARILLA,DAILY-BIAS,DBL-TOP,DESC-TRI,FAILED-BO,FIRST-CANDLE,MACD,PIN-BAR,REL-STR,SUPERTREND,VWAP-STDDEV",14,14.0,SUPERTREND,"SUPERTREND: flipped bearish, ST=91.74",15:15,90.55,TIME_EXIT,WIN,1197.26,0.24,60.0,MEDIUM
2022-09-21,TATACOMM,LONG,09:30,1226.330612244898,407,499116.56,1225.3265306122448,1246.4122448979592,20.0,"DAILY-BIAS,EMA-CROSS,FIRST-CANDLE,MACD,ORB-15,ORB-30,PDH-PDL,PIN-BAR,REL-STR,SR-BREAK,STOCHASTIC,SUPERTREND,VPOC,VWAP-STDDEV",14,14.0,VPOC,VPOC: breakout above VAH=1226.33,09:45,1225.3265306122448,STOP_HIT,LOSS,-1136.04,-0.23,60.0,MEDIUM
2022-09-21,SHRIRAMFIN,SHORT,11:35,258.25,1936,499972.0,262.0,250.75,2.0,"BOLLINGER,CAMARILLA,DAILY-BIAS,DBL-TOP,FIRST-CANDLE,INTRADAY-STRUCT,MACD,ORB-15,ORB-30,PDH-PDL,PIN-BAR,SR-BREAK,STOCHASTIC,SUPERTREND,VPOC",15,15.0,ORB-15,ORB-15: breakdown below 258.25,15:15,255.1,TIME_EXIT,WIN,5373.01,1.07,60.0,MEDIUM
2022-09-22,DEVYANI,LONG,09:45,198.715,2516,499966.94,196.70749999999998,206.74500000000003,4.0,"ADX-FILTER,CAMARILLA,CPR,DAILY-BIAS,FIRST-CANDLE,MACD,ORB-15,ORB-30,PDH-PDL,PIN-BAR,REL-STR,SR-BREAK,STOCHASTIC,VPOC,VWAP-REV,VWAP-STDDEV",16,16.0,CAMARILLA,CAMARILLA: breakout above H4=198.72,12:50,196.70749999999998,STOP_HIT,LOSS,-5775.74,-1.16,60.0,MEDIUM
2022-09-22,WIPRO,SHORT,09:15,189.86,2633,499901.38,192.07,185.44000000000005,2.0,"ADX-FILTER,DAILY-BIAS,DBL-TOP,DESC-TRI,INTRADAY-STRUCT,OPEN-WEAK,PDH-PDL,PIN-BAR,REL-STR,SR-BREAK,STOCHASTIC,VWAP-STDDEV",12,12.0,SR-BREAK,SR-BREAK: breakdown below support 189.86,15:15,190.1,TIME_EXIT,LOSS,-1361.06,-0.27,60.0,MEDIUM
2022-09-23,BRITANNIA,LONG,09:25,3830.05,130,497906.5,3720.93,4048.290000000001,2.0,"ASC-TRI,BOLLINGER,CAMARILLA,DAILY-BIAS,DBL-BTM,FIRST-CANDLE,MACD,PDH-PDL,PIN-BAR,REL-STR,RSI-EXT,SR-BREAK,STOCHASTIC,VWAP-STDDEV",14,14.0,SR-BREAK,SR-BREAK: breakout above resistance 3830.05,15:15,3792.9,TIME_EXIT,LOSS,-5551.73,-1.12,60.0,MEDIUM
2022-09-23,VOLTAS,SHORT,12:50,905.65,552,499918.8,910.9319999999999,889.3,3.1,"BEAR-ENGULF,CAMARILLA,CPR,DAILY-BIAS,FAILED-BO,FIRST-CANDLE,INTRADAY-STRUCT,PDH-PDL,PIN-BAR,SR-BREAK,STOCHASTIC,VPOC,VWAP-STDDEV",13,13.0,BEAR-ENGULF,"Bear Engulf at resistance 905.90, vol 7.3×",15:15,900.2,TIME_EXIT,WIN,2281.32,0.46,60.0,MEDIUM
2022-09-26,DIVISLAB,LONG,10:30,3660.95,136,497889.2,3590.0,3802.8499999999995,2.0,"BOLLINGER,CAMARILLA,DAILY-BIAS,DBL-BTM,EMA-CROSS,FIRST-CANDLE,MACD,ORB-15,ORB-30,PDH-PDL,SR-BREAK,STOCHASTIC,SUPERTREND,VPOC",14,14.0,ORB-15,ORB-15: breakout above 3660.95 (range=70.95),15:15,3669.55,TIME_EXIT,WIN,442.64,0.09,60.0,MEDIUM
2022-09-26,COROMANDEL,SHORT,12:30,973.3,513,499302.9,1005.95,907.9999999999998,2.0,"DAILY-BIAS,DBL-TOP,FIRST-CANDLE,INTRADAY-STRUCT,OPEN-WEAK,ORB-15,ORB-30,PDH-PDL,PIN-BAR,REL-STR,SR-BREAK,STOCHASTIC,VWAP-STDDEV",13,13.0,ORB-15,ORB-15: breakdown below 973.30,15:15,964.6,TIME_EXIT,WIN,3737.69,0.75,60.0,MEDIUM
2022-09-27,BRITANNIA,LONG,09:15,3820.09,130,496611.7,3805.845,3877.0700000000006,4.0,"CAMARILLA,DAILY-BIAS,DBL-BTM,FIRST-CANDLE,ORB-15,ORB-30,PDH-PDL,PIN-BAR,REL-STR,SR-BREAK,STOCHASTIC,VPOC,VWAP-STDDEV",13,13.0,CAMARILLA,CAMARILLA: breakout above H4=3820.09,09:45,3877.0700000000006,TARGET_HIT,EXACT_WIN,6677.25,1.34,60.0,MEDIUM
2022-09-27,HAVELLS,SHORT,11:00,1283.8,389,499398.2,1300.85,1249.7,2.0,"BOLLINGER,CAMARILLA,DAILY-BIAS,DBL-TOP,FIRST-CANDLE,INTRADAY-STRUCT,ORB-15,ORB-30,PIN-BAR,REL-STR,RSI-EXT,SR-BREAK,VWAP-REV,VWAP-STDDEV",14,14.0,ORB-15,ORB-15: breakdown below 1283.80,12:10,1300.85,STOP_HIT,LOSS,-7364.33,-1.47,60.0,MEDIUM
2022-09-28,ESCORTS,LONG,09:45,2013.7,248,499397.6,1991.45,2058.2,2.0,"CAMARILLA,CPR,DAILY-BIAS,EMA-CROSS,FIRST-CANDLE,MACD,ORB-15,ORB-30,PDH-PDL,PIN-BAR,REL-STR,STOCHASTIC,SUPERTREND,VPOC",14,14.0,ORB-15,ORB-15: breakout above 2013.70 (range=22.25),09:50,2058.2,TARGET_HIT,EXACT_WIN,10299.17,2.06,60.0,MEDIUM
2022-09-28,HDFCLIFE,SHORT,09:15,515.28,970,499821.6,541.24,463.3599999999999,2.0,"CPR,DAILY-BIAS,FAILED-BO,FIRST-CANDLE,INTRADAY-STRUCT,PDH-PDL,PIN-BAR,REL-STR,SR-BREAK,STOCHASTIC,VWAP-STDDEV",11,11.0,SR-BREAK,SR-BREAK: breakdown below support 515.28,15:15,515.0,TIME_EXIT,LOSS,-456.91,-0.09,60.0,MEDIUM
2022-09-29,IGL,LONG,09:25,214.15,2334,499826.1,211.5981665221613,219.2536669556774,2.0,"ADX-FILTER,BOLLINGER,CPR,DAILY-BIAS,EMA-CROSS,FIRST-CANDLE,MACD,PDH-PDL,PIN-BAR,RSI-EXT,SR-BREAK,STOCHASTIC,VPOC,VWAP-REV,VWAP-STDDEV",15,15.0,EMA-CROSS,"EMA-CROSS: 9EMA crossed above 21EMA, price above VWAP",11:15,211.5981665221613,STOP_HIT,LOSS,-6679.94,-1.34,60.0,MEDIUM
2022-09-29,LICHSGFIN,SHORT,11:45,388.25,1287,499677.75,392.45,379.85,2.0,"ADX-FILTER,BEAR-ENGULF,BOLLINGER,CAMARILLA,DAILY-BIAS,FAILED-BO,FIRST-CANDLE,MACD,ORB-15,ORB-30,PIN-BAR,SR-BREAK,SUPERTREND,VWAP-STDDEV",14,14.0,ORB-15,ORB-15: breakdown below 388.25,15:15,387.35,TIME_EXIT,WIN,430.49,0.09,60.0,MEDIUM
2022-09-30,GAIL,LONG,10:50,75.08,6659,499957.72,74.28,76.67999999999999,2.0,"CAMARILLA,EMA-CROSS,FIRST-CANDLE,INTRADAY-STRUCT,MACD,ORB-15,ORB-30,PDH-PDL,PIN-BAR,REL-STR,SR-BREAK,VPOC",12,12.0,ORB-15,ORB-15: breakout above 75.08 (range=0.80),15:15,76.16,TIME_EXIT,WIN,6457.17,1.29,60.0,MEDIUM
2022-09-30,SBIN,SHORT,13:10,531.85,940,499939.0,536.5695,519.75,2.56,"ADX-FILTER,BEAR-ENGULF,BOLLINGER,DAILY-BIAS,FIRST-CANDLE,MACD,ORB-15,PDH-PDL,PIN-BAR,REL-STR,SR-BREAK,VPOC,VWAP-REV,VWAP-STDDEV",14,14.0,BEAR-ENGULF,"Bear Engulf at resistance 535.50, vol 1.5×",15:15,529.4,TIME_EXIT,WIN,1575.49,0.32,60.0,MEDIUM
2022-10-03,BLS,LONG,09:30,143.49897959183673,3484,499950.44,142.18265306122447,150.69489795918366,5.47,"BOLLINGER,DAILY-BIAS,FIRST-CANDLE,GAP-CONT,MACD,ORB-15,PIN-BAR,REL-STR,SR-BREAK,STOCHASTIC,SUPERTREND,VPOC,VWAP-REV,VWAP-STDDEV",14,14.0,VPOC,VPOC: breakout above VAH=143.50,09:45,142.18265306122447,STOP_HIT,LOSS,-5311.29,-1.06,60.0,MEDIUM
2022-10-03,BERGEPAINT,SHORT,13:20,512.0,976,499712.0,517.5,501.0,2.0,"BEAR-ENGULF,DAILY-BIAS,DBL-TOP,FIRST-CANDLE,INTRADAY-STRUCT,MACD,ORB-15,ORB-30,PIN-BAR,SR-BREAK,SUPERTREND,VPOC,VWAP-STDDEV",13,13.0,ORB-15,ORB-15: breakdown below 512.00,15:15,504.15,TIME_EXIT,WIN,6937.46,1.39,60.0,MEDIUM
2022-10-04,BHARTIARTL,LONG,09:20,812.525,615,499702.88,807.7125,831.775,4.0,"CAMARILLA,DAILY-BIAS,DBL-BTM,EMA-CROSS,FIRST-CANDLE,GAP-CONT,PDH-PDL,PIN-BAR,SR-BREAK,STOCHASTIC,VPOC,VWAP-STDDEV",12,14.399999999999999,CAMARILLA,CAMARILLA: breakout above H4=812.52,11:10,807.7125,STOP_HIT,LOSS,-3685.85,-0.74,60.0,MEDIUM
2022-10-04,PVRINOX,SHORT,09:40,1765.65,283,499678.95,1783.6,1729.7500000000005,2.0,"ADX-FILTER,CAMARILLA,DAILY-BIAS,FIRST-CANDLE,MACD,ORB-15,ORB-30,PDH-PDL,REL-STR,SR-BREAK,STOCHASTIC,SUPERTREND,VPOC",13,13.0,ORB-15,ORB-15: breakdown below 1765.65,11:00,1729.7500000000005,TARGET_HIT,EXACT_WIN,9437.04,1.89,60.0,MEDIUM
2022-10-06,IDFCFIRSTB,LONG,11:05,55.0325,9085,499970.26,54.16625,58.4975,4.0,"CAMARILLA,DAILY-BIAS,EMA-CROSS,FIRST-CANDLE,GAP-CONT,INTRADAY-STRUCT,PDH-PDL,PIN-BAR,REL-STR,SR-BREAK,STOCHASTIC,SUPERTREND,VPOC",13,13.0,CAMARILLA,CAMARILLA: breakout above H4=55.03,14:10,54.16625,STOP_HIT,LOSS,-8592.52,-1.72,60.0,MEDIUM
2022-10-06,SBILIFE,SHORT,13:50,1260.0,396,498960.0,1279.95,1220.1,2.0,"BOLLINGER,CAMARILLA,DAILY-BIAS,DBL-TOP,FAILED-BO,FIRST-CANDLE,INTRADAY-STRUCT,MACD,ORB-15,ORB-30,SUPERTREND,VWAP-STDDEV",12,12.0,ORB-15,ORB-15: breakdown below 1260.00,15:15,1246.05,TIME_EXIT,WIN,4799.87,0.96,60.0,MEDIUM
2022-10-07,ETERNAL,LONG,10:10,65.86632653061224,7591,499991.28,65.55408163265307,66.60102040816327,2.35,"ADX-FILTER,BOLLINGER,CAMARILLA,DAILY-BIAS,FIRST-CANDLE,MACD,ORB-15,ORB-30,PDH-PDL,RSI-EXT,SR-BREAK,STOCHASTIC,SUPERTREND,VPOC",14,14.0,VPOC,VPOC: breakout above VAH=65.87,10:40,66.60102040816327,TARGET_HIT,EXACT_WIN,4843.75,0.97,60.0,MEDIUM
2022-10-07,BALRAMCHIN,SHORT,09:20,363.45,1375,499743.75,366.57374999999996,350.45,4.16,"ADX-FILTER,BEAR-ENGULF,BOLLINGER,CAMARILLA,DAILY-BIAS,FAILED-BO,FIRST-CANDLE,INTRADAY-STRUCT,MACD,ORB-15,SUPERTREND,VWAP-STDDEV",12,12.0,FAILED-BO,"Failed BO: bull trap above 364.70, reversed on vol 1.9×",11:50,366.57374999999996,STOP_HIT,LOSS,-5026.17,-1.01,60.0,MEDIUM
2022-10-10,TATACHEM,LONG,09:35,1194.0,418,499092.0,1161.05,1259.9,2.0,"BOLLINGER,CAMARILLA,CPR,DAILY-BIAS,EMA-CROSS,FIRST-CANDLE,INTRADAY-STRUCT,MACD,ORB-15,PDH-PDL,PIN-BAR,REL-STR,RSI-EXT,SR-BREAK,STOCHASTIC,SUPERTREND,VPOC",17,17.0,ORB-15,ORB-15: breakout above 1194.00 (range=32.95),15:15,1201.25,TIME_EXIT,WIN,2300.43,0.46,60.0,MEDIUM
2022-10-10,KOTAKBANK,SHORT,10:45,359.4,1391,499925.4,361.6,354.9999999999999,2.0,"ADX-FILTER,CPR,DAILY-BIAS,FAILED-BO,FIRST-CANDLE,OPEN-WEAK,PDH-PDL,PIN-BAR,STOCHASTIC,VWAP-STDDEV",10,10.0,FIRST-CANDLE,FIRST-CANDLE: break below first candle low=359.40,11:40,361.6,STOP_HIT,LOSS,-3790.76,-0.76,60.0,MEDIUM
2022-10-11,BALRAMCHIN,LONG,09:40,361.06020408163266,1384,499707.32,358.7321428571429,366.9234693877551,2.52,"CPR,FIRST-CANDLE,ORB-15,ORB-30,PDH-PDL,PIN-BAR,REL-STR,SR-BREAK,STOCHASTIC,VPOC,VWAP-REV,VWAP-STDDEV",12,12.0,VPOC,VPOC: breakout above VAH=361.06,10:05,358.7321428571429,STOP_HIT,LOSS,-3948.0,-0.79,60.0,MEDIUM
2022-10-11,CROMPTON,SHORT,13:05,390.0,1282,499980.0,394.0,382.0,2.0,"BOLLINGER,CAMARILLA,DAILY-BIAS,DBL-TOP,DESC-TRI,MACD,ORB-15,ORB-30,PDH-PDL,PIN-BAR,SR-BREAK,STOCHASTIC,VPOC",13,13.0,ORB-15,ORB-15: breakdown below 390.00,15:00,382.0,TARGET_HIT,EXACT_WIN,9532.98,1.91,60.0,MEDIUM
2022-10-12,FEDERALBNK,LONG,09:40,124.2325,4024,499911.58,123.36625000000001,127.6975,4.0,"ADX-FILTER,ASC-TRI,CAMARILLA,DAILY-BIAS,FIRST-CANDLE,MACD,ORB-15,ORB-30,PDH-PDL,REL-STR,SR-BREAK,STOCHASTIC,SUPERTREND",13,13.0,CAMARILLA,CAMARILLA: breakout above H4=124.23,10:45,123.36625000000001,STOP_HIT,LOSS,-4211.82,-0.84,60.0,MEDIUM
2022-10-12,GLAND,SHORT,13:25,2100.0,238,499800.0,2113.0125,2037.0,4.84,"BEAR-ENGULF,BOLLINGER,DAILY-BIAS,FAILED-BO,FIRST-CANDLE,MACD,ORB-15,ORB-30,PIN-BAR,REL-STR,RSI-EXT,SUPERTREND,VWAP-REV,VWAP-STDDEV",14,14.0,BEAR-ENGULF,"Bear Engulf at resistance 2100.00, vol 1.6×",13:50,2113.0125,STOP_HIT,LOSS,-3827.38,-0.77,60.0,MEDIUM
2022-10-13,MAXHEALTH,LONG,09:20,421.95,1184,499588.8,420.03316326530614,434.0408163265306,6.31,"CAMARILLA,CPR,FIRST-CANDLE,MACD,ORB-15,ORB-30,PDH-PDL,PIN-BAR,REL-STR,SR-BREAK,STOCHASTIC,VPOC",12,12.0,VPOC,VPOC: breakout above VAH=421.95,10:45,434.0408163265306,TARGET_HIT,EXACT_WIN,13575.84,2.72,60.0,MEDIUM
2022-10-13,GRASIM,SHORT,11:40,1654.65,302,499704.3,1664.682,1624.85,2.97,"ADX-FILTER,BEAR-ENGULF,CPR,DAILY-BIAS,DESC-TRI,FIRST-CANDLE,INTRADAY-STRUCT,MACD,ORB-15,ORB-30,PIN-BAR,SR-BREAK,SUPERTREND,VPOC",14,14.0,BEAR-ENGULF,"Bear Engulf at resistance 1670.35, vol 3.6×",12:55,1664.682,STOP_HIT,LOSS,-3759.9,-0.75,60.0,MEDIUM
2022-10-14,COFORGE,LONG,09:15,732.925,682,499854.85,729.2125,747.7749999999999,4.0,"ADX-FILTER,CAMARILLA,CPR,DAILY-BIAS,DBL-BTM,FIRST-CANDLE,GAP-CONT,ORB-15,ORB-30,PDH-PDL,PIN-BAR,REL-STR,SR-BREAK,STOCHASTIC,VPOC",15,18.0,CAMARILLA,CAMARILLA: breakout above H4=732.92,09:30,747.7749999999999,TARGET_HIT,EXACT_WIN,9390.97,1.88,60.0,MEDIUM
2022-10-14,UNITDSPR,SHORT,10:20,833.3,600,499980.0,845.0,809.8999999999999,2.0,"BEAR-ENGULF,BOLLINGER,DAILY-BIAS,FAILED-BO,FIRST-CANDLE,MACD,ORB-15,ORB-30,PIN-BAR,REL-STR,SR-BREAK,STOCHASTIC,SUPERTREND,VPOC",14,14.0,ORB-15,ORB-15: breakdown below 833.30,15:15,823.7,TIME_EXIT,WIN,5034.41,1.01,60.0,MEDIUM
2022-10-17,M&MFIN,LONG,12:45,192.9,2592,499996.8,190.3,198.1,2.0,"CAMARILLA,DAILY-BIAS,EMA-CROSS,FIRST-CANDLE,INTRADAY-STRUCT,MACD,ORB-15,ORB-30,PDH-PDL,PIN-BAR,REL-STR,SR-BREAK,SUPERTREND,VPOC",14,14.0,ORB-15,ORB-15: breakout above 192.90 (range=2.60),15:15,194.6,TIME_EXIT,WIN,3674.01,0.73,60.0,MEDIUM
2022-10-17,CHOLAFIN,SHORT,09:30,720.05,694,499714.7,726.9,706.3499999999999,2.0,"ADX-FILTER,DAILY-BIAS,FAILED-BO,FIRST-CANDLE,OPEN-WEAK,ORB-15,PDH-PDL,PIN-BAR,REL-STR,SR-BREAK,STOCHASTIC,VWAP-STDDEV",12,12.0,ORB-15,ORB-15: breakdown below 720.05,10:55,726.9,STOP_HIT,LOSS,-5485.14,-1.1,60.0,MEDIUM
2022-10-18,BEL,LONG,09:40,102.52142857142857,4877,499997.01,101.75,104.75,2.89,"ADX-FILTER,CPR,FIRST-CANDLE,MACD,ORB-15,ORB-30,PDH-PDL,PIN-BAR,SR-BREAK,STOCHASTIC,SUPERTREND,VPOC",12,12.0,VPOC,VPOC: breakout above VAH=102.52,10:40,104.75,TARGET_HIT,EXACT_WIN,10131.23,2.03,60.0,MEDIUM
2022-10-18,GAIL,SHORT,13:50,74.43,6717,499946.31,75.08,73.13000000000002,2.0,"ADX-FILTER,BOLLINGER,CAMARILLA,DAILY-BIAS,FAILED-BO,FIRST-CANDLE,INTRADAY-STRUCT,ORB-15,ORB-30,PIN-BAR,SR-BREAK,VPOC,VWAP-STDDEV",13,13.0,ORB-15,ORB-15: breakdown below 74.43,15:15,74.25,TIME_EXIT,WIN,480.91,0.1,60.0,MEDIUM
2022-10-19,CUB,LONG,10:35,194.15,2575,499936.25,192.9,196.65,2.0,"BOLLINGER,CAMARILLA,CPR,DAILY-BIAS,EMA-CROSS,MACD,ORB-15,ORB-30,PDH-PDL,SR-BREAK,STOCHASTIC,VPOC,VWAP-STDDEV",13,13.0,ORB-15,ORB-15: breakout above 194.15 (range=1.25),11:15,192.9,STOP_HIT,LOSS,-3945.02,-0.79,60.0,MEDIUM
2022-10-19,MAXHEALTH,SHORT,09:25,405.55,1232,499637.6,417.5499740287993,381.55005194240147,2.0,"BOLLINGER,CAMARILLA,DAILY-BIAS,DBL-TOP,FIRST-CANDLE,INTRADAY-STRUCT,MACD,PDH-PDL,PIN-BAR,REL-STR,RSI-EXT,SR-BREAK,STOCHASTIC,SUPERTREND,VPOC",15,15.0,SUPERTREND,"SUPERTREND: flipped bearish, ST=416.72",15:15,405.8,TIME_EXIT,LOSS,-1036.59,-0.21,60.0,MEDIUM
2022-10-20,HCLTECH,LONG,09:45,1001.6530612244898,499,499824.88,1000.7602040816327,1007.7755102040816,6.86,"ADX-FILTER,BOLLINGER,CAMARILLA,DAILY-BIAS,DBL-BTM,FIRST-CANDLE,INTRADAY-STRUCT,ORB-15,ORB-30,PIN-BAR,REL-STR,SR-BREAK,SUPERTREND,VPOC",14,14.0,VPOC,VPOC: breakout above VAH=1001.65,10:10,1000.7602040816327,STOP_HIT,LOSS,-1173.85,-0.23,60.0,MEDIUM
2022-10-20,GAIL,SHORT,09:15,73.87,6768,499952.16,77.10340000000001,65.91000000000001,2.46,"BEAR-ENGULF,DAILY-BIAS,DESC-TRI,FIRST-CANDLE,MACD,OPEN-WEAK,PDH-PDL,REL-STR,RSI-EXT,STOCHASTIC,VWAP-REV,VWAP-STDDEV",12,12.0,DESC-TRI,Descending Triangle: breakdown below support 74.19,15:15,76.57,TIME_EXIT,LOSS,-19012.89,-3.8,60.0,MEDIUM
2022-10-21,GRASIM,LONG,09:20,1696.8475,294,498873.17,1689.57375,1725.9425000000003,4.0,"CAMARILLA,CPR,DAILY-BIAS,DBL-BTM,FIRST-CANDLE,ORB-15,ORB-30,PDH-PDL,PIN-BAR,REL-STR,SR-BREAK,STOCHASTIC,VPOC,VWAP-STDDEV",14,14.0,CAMARILLA,CAMARILLA: breakout above H4=1696.85,10:25,1689.57375,STOP_HIT,LOSS,-2864.16,-0.57,60.0,MEDIUM
2022-10-21,UNITDSPR,SHORT,09:45,833.1,600,499860.0,837.5669999999999,820.8,2.75,"BEAR-ENGULF,BOLLINGER,CAMARILLA,DAILY-BIAS,FAILED-BO,FIRST-CANDLE,MACD,ORB-15,ORB-30,REL-STR,RSI-EXT,SR-BREAK,STOCHASTIC,SUPERTREND",14,14.0,FAILED-BO,"Failed BO: bull trap above 835.60, reversed on vol 2.2×",13:30,820.8,TARGET_HIT,EXACT_WIN,6655.5,1.33,60.0,MEDIUM
2022-10-25,TIINDIA,LONG,09:15,2727.2938775510206,183,499094.78,2727.0020408163264,2734.881632653062,26.0,"CAMARILLA,CPR,DAILY-BIAS,FIRST-CANDLE,INTRADAY-STRUCT,ORB-15,ORB-30,PDH-PDL,PIN-BAR,REL-STR,SR-BREAK,STOCHASTIC,VPOC,VWAP-REV,VWAP-STDDEV",15,15.0,VPOC,VPOC: breakout above VAH=2727.29,09:20,2734.881632653062,TARGET_HIT,EXACT_WIN,659.78,0.13,60.0,MEDIUM
2022-10-25,INDIGO,SHORT,10:40,1779.4,280,498232.0,1799.9,1738.4,2.0,"ADX-FILTER,BEAR-ENGULF,CPR,DAILY-BIAS,FIRST-CANDLE,INTRADAY-STRUCT,MACD,ORB-15,ORB-30,PDH-PDL,PIN-BAR,REL-STR,SR-BREAK,STOCHASTIC,SUPERTREND",15,15.0,ORB-15,ORB-15: breakdown below 1779.40,15:15,1772.25,TIME_EXIT,WIN,1276.65,0.26,60.0,MEDIUM
2022-10-27,RBLBANK,LONG,09:35,125.5,3984,499992.0,123.75,129.0,2.0,"ADX-FILTER,BULL-FLAG,DAILY-BIAS,FIRST-CANDLE,GAP-CONT,MACD,ORB-15,ORB-30,PDH-PDL,REL-STR,SR-BREAK,STOCHASTIC,VOL-SPIKE,VPOC",14,14.0,ORB-15,ORB-15: breakout above 125.50 (range=1.75),09:50,129.0,TARGET_HIT,EXACT_WIN,13204.06,2.64,60.0,MEDIUM
2022-10-27,PIDILITIND,SHORT,09:35,1305.9,382,498853.8,1369.56,1154.4,2.38,"BOLLINGER,CAMARILLA,DAILY-BIAS,DBL-TOP,DESC-TRI,FAILED-BO,FIRST-CANDLE,MACD,ORB-15,ORB-30,PDH-PDL,REL-STR,RSI-EXT,SR-BREAK,SUPERTREND",15,15.0,DESC-TRI,Descending Triangle: breakdown below support 1306.70,15:15,1284.1,TIME_EXIT,WIN,7605.01,1.52,60.0,MEDIUM
2022-10-28,RBLBANK,LONG,12:05,136.84591836734694,3653,499898.14,136.4188775510204,145.67142857142858,20.67,"BULL-FLAG,CAMARILLA,DAILY-BIAS,FIRST-CANDLE,ORB-15,ORB-30,PDH-PDL,SR-BREAK,STOCHASTIC,VOL-SPIKE,VPOC,VWAP-STDDEV",12,12.0,VPOC,VPOC: breakout above VAH=136.85,14:40,136.4188775510204,STOP_HIT,LOSS,-2287.52,-0.46,60.0,MEDIUM
2022-10-28,AARTIIND,SHORT,09:50,691.0,723,499593.0,695.95,681.0999999999999,2.0,"BEAR-ENGULF,BOLLINGER,DAILY-BIAS,FIRST-CANDLE,MACD,ORB-15,ORB-30,PDH-PDL,REL-STR,SR-BREAK,STOCHASTIC,SUPERTREND",12,12.0,ORB-15,ORB-15: breakdown below 691.00,15:15,692.9,TIME_EXIT,LOSS,-2102.84,-0.42,60.0,MEDIUM
2022-10-31,TRENT,LONG,09:15,987.4,506,499624.4,981.3499999999999,1011.6,4.0,"ADX-FILTER,ASC-TRI,CAMARILLA,CPR,DAILY-BIAS,DBL-BTM,FIRST-CANDLE,ORB-15,ORB-30,PDH-PDL,PIN-BAR,REL-STR,SR-BREAK,STOCHASTIC,VOL-SPIKE,VPOC",16,16.0,CAMARILLA,CAMARILLA: breakout above H4=987.40,09:45,1011.6,TARGET_HIT,EXACT_WIN,11507.11,2.3,60.0,MEDIUM
2022-10-31,CUB,SHORT,11:50,187.1,2672,499931.2,189.65,181.99999999999997,2.0,"ADX-FILTER,BEAR-ENGULF,BOLLINGER,FAILED-BO,FIRST-CANDLE,MACD,ORB-15,ORB-30,PDH-PDL,RISE-WEDGE,SR-BREAK,STOCHASTIC,SUPERTREND,VPOC",14,14.0,ORB-15,ORB-15: breakdown below 187.10,15:15,186.6,TIME_EXIT,WIN,607.95,0.12,60.0,MEDIUM
2022-11-01,BHEL,LONG,09:20,74.27142857142857,6732,499995.26,74.25357142857143,75.34285714285714,60.0,"ADX-FILTER,CPR,DAILY-BIAS,FIRST-CANDLE,MACD,ORB-15,ORB-30,PDH-PDL,PIN-BAR,REL-STR,SR-BREAK,STOCHASTIC,VPOC",13,13.0,VPOC,VPOC: breakout above VAH=74.27,09:25,74.25357142857143,STOP_HIT,LOSS,-849.02,-0.17,60.0,MEDIUM
2022-11-01,ZEEL,SHORT,09:15,257.84,1939,499951.76,267.3369,235.97500000000002,2.3,"ADX-FILTER,BOLLINGER,CAMARILLA,DAILY-BIAS,DBL-TOP,DESC-TRI,FIRST-CANDLE,MACD,PDH-PDL,PIN-BAR,SR-BREAK,VPOC",12,12.0,DESC-TRI,Descending Triangle: breakdown below support 258.49,15:15,257.35,TIME_EXIT,WIN,221.81,0.04,60.0,MEDIUM
2022-11-02,COCHINSHIP,LONG,09:25,276.7142857142857,1806,499746.0,276.6260204081633,280.5979591836735,44.0,"ADX-FILTER,CAMARILLA,DAILY-BIAS,EMA-CROSS,FIRST-CANDLE,INTRADAY-STRUCT,MACD,ORB-15,ORB-30,PDH-PDL,REL-STR,SR-BREAK,STOCHASTIC,SUPERTREND,VPOC",15,15.0,VPOC,VPOC: breakout above VAH=276.71,09:30,280.5979591836735,TARGET_HIT,EXACT_WIN,6279.8,1.26,60.0,MEDIUM
2022-11-02,BRITANNIA,SHORT,12:00,3765.0,132,496980.0,3794.4,3706.2,2.0,"ADX-FILTER,CPR,DBL-TOP,FIRST-CANDLE,MACD,ORB-15,ORB-30,PDH-PDL,RISE-WEDGE,SR-BREAK,SUPERTREND",11,11.0,ORB-15,ORB-15: breakdown below 3765.00,15:15,3721.9,TIME_EXIT,WIN,4967.66,1.0,60.0,MEDIUM
2022-11-03,PVRINOX,LONG,09:40,1786.025,279,498300.98,1773.5125,1836.0750000000003,4.0,"ADX-FILTER,ASC-TRI,CAMARILLA,DAILY-BIAS,DBL-BTM,EMA-CROSS,FIRST-CANDLE,INTRADAY-STRUCT,MACD,ORB-15,PIN-BAR,REL-STR,SR-BREAK,STOCHASTIC,VPOC",15,15.0,CAMARILLA,CAMARILLA: breakout above H4=1786.03,10:35,1773.5125,STOP_HIT,LOSS,-4214.82,-0.85,60.0,MEDIUM
2022-11-03,BIOCON,SHORT,09:20,267.7,1867,499795.9,270.37366241011466,262.35267517977064,2.0,"BOLLINGER,CAMARILLA,DAILY-BIAS,MACD,OPEN-WEAK,PDH-PDL,REL-STR,RSI-EXT,STOCHASTIC,SUPERTREND,VWAP-REV",11,11.0,SUPERTREND,"SUPERTREND: flipped bearish, ST=269.83",10:20,270.37366241011466,STOP_HIT,LOSS,-5723.21,-1.15,60.0,MEDIUM
2022-11-04,ONGC,LONG,09:30,123.4673469387755,4049,499919.29,123.20561224489796,124.04591836734693,2.21,"CPR,DAILY-BIAS,FIRST-CANDLE,MACD,ORB-15,ORB-30,PDH-PDL,PIN-BAR,REL-STR,SR-BREAK,STOCHASTIC,SUPERTREND,VPOC",13,13.0,VPOC,VPOC: breakout above VAH=123.47,09:40,124.04591836734693,TARGET_HIT,EXACT_WIN,1611.98,0.32,60.0,MEDIUM
2022-11-04,TATACHEM,SHORT,10:05,1135.1,440,499444.0,1140.0,1125.2999999999997,2.0,"ADX-FILTER,BOLLINGER,CAMARILLA,DAILY-BIAS,DBL-TOP,FIRST-CANDLE,MACD,ORB-15,ORB-30,PDH-PDL,SR-BREAK,STOCHASTIC,SUPERTREND,VPOC",14,14.0,ORB-15,ORB-15: breakdown below 1135.10,10:10,1125.2999999999997,TARGET_HIT,EXACT_WIN,3586.31,0.72,60.0,MEDIUM
2022-11-07,CUB,LONG,09:15,192.85999999999999,2592,499893.12,191.43,198.57999999999996,4.0,"ADX-FILTER,CAMARILLA,CPR,DAILY-BIAS,FIRST-CANDLE,GAP-CONT,INTRADAY-STRUCT,PDH-PDL,PIN-BAR,REL-STR,SR-BREAK,STOCHASTIC,VPOC,VWAP-REV,VWAP-STDDEV",15,15.0,CAMARILLA,CAMARILLA: breakout above H4=192.86,09:20,198.57999999999996,TARGET_HIT,EXACT_WIN,14085.74,2.82,60.0,MEDIUM
2022-11-07,ZEEL,SHORT,10:30,257.1,1944,499802.4,266.3976,233.27999999999997,2.56,"BOLLINGER,CAMARILLA,DAILY-BIAS,DBL-TOP,DESC-TRI,MACD,ORB-15,ORB-30,PDH-PDL,PIN-BAR,RSI-EXT,SR-BREAK,STOCHASTIC,SUPERTREND",14,14.0,DESC-TRI,Descending Triangle: breakdown below support 257.14,15:15,258.77,TIME_EXIT,LOSS,-3976.98,-0.8,60.0,MEDIUM
2022-11-09,COALINDIA,LONG,09:15,234.505,2132,499964.66,233.3775,239.015,4.0,"ADX-FILTER,CAMARILLA,CPR,DAILY-BIAS,DBL-BTM,FIRST-CANDLE,GAP-CONT,PDH-PDL,PIN-BAR,REL-STR,STOCHASTIC,VOL-SPIKE,VPOC",13,13.0,CAMARILLA,CAMARILLA: breakout above H4=234.50,09:20,239.015,TARGET_HIT,EXACT_WIN,8878.85,1.78,60.0,MEDIUM
2022-11-09,ASIANPAINT,SHORT,10:05,3098.0,161,498778.0,3129.212959176464,3035.5740816470716,2.0,"ADX-FILTER,BOLLINGER,CAMARILLA,DAILY-BIAS,FIRST-CANDLE,INTRADAY-STRUCT,MACD,PDH-PDL,PIN-BAR,REL-STR,SR-BREAK,SUPERTREND,VPOC",13,13.0,SUPERTREND,"SUPERTREND: flipped bearish, ST=3122.97",15:15,3085.15,TIME_EXIT,WIN,1342.79,0.27,60.0,MEDIUM
2022-11-10,LTM,LONG,09:15,4846.7,103,499210.1,4703.0445,5361.325,3.58,"ASC-TRI,BOLLINGER,CAMARILLA,DAILY-BIAS,EMA-CROSS,FIRST-CANDLE,INTRADAY-STRUCT,ORB-15,ORB-30,PDH-PDL,REL-STR,RSI-EXT,SR-BREAK,STOCHASTIC,VPOC",15,15.0,ASC-TRI,Ascending Triangle: breakout above resistance 4822.89,15:15,4855.9,TIME_EXIT,WIN,219.02,0.04,60.0,MEDIUM
2022-11-10,ZEEL,SHORT,10:50,255.63,1955,499756.65,257.31014999999996,247.9611,4.56,"ADX-FILTER,CAMARILLA,DAILY-BIAS,DESC-TRI,FAILED-BO,MACD,OPEN-WEAK,ORB-15,ORB-30,PDH-PDL,SR-BREAK,STOCHASTIC",12,12.0,FAILED-BO,"Failed BO: bull trap above 257.89, reversed on vol 2.1×",15:15,256.17,TIME_EXIT,LOSS,-1784.88,-0.36,60.0,MEDIUM
2022-11-11,HDFCLIFE,LONG,09:15,533.325,937,499725.53,531.2625,541.575,4.0,"CAMARILLA,DBL-BTM,FIRST-CANDLE,GAP-CONT,INTRADAY-STRUCT,ORB-15,ORB-30,PDH-PDL,PIN-BAR,SR-BREAK,STOCHASTIC,VOL-SPIKE,VPOC",13,13.0,CAMARILLA,CAMARILLA: breakout above H4=533.33,11:00,541.575,TARGET_HIT,EXACT_WIN,6995.59,1.4,60.0,MEDIUM
2022-11-11,COALINDIA,SHORT,12:20,236.75,2111,499779.25,241.0,228.25,2.0,"ADX-FILTER,BOLLINGER,CAMARILLA,FIRST-CANDLE,MACD,ORB-15,ORB-30,PIN-BAR,REL-STR,RSI-EXT,STOCHASTIC,SUPERTREND,VPOC",13,13.0,ORB-15,ORB-15: breakdown below 236.75,15:15,236.35,TIME_EXIT,WIN,116.27,0.02,60.0,MEDIUM
2022-11-14,LUPIN,LONG,09:45,749.0,667,499583.0,737.5,772.0,2.0,"ADX-FILTER,CAMARILLA,DAILY-BIAS,DBL-BTM,EMA-CROSS,FIRST-CANDLE,MACD,ORB-15,ORB-30,PDH-PDL,SR-BREAK,SUPERTREND,VPOC",13,13.0,ORB-15,ORB-15: breakout above 749.00 (range=11.50),15:15,759.0,TIME_EXIT,WIN,5936.38,1.19,60.0,MEDIUM
2022-11-14,WIPRO,SHORT,11:45,191.15,2615,499857.25,192.45,188.55000000000004,2.0,"ADX-FILTER,BOLLINGER,CAMARILLA,FIRST-CANDLE,INTRADAY-STRUCT,MACD,ORB-15,ORB-30,PDH-PDL,REL-STR,STOCHASTIC,SUPERTREND,VPOC",13,13.0,ORB-15,ORB-15: breakdown below 191.15,15:15,189.55,TIME_EXIT,WIN,3457.68,0.69,60.0,MEDIUM
2022-11-15,ACC,LONG,09:35,2474.125,202,499773.25,2452.8125,2559.375,4.0,"ADX-FILTER,CAMARILLA,DAILY-BIAS,FIRST-CANDLE,INTRADAY-STRUCT,ORB-15,ORB-30,PDH-PDL,PIN-BAR,REL-STR,SR-BREAK,STOCHASTIC,VPOC,VWAP-STDDEV",14,14.0,CAMARILLA,CAMARILLA: breakout above H4=2474.12,13:10,2452.8125,STOP_HIT,LOSS,-5030.32,-1.01,60.0,MEDIUM
2022-11-15,ANGELONE,SHORT,11:20,151.8,3293,499877.4,153.2625,142.6,6.29,"ADX-FILTER,BOLLINGER,CAMARILLA,CPR,DAILY-BIAS,DBL-TOP,FAILED-BO,REL-STR,RSI-EXT,SUPERTREND,VWAP-REV,VWAP-STDDEV",12,12.0,FAILED-BO,"Failed BO: bull trap above 152.30, reversed on vol 3.1×",11:25,153.2625,STOP_HIT,LOSS,-5547.51,-1.11,60.0,MEDIUM
2022-11-16,KOTAKBANK,LONG,10:20,385.6,1296,499737.6,372.339,419.4000000000001,2.55,"ADX-FILTER,ASC-TRI,CPR,DAILY-BIAS,DBL-BTM,FIRST-CANDLE,ORB-15,ORB-30,PDH-PDL,PIN-BAR,SR-BREAK,STOCHASTIC,VOL-SPIKE,VPOC,VWAP-STDDEV",15,15.0,ASC-TRI,Ascending Triangle: breakout above resistance 385.45,15:15,393.1,TIME_EXIT,WIN,8983.75,1.8,60.0,MEDIUM
2022-11-16,ZYDUSLIFE,SHORT,11:15,416.9,1199,499863.1,419.45,411.79999999999995,2.0,"ADX-FILTER,BOLLINGER,DBL-TOP,FIRST-CANDLE,MACD,ORB-15,ORB-30,PIN-BAR,SR-BREAK,STOCHASTIC,SUPERTREND,VPOC",12,12.0,ORB-15,ORB-15: breakdown below 416.90,15:15,414.85,TIME_EXIT,WIN,1730.63,0.35,60.0,MEDIUM
2022-11-17,NAVINFLUOR,LONG,09:40,4540.0,110,499400.0,4488.05,4643.9,2.0,"CPR,DAILY-BIAS,FIRST-CANDLE,ORB-15,ORB-30,PDH-PDL,PIN-BAR,REL-STR,SR-BREAK,VPOC,VWAP-REV,VWAP-STDDEV",12,12.0,ORB-15,ORB-15: breakout above 4540.00 (range=51.95),11:20,4488.05,STOP_HIT,LOSS,-6438.07,-1.29,60.0,MEDIUM
2022-11-17,SBICARD,SHORT,12:10,801.25,624,499980.0,834.0075,687.1,3.48,"DAILY-BIAS,DESC-TRI,FIRST-CANDLE,INTRADAY-STRUCT,MACD,OPEN-WEAK,ORB-15,ORB-30,PDH-PDL,PIN-BAR,REL-STR,SR-BREAK,STOCHASTIC",13,13.0,DESC-TRI,Descending Triangle: breakdown below support 802.48,15:15,798.35,TIME_EXIT,WIN,1081.75,0.22,60.0,MEDIUM
2022-11-18,KOTAKBANK,LONG,09:40,392.9,1272,499768.8,390.7,397.29999999999995,2.0,"DAILY-BIAS,DBL-BTM,FIRST-CANDLE,MACD,ORB-15,ORB-30,PDH-PDL,PIN-BAR,REL-STR,SR-BREAK,STOCHASTIC,SUPERTREND,VPOC,VWAP-STDDEV",14,14.0,ORB-15,ORB-15: breakout above 392.90 (range=2.20),09:50,397.29999999999995,TARGET_HIT,EXACT_WIN,4863.77,0.97,60.0,MEDIUM
2022-11-18,ZEEL,SHORT,09:30,247.85,2017,499913.45,250.05,243.44999999999996,2.0,"ADX-FILTER,BOLLINGER,CAMARILLA,DAILY-BIAS,DBL-TOP,FIRST-CANDLE,MACD,ORB-15,ORB-30,PDH-PDL,PIN-BAR,SR-BREAK,STOCHASTIC,SUPERTREND,VPOC",15,15.0,ORB-15,ORB-15: breakdown below 247.85,15:15,245.84,TIME_EXIT,WIN,3327.7,0.67,60.0,MEDIUM
2022-11-21,BPCL,LONG,09:25,131.5775,3800,499994.5,131.01375,133.83249999999998,4.0,"ASC-TRI,CAMARILLA,FIRST-CANDLE,INTRADAY-STRUCT,ORB-15,ORB-30,PDH-PDL,PIN-BAR,REL-STR,SR-BREAK,STOCHASTIC,VPOC",12,12.0,CAMARILLA,CAMARILLA: breakout above H4=131.58,15:15,133.55,TIME_EXIT,WIN,6760.66,1.35,60.0,MEDIUM
2022-11-21,JSWSTEEL,SHORT,09:25,704.3,709,499348.7,715.1029365776424,682.6941268447151,2.0,"ADX-FILTER,BEAR-ENGULF,CAMARILLA,CPR,FIRST-CANDLE,INTRADAY-STRUCT,MACD,PDH-PDL,REL-STR,SR-BREAK,STOCHASTIC,SUPERTREND",12,12.0,SUPERTREND,"SUPERTREND: flipped bearish, ST=713.68",15:15,697.15,TIME_EXIT,WIN,4344.23,0.87,60.0,MEDIUM
2022-11-22,AMBUJACEM,LONG,09:35,569.1049999999999,878,499674.19,566.0525,581.3149999999997,4.0,"BOLLINGER,CAMARILLA,DAILY-BIAS,EMA-CROSS,FIRST-CANDLE,INTRADAY-STRUCT,MACD,ORB-15,ORB-30,PIN-BAR,REL-STR,SR-BREAK,STOCHASTIC,SUPERTREND,VPOC",15,15.0,CAMARILLA,CAMARILLA: breakout above H4=569.10,12:50,566.0525,STOP_HIT,LOSS,-3406.44,-0.68,60.0,MEDIUM
2022-11-22,LUPIN,SHORT,12:45,717.3,697,499958.1,726.85,698.1999999999998,2.0,"BEAR-ENGULF,CAMARILLA,CPR,FAILED-BO,FIRST-CANDLE,ORB-15,ORB-30,PIN-BAR,REL-STR,SR-BREAK,SUPERTREND,VPOC",12,12.0,ORB-15,ORB-15: breakdown below 717.30,15:15,720.0,TIME_EXIT,LOSS,-2611.83,-0.52,60.0,MEDIUM
2022-11-23,INDIANB,LONG,09:50,268.15,1864,499831.6,267.6285714285714,273.9602040816326,11.14,"ASC-TRI,BULL-FLAG,CAMARILLA,DAILY-BIAS,EMA-CROSS,FIRST-CANDLE,MACD,ORB-15,ORB-30,PDH-PDL,PIN-BAR,SR-BREAK,STOCHASTIC,VPOC",14,14.0,VPOC,VPOC: breakout above VAH=268.15,15:15,269.1,TIME_EXIT,WIN,1040.72,0.21,60.0,MEDIUM
2022-11-23,BAJAJ-AUTO,SHORT,11:45,3532.5,141,498082.5,3562.5,3472.5,2.0,"ADX-FILTER,BEAR-ENGULF,BOLLINGER,CAMARILLA,DAILY-BIAS,DBL-TOP,FAILED-BO,FIRST-CANDLE,MACD,ORB-30,PIN-BAR,RSI-EXT,SR-BREAK,SUPERTREND",14,14.0,ORB-30,ORB-30: breakdown below 3532.50,15:15,3520.5,TIME_EXIT,WIN,966.67,0.19,60.0,MEDIUM
2022-11-24,BANKBARODA,LONG,09:15,151.77142857142857,3294,499935.09,151.73367346938775,154.79183673469387,80.0,"BULL-FLAG,CAMARILLA,CPR,DAILY-BIAS,DBL-BTM,EMA-CROSS,FIRST-CANDLE,MACD,ORB-15,PDH-PDL,PIN-BAR,REL-STR,SR-BREAK,STOCHASTIC,VPOC",15,15.0,VPOC,VPOC: breakout above VAH=151.77,15:15,152.45,TIME_EXIT,WIN,1504.62,0.3,60.0,MEDIUM
2022-11-24,PIIND,SHORT,09:40,3360.35,148,497331.8,3395.536121751788,3289.977756496424,2.0,"ADX-FILTER,BOLLINGER,CAMARILLA,FAILED-BO,FIRST-CANDLE,MACD,PIN-BAR,REL-STR,RSI-EXT,SR-BREAK,SUPERTREND,VPOC",12,12.0,SUPERTREND,"SUPERTREND: flipped bearish, ST=3388.76",11:45,3395.536121751788,STOP_HIT,LOSS,-5935.8,-1.19,60.0,MEDIUM
2022-11-25,RECLTD,LONG,09:40,105.35000000000001,4746,499991.1,104.25,109.75000000000001,4.0,"ADX-FILTER,ASC-TRI,CAMARILLA,DAILY-BIAS,DBL-BTM,FIRST-CANDLE,INTRADAY-STRUCT,MACD,ORB-15,ORB-30,PDH-PDL,PIN-BAR,REL-STR,SR-BREAK,STOCHASTIC,VOL-SPIKE,VPOC",17,17.0,CAMARILLA,CAMARILLA: breakout above H4=105.35,11:40,109.75000000000001,TARGET_HIT,EXACT_WIN,20136.97,4.03,60.0,MEDIUM
2022-11-25,ETERNAL,SHORT,13:15,63.9,7824,499953.6,65.0140581200725,61.671883759854985,2.0,"ADX-FILTER,BOLLINGER,CAMARILLA,DAILY-BIAS,FIRST-CANDLE,MACD,REL-STR,RSI-EXT,SR-BREAK,SUPERTREND,VWAP-REV,VWAP-STDDEV",12,12.0,SUPERTREND,"SUPERTREND: flipped bearish, ST=64.88",15:15,63.95,TIME_EXIT,LOSS,-1120.27,-0.22,60.0,MEDIUM
2022-11-28,LUPIN,LONG,09:55,721.35,693,499895.55,715.4,733.2500000000001,2.0,"ADX-FILTER,CPR,DAILY-BIAS,EMA-CROSS,FIRST-CANDLE,INTRADAY-STRUCT,MACD,ORB-15,ORB-30,PDH-PDL,PIN-BAR,SR-BREAK,STOCHASTIC,SUPERTREND,VPOC",15,15.0,ORB-15,ORB-15: breakout above 721.35 (range=5.95),14:20,733.2500000000001,TARGET_HIT,EXACT_WIN,7511.4,1.5,60.0,MEDIUM
2022-11-28,ZYDUSLIFE,SHORT,10:35,403.0,1240,499720.0,405.81899999999996,392.4,3.76,"ADX-FILTER,BEAR-ENGULF,BOLLINGER,DAILY-BIAS,FAILED-BO,FIRST-CANDLE,INTRADAY-STRUCT,PIN-BAR,REL-STR,SUPERTREND,VWAP-STDDEV",11,11.0,BEAR-ENGULF,"Bear Engulf at resistance 404.00, vol 2.0×",15:15,400.15,TIME_EXIT,WIN,2807.49,0.56,60.0,MEDIUM
2022-11-29,SUNPHARMA,LONG,09:25,1044.3425,478,499195.71,1040.6712499999999,1059.0275,4.0,"ADX-FILTER,CAMARILLA,CPR,DAILY-BIAS,DBL-BTM,FIRST-CANDLE,INTRADAY-STRUCT,MACD,PDH-PDL,PIN-BAR,REL-STR,SR-BREAK,STOCHASTIC,SUPERTREND,VPOC",15,15.0,CAMARILLA,CAMARILLA: breakout above H4=1044.34,10:35,1040.6712499999999,STOP_HIT,LOSS,-2481.28,-0.5,60.0,MEDIUM
2022-11-29,COALINDIA,SHORT,10:35,214.3,2333,499961.9,215.3,212.3,2.0,"BOLLINGER,CAMARILLA,DAILY-BIAS,FIRST-CANDLE,MACD,ORB-15,ORB-30,PDH-PDL,PIN-BAR,REL-STR,STOCHASTIC,SUPERTREND,VPOC",13,13.0,ORB-15,ORB-15: breakdown below 214.30,10:40,212.3,TARGET_HIT,EXACT_WIN,3939.81,0.79,60.0,MEDIUM
2022-11-30,ARE&M,LONG,09:15,647.35,772,499754.2,629.9865,803.95,9.02,"ASC-TRI,BULL-FLAG,CPR,DAILY-BIAS,EMA-CROSS,ORB-15,ORB-30,PDH-PDL,PIN-BAR,SR-BREAK,STOCHASTIC,SUPERTREND,VPOC",13,13.0,ASC-TRI,Ascending Triangle: breakout above resistance 643.95,15:15,650.75,TIME_EXIT,WIN,1894.15,0.38,60.0,MEDIUM
2022-11-30,ASTRAL,SHORT,10:40,1414.05,353,499159.65,1422.55,1397.05,2.0,"ADX-FILTER,CAMARILLA,DAILY-BIAS,FIRST-CANDLE,MACD,ORB-15,ORB-30,PDH-PDL,PIN-BAR,SR-BREAK,STOCHASTIC,VPOC",12,12.0,ORB-15,ORB-15: breakdown below 1414.05,15:15,1417.45,TIME_EXIT,LOSS,-1928.65,-0.39,60.0,MEDIUM
2022-12-01,HEROMOTOCO,LONG,09:40,2685.9,186,499577.4,2667.537241842671,2722.6255163146584,2.0,"CAMARILLA,DAILY-BIAS,DBL-BTM,EMA-CROSS,FIRST-CANDLE,INTRADAY-STRUCT,MACD,PDH-PDL,PIN-BAR,SR-BREAK,STOCHASTIC,SUPERTREND,VPOC",13,13.0,EMA-CROSS,"EMA-CROSS: 9EMA crossed above 21EMA, price above VWAP",15:15,2700.1,TIME_EXIT,WIN,1910.78,0.38,60.0,MEDIUM
2022-12-01,ICICIPRULI,SHORT,10:35,475.0,1052,499700.0,479.0,467.0,2.0,"ADX-FILTER,BEAR-ENGULF,BOLLINGER,CAMARILLA,DAILY-BIAS,FAILED-BO,FIRST-CANDLE,MACD,ORB-15,ORB-30,PIN-BAR,REL-STR,SUPERTREND,VPOC,VWAP-STDDEV",15,15.0,ORB-15,ORB-15: breakdown below 475.00,15:15,476.8,TIME_EXIT,LOSS,-2623.18,-0.52,60.0,MEDIUM
2022-12-02,BHEL,LONG,09:15,85.69250000000001,5834,499930.05,85.04625000000001,88.27750000000002,4.0,"ADX-FILTER,CAMARILLA,CPR,DAILY-BIAS,FIRST-CANDLE,INTRADAY-STRUCT,MACD,ORB-15,ORB-30,PDH-PDL,REL-STR,SR-BREAK,STOCHASTIC,VOL-SPIKE,VPOC",15,15.0,CAMARILLA,CAMARILLA: breakout above H4=85.69,10:15,88.27750000000002,TARGET_HIT,EXACT_WIN,14340.14,2.87,60.0,MEDIUM
2022-12-02,BAJFINANCE,SHORT,09:50,669.0,747,499743.0,674.0,659.0,2.0,"ADX-FILTER,CPR,DAILY-BIAS,FIRST-CANDLE,OPEN-WEAK,ORB-15,ORB-30,PDH-PDL,PIN-BAR,REL-STR,SR-BREAK,STOCHASTIC",12,12.0,ORB-15,ORB-15: breakdown below 669.00,15:15,668.0,TIME_EXIT,WIN,18.87,0.0,60.0,MEDIUM
2022-12-05,PIIND,LONG,09:45,3529.85,141,497708.85,3502.8999999999996,3637.65,4.0,"CAMARILLA,CPR,DAILY-BIAS,DBL-BTM,FIRST-CANDLE,MACD,ORB-15,ORB-30,PDH-PDL,REL-STR,SR-BREAK,STOCHASTIC,VPOC",13,13.0,CAMARILLA,CAMARILLA: breakout above H4=3529.85,10:00,3502.8999999999996,STOP_HIT,LOSS,-4522.73,-0.91,60.0,MEDIUM
2022-12-05,GAIL,SHORT,09:50,82.14,6087,499986.18,82.61,81.2,2.0,"ADX-FILTER,BOLLINGER,CAMARILLA,FIRST-CANDLE,MACD,ORB-15,ORB-30,PDH-PDL,PIN-BAR,RSI-EXT,SR-BREAK,STOCHASTIC,SUPERTREND",13,13.0,ORB-15,ORB-15: breakdown below 82.14,15:15,81.99,TIME_EXIT,WIN,184.68,0.04,60.0,MEDIUM
2022-12-06,PVRINOX,LONG,09:20,1921.6100000000001,260,499618.6,1913.305,1954.8300000000004,4.0,"BOLLINGER,CAMARILLA,CPR,DAILY-BIAS,EMA-CROSS,FIRST-CANDLE,INTRADAY-STRUCT,MACD,PDH-PDL,PIN-BAR,REL-STR,SR-BREAK,STOCHASTIC,SUPERTREND,VPOC,VWAP-STDDEV",16,16.0,CAMARILLA,CAMARILLA: breakout above H4=1921.61,10:15,1913.305,STOP_HIT,LOSS,-2885.98,-0.58,60.0,MEDIUM
2022-12-06,GAIL,SHORT,11:45,81.48,6136,499961.28,82.23,79.98,2.0,"ADX-FILTER,FIRST-CANDLE,ORB-15,ORB-30,PDH-PDL,REL-STR,SR-BREAK,STOCHASTIC,SUPERTREND,VPOC,VWAP-STDDEV",11,11.0,ORB-15,ORB-15: breakdown below 81.48,15:15,81.71,TIME_EXIT,LOSS,-2140.94,-0.43,60.0,MEDIUM
2022-12-07,LODHA,LONG,12:00,527.2,948,499785.6,524.5640000000001,538.1265306122449,4.15,"ADX-FILTER,BOLLINGER,CAMARILLA,DAILY-BIAS,DBL-BTM,MACD,ORB-15,ORB-30,RSI-EXT,SR-BREAK,SUPERTREND,VPOC,VWAP-STDDEV",13,13.0,VPOC,VPOC: rejection below VPOC=527.53,15:15,532.5,TIME_EXIT,WIN,4291.8,0.86,60.0,MEDIUM
2022-12-07,SUNTV,SHORT,11:30,495.9,1008,499867.2,498.6,490.4999999999999,2.0,"ADX-FILTER,BEAR-ENGULF,BOLLINGER,CAMARILLA,DAILY-BIAS,FIRST-CANDLE,MACD,ORB-15,ORB-30,PDH-PDL,SR-BREAK,STOCHASTIC,SUPERTREND,VPOC",14,14.0,ORB-15,ORB-15: breakdown below 495.90,11:35,490.4999999999999,TARGET_HIT,EXACT_WIN,4717.58,0.94,60.0,MEDIUM
2022-12-08,NMDC,LONG,09:15,33.905102040816324,14747,499998.54,33.9,34.11938775510204,42.0,"ADX-FILTER,BULL-FLAG,DAILY-BIAS,EMA-CROSS,FIRST-CANDLE,MACD,ORB-15,ORB-30,PDH-PDL,REL-STR,SR-BREAK,SUPERTREND,VPOC",13,13.0,VPOC,VPOC: breakout above VAH=33.91,09:20,33.9,STOP_HIT,LOSS,-804.09,-0.16,60.0,MEDIUM
2022-12-08,LAURUSLABS,SHORT,09:35,415.0,1204,499660.0,418.55,407.9,2.0,"ADX-FILTER,CAMARILLA,DAILY-BIAS,FIRST-CANDLE,MACD,ORB-15,ORB-30,PDH-PDL,PIN-BAR,REL-STR,SR-BREAK,STOCHASTIC,SUPERTREND,VPOC",14,14.0,ORB-15,ORB-15: breakdown below 415.00,15:15,412.7,TIME_EXIT,WIN,2042.34,0.41,60.0,MEDIUM
2022-12-09,IGL,LONG,09:15,218.8357142857143,2284,499820.77,218.60153061224491,220.81326530612245,8.44,"CAMARILLA,CPR,DAILY-BIAS,FIRST-CANDLE,MACD,ORB-15,ORB-30,PDH-PDL,PIN-BAR,REL-STR,SR-BREAK,STOCHASTIC,VPOC,VWAP-STDDEV",14,14.0,VPOC,VPOC: breakout above VAH=218.84,09:25,218.60153061224491,STOP_HIT,LOSS,-1263.12,-0.25,60.0,MEDIUM
2022-12-09,MUTHOOTFIN,SHORT,11:30,1101.95,453,499183.35,1135.2107448275858,1031.55,2.12,"ADX-FILTER,CAMARILLA,FAILED-BO,FIRST-CANDLE,INTRADAY-STRUCT,MACD,ORB-15,ORB-30,PDH-PDL,REL-STR,RISE-WEDGE,SR-BREAK,STOCHASTIC,SUPERTREND,VPOC",15,15.0,RISE-WEDGE,Rising Wedge: broke below lower trendline 1102.22,15:15,1104.6,TIME_EXIT,LOSS,-1928.93,-0.39,60.0,MEDIUM
2022-12-12,HINDPETRO,LONG,11:30,138.26938775510203,3616,499982.11,136.89183673469387,142.5673469387755,3.12,"ADX-FILTER,BOLLINGER,BULL-FLAG,DAILY-BIAS,FIRST-CANDLE,INTRADAY-STRUCT,MACD,ORB-15,ORB-30,PDH-PDL,SR-BREAK,STOCHASTIC,SUPERTREND,VPOC",14,14.0,VPOC,VPOC: breakout above VAH=138.27,15:00,142.5673469387755,TARGET_HIT,EXACT_WIN,14800.23,2.96,60.0,MEDIUM
2022-12-12,BATAINDIA,SHORT,09:15,1673.55,298,498717.9,1756.1879999999999,1500.2,2.1,"DAILY-BIAS,DBL-TOP,DESC-TRI,FIRST-CANDLE,MACD,ORB-15,ORB-30,PDH-PDL,PIN-BAR,REL-STR,SR-BREAK,STOCHASTIC",12,12.0,DESC-TRI,Descending Triangle: breakdown below support 1683.45,15:15,1671.0,TIME_EXIT,WIN,33.17,0.01,60.0,MEDIUM
2022-12-13,LICI,LONG,09:55,359.64,1390,499899.6,355.02,378.12,4.0,"ADX-FILTER,CAMARILLA,DAILY-BIAS,DBL-BTM,FIRST-CANDLE,INTRADAY-STRUCT,ORB-30,PDH-PDL,REL-STR,SR-BREAK,STOCHASTIC,VOL-SPIKE,VPOC",13,13.0,CAMARILLA,CAMARILLA: breakout above H4=359.64,11:35,355.02,STOP_HIT,LOSS,-7145.49,-1.43,60.0,MEDIUM
2022-12-13,TITAN,SHORT,09:55,2566.55,194,497910.7,2655.7445,2347.1,2.46,"ADX-FILTER,BOLLINGER,CAMARILLA,DAILY-BIAS,DBL-TOP,DESC-TRI,FIRST-CANDLE,MACD,ORB-15,ORB-30,PDH-PDL,REL-STR,SR-BREAK,STOCHASTIC,SUPERTREND",15,15.0,DESC-TRI,Descending Triangle: breakdown below support 2568.97,15:15,2576.3,TIME_EXIT,LOSS,-2618.64,-0.53,60.0,MEDIUM
2022-12-14,DRREDDY,LONG,09:15,892.9675000000001,559,499168.83,891.08375,900.5025000000002,4.0,"ADX-FILTER,CAMARILLA,DAILY-BIAS,EMA-CROSS,FIRST-CANDLE,INTRADAY-STRUCT,ORB-15,PDH-PDL,PIN-BAR,SR-BREAK,STOCHASTIC,VPOC,VWAP-STDDEV",13,13.0,CAMARILLA,CAMARILLA: breakout above H4=892.97,09:40,900.5025000000002,TARGET_HIT,EXACT_WIN,3480.95,0.7,60.0,MEDIUM
2022-12-14,KPITTECH,SHORT,09:45,673.35,742,499625.7,683.444232361128,653.1615352777441,2.0,"BEAR-ENGULF,BOLLINGER,CAMARILLA,DAILY-BIAS,FIRST-CANDLE,MACD,PDH-PDL,PIN-BAR,REL-STR,SR-BREAK,STOCHASTIC,SUPERTREND,VPOC,VWAP-STDDEV",14,14.0,SUPERTREND,"SUPERTREND: flipped bearish, ST=682.08",10:30,683.444232361128,STOP_HIT,LOSS,-8222.6,-1.65,60.0,MEDIUM
2022-12-15,BPCL,LONG,11:50,151.5,3300,499950.0,150.0,154.5,2.0,"BOLLINGER,BULL-FLAG,CAMARILLA,CPR,DAILY-BIAS,EMA-CROSS,FIRST-CANDLE,MACD,ORB-15,ORB-30,PDH-PDL,PIN-BAR,SR-BREAK,STOCHASTIC,SUPERTREND,VPOC",16,16.0,ORB-15,ORB-15: breakout above 151.50 (range=1.50),15:15,151.5,TIME_EXIT,LOSS,-728.84,-0.15,60.0,MEDIUM
2022-12-15,BATAINDIA,SHORT,09:30,1674.0,298,498852.0,1713.8184999999999,1488.05,4.67,"CAMARILLA,DAILY-BIAS,DBL-TOP,DESC-TRI,FIRST-CANDLE,MACD,ORB-15,ORB-30,PDH-PDL,REL-STR,SR-BREAK,STOCHASTIC,SUPERTREND,VPOC",14,14.0,DESC-TRI,Descending Triangle: breakdown below support 1677.38,15:15,1647.05,TIME_EXIT,WIN,7308.35,1.47,60.0,MEDIUM
2022-12-16,APOLLOTYRE,LONG,09:30,324.71632653061226,1539,499738.43,324.059693877551,328.9479591836735,6.44,"ASC-TRI,BULL-FLAG,CAMARILLA,DAILY-BIAS,EMA-CROSS,FIRST-CANDLE,MACD,ORB-15,PDH-PDL,PIN-BAR,REL-STR,SR-BREAK,SUPERTREND,VPOC,VWAP-REV,VWAP-STDDEV",16,16.0,VPOC,VPOC: breakout above VAH=324.72,09:45,324.059693877551,STOP_HIT,LOSS,-1738.31,-0.35,60.0,MEDIUM
2022-12-16,COALINDIA,SHORT,10:10,211.0,2369,499859.0,220.38199999999998,177.39999999999995,3.58,"CAMARILLA,DAILY-BIAS,DBL-TOP,DESC-TRI,FIRST-CANDLE,MACD,ORB-15,ORB-30,PDH-PDL,SR-BREAK,STOCHASTIC,VPOC",12,12.0,DESC-TRI,Descending Triangle: breakdown below support 211.27,15:15,208.75,TIME_EXIT,WIN,4604.58,0.92,60.0,MEDIUM
2022-12-19,NAUKRI,LONG,09:50,822.5,607,499257.5,813.5,840.5,2.0,"ADX-FILTER,BOLLINGER,CAMARILLA,DAILY-BIAS,FIRST-CANDLE,MACD,ORB-15,ORB-30,PDH-PDL,PIN-BAR,RSI-EXT,SR-BREAK,STOCHASTIC,SUPERTREND,VPOC,VWAP-STDDEV",16,16.0,ORB-15,ORB-15: breakout above 822.50 (range=9.00),10:45,840.5,TARGET_HIT,EXACT_WIN,10189.45,2.04,60.0,MEDIUM
2022-12-19,SAMMAANCAP,SHORT,11:55,134.1,3728,499924.8,135.42374999999998,128.8,4.0,"ADX-FILTER,BEAR-ENGULF,BOLLINGER,CAMARILLA,FAILED-BO,FIRST-CANDLE,INTRADAY-STRUCT,MACD,RSI-EXT,STOCHASTIC,VPOC,VWAP-REV,VWAP-STDDEV",13,13.0,BEAR-ENGULF,"Bear Engulf at resistance 134.25, vol 1.5×",15:15,133.65,TIME_EXIT,WIN,949.75,0.19,60.0,MEDIUM
2022-12-20,SIEMENS,LONG,09:55,2254.0,221,498134.0,2234.45,2293.1000000000004,2.0,"DAILY-BIAS,DBL-BTM,FIRST-CANDLE,INTRADAY-STRUCT,MACD,ORB-15,ORB-30,PDH-PDL,PIN-BAR,REL-STR,STOCHASTIC,VPOC",12,12.0,ORB-15,ORB-15: breakout above 2254.00 (range=19.55),15:15,2252.7,TIME_EXIT,LOSS,-1013.44,-0.2,60.0,MEDIUM
2022-12-20,TATAELXSI,SHORT,11:45,6333.9,78,494044.2,6394.0,6213.699999999999,2.0,"ADX-FILTER,BOLLINGER,DAILY-BIAS,DBL-TOP,FIRST-CANDLE,MACD,ORB-15,ORB-30,PDH-PDL,RSI-EXT,SR-BREAK,STOCHASTIC,SUPERTREND",13,13.0,ORB-15,ORB-15: breakdown below 6333.90,15:15,6319.5,TIME_EXIT,WIN,403.05,0.08,60.0,MEDIUM
2022-12-21,BALKRISIND,LONG,09:15,2150.192857142857,232,498844.74,2144.150510204082,2184.587755102041,5.69,"CAMARILLA,CPR,DAILY-BIAS,FIRST-CANDLE,ORB-15,ORB-30,PDH-PDL,PIN-BAR,REL-STR,SR-BREAK,STOCHASTIC,VPOC,VWAP-STDDEV",13,13.0,VPOC,VPOC: breakout above VAH=2150.19,13:55,2144.150510204082,STOP_HIT,LOSS,-2128.05,-0.43,60.0,MEDIUM
2022-12-21,AUBANK,SHORT,12:50,670.3,745,499373.5,691.4341586206895,616.25,2.56,"BEAR-ENGULF,BOLLINGER,CAMARILLA,FAILED-BO,FIRST-CANDLE,MACD,ORB-15,ORB-30,PDH-PDL,PIN-BAR,RISE-WEDGE,SR-BREAK,SUPERTREND,VPOC",14,14.0,RISE-WEDGE,Rising Wedge: broke below lower trendline 671.58,15:15,669.9,TIME_EXIT,LOSS,-429.89,-0.09,60.0,MEDIUM
2022-12-22,LUPIN,LONG,13:05,764.6,653,499283.8,749.4,795.0000000000001,2.0,"ADX-FILTER,DAILY-BIAS,FIRST-CANDLE,ORB-15,ORB-30,PDH-PDL,REL-STR,SR-BREAK,STOCHASTIC,VPOC",10,10.0,ORB-15,ORB-15: breakout above 764.60 (range=15.20),15:15,762.1,TIME_EXIT,LOSS,-2359.14,-0.47,60.0,MEDIUM
2022-12-22,COALINDIA,SHORT,09:15,208.9,2393,499897.7,218.6145,178.55,3.12,"ADX-FILTER,CAMARILLA,DAILY-BIAS,DBL-TOP,DESC-TRI,FIRST-CANDLE,MACD,ORB-15,ORB-30,PDH-PDL,PIN-BAR,REL-STR,SR-BREAK,STOCHASTIC,SUPERTREND",15,15.0,DESC-TRI,Descending Triangle: breakdown below support 210.55,15:15,207.55,TIME_EXIT,WIN,2503.63,0.5,60.0,MEDIUM
2022-12-23,DIVISLAB,LONG,09:30,3525.3375,141,497072.59,3507.66875,3596.0125000000003,4.0,"CAMARILLA,DAILY-BIAS,DBL-BTM,FIRST-CANDLE,MACD,ORB-15,ORB-30,PDH-PDL,REL-STR,SR-BREAK,STOCHASTIC,VOL-SPIKE,VPOC,VWAP-REV",14,14.0,CAMARILLA,CAMARILLA: breakout above H4=3525.34,09:40,3596.0125000000003,TARGET_HIT,EXACT_WIN,9232.37,1.86,60.0,MEDIUM
2022-12-23,TVSMOTOR,SHORT,12:05,1011.05,494,499458.7,1033.6,965.95,2.0,"ADX-FILTER,CPR,DAILY-BIAS,DBL-TOP,DESC-TRI,FIRST-CANDLE,ORB-15,ORB-30,PDH-PDL,PIN-BAR,REL-STR,SR-BREAK,STOCHASTIC",13,13.0,ORB-15,ORB-15: breakdown below 1011.05,15:15,1010.25,TIME_EXIT,LOSS,-332.75,-0.07,60.0,MEDIUM
2022-12-26,SHRIRAMFIN,LONG,09:15,260.4,1920,499968.0,259.09799999999996,263.7612244897959,2.58,"ADX-FILTER,DAILY-BIAS,FIRST-CANDLE,INTRADAY-STRUCT,ORB-15,ORB-30,PDH-PDL,PIN-BAR,REL-STR,STOCHASTIC,SUPERTREND,VPOC",12,12.0,VPOC,VPOC: rejection below VPOC=260.56,09:25,263.7612244897959,TARGET_HIT,EXACT_WIN,5719.58,1.14,60.0,MEDIUM
2022-12-26,BHARTIARTL,SHORT,10:20,805.0,621,499905.0,812.05,790.9000000000001,2.0,"ADX-FILTER,DAILY-BIAS,DESC-TRI,FIRST-CANDLE,MACD,OPEN-WEAK,ORB-15,ORB-30,PDH-PDL,PIN-BAR,STOCHASTIC,VWAP-STDDEV",12,12.0,ORB-15,ORB-15: breakdown below 805.00,11:40,812.05,STOP_HIT,LOSS,-5109.33,-1.02,60.0,MEDIUM
2022-12-27,ICICIGI,LONG,09:20,1252.1725000000001,399,499616.83,1243.66125,1286.2175000000002,4.0,"BOLLINGER,CAMARILLA,DAILY-BIAS,EMA-CROSS,FIRST-CANDLE,MACD,PDH-PDL,PIN-BAR,REL-STR,SR-BREAK,STOCHASTIC,SUPERTREND,VPOC",13,13.0,CAMARILLA,CAMARILLA: breakout above H4=1252.17,09:40,1243.66125,STOP_HIT,LOSS,-4121.69,-0.82,60.0,MEDIUM
2022-12-27,COCHINSHIP,SHORT,10:35,280.15,1784,499787.6,282.405,246.0,15.14,"ADX-FILTER,BOLLINGER,CPR,DAILY-BIAS,FAILED-BO,FIRST-CANDLE,INTRADAY-STRUCT,MACD,PIN-BAR,REL-STR,RSI-EXT,SR-BREAK,SUPERTREND",13,13.0,FAILED-BO,"Failed BO: bull trap above 280.60, reversed on vol 1.9×",15:15,276.15,TIME_EXIT,WIN,6411.46,1.28,60.0,MEDIUM
2022-12-28,LICHSGFIN,LONG,10:15,406.1,1231,499909.1,401.6,415.1,2.0,"CAMARILLA,DAILY-BIAS,EMA-CROSS,FIRST-CANDLE,MACD,ORB-15,ORB-30,PDH-PDL,PIN-BAR,SR-BREAK,STOCHASTIC,SUPERTREND,VPOC",13,13.0,ORB-15,ORB-15: breakout above 406.10 (range=4.50),15:15,407.85,TIME_EXIT,WIN,1423.76,0.28,60.0,MEDIUM
2022-12-28,HDFCLIFE,SHORT,09:25,567.15,881,499659.15,573.0024615562172,555.4450768875655,2.0,"ADX-FILTER,BOLLINGER,CAMARILLA,DAILY-BIAS,FIRST-CANDLE,INTRADAY-STRUCT,MACD,PDH-PDL,PIN-BAR,SUPERTREND,VWAP-STDDEV",11,11.0,SUPERTREND,"SUPERTREND: flipped bearish, ST=571.86",15:15,568.35,TIME_EXIT,LOSS,-1786.25,-0.36,60.0,MEDIUM
2022-12-29,GAIL,LONG,11:00,84.05,5948,499929.4,83.45,85.24999999999999,2.0,"ADX-FILTER,BOLLINGER,CAMARILLA,DAILY-BIAS,EMA-CROSS,MACD,ORB-15,ORB-30,PIN-BAR,RSI-EXT,SUPERTREND,VPOC,VWAP-STDDEV",13,13.0,ORB-15,ORB-15: breakout above 84.05 (range=0.60),15:15,84.52,TIME_EXIT,WIN,2064.53,0.41,60.0,MEDIUM
2022-12-29,COLPAL,SHORT,09:15,1561.75,320,499760.0,1608.0715,1457.8250000000003,2.24,"DAILY-BIAS,DESC-TRI,FIRST-CANDLE,MACD,OPEN-WEAK,ORB-15,ORB-30,PDH-PDL,PIN-BAR,SR-BREAK,STOCHASTIC,SUPERTREND",12,12.0,DESC-TRI,Descending Triangle: breakdown below support 1563.84,15:15,1544.1,TIME_EXIT,WIN,4922.65,0.99,60.0,MEDIUM
2022-12-30,ONGC,LONG,10:00,132.85999999999999,3763,499952.18,131.98,136.37999999999997,4.0,"CAMARILLA,DAILY-BIAS,EMA-CROSS,FIRST-CANDLE,MACD,ORB-15,ORB-30,PDH-PDL,PIN-BAR,REL-STR,SR-BREAK,STOCHASTIC,SUPERTREND",13,13.0,CAMARILLA,CAMARILLA: breakout above H4=132.86,15:15,132.65,TIME_EXIT,LOSS,-1518.45,-0.3,60.0,MEDIUM
2022-12-30,CIPLA,SHORT,13:20,1086.3,460,499698.0,1095.0,1068.8999999999999,2.0,"ADX-FILTER,BOLLINGER,CAMARILLA,DAILY-BIAS,DBL-TOP,DESC-TRI,FIRST-CANDLE,MACD,ORB-15,ORB-30,PIN-BAR,SR-BREAK,STOCHASTIC,SUPERTREND",14,14.0,ORB-15,ORB-15: breakdown below 1086.30,15:15,1075.7,TIME_EXIT,WIN,4150.29,0.83,60.0,MEDIUM
2023-01-02,NATIONALUM,LONG,09:15,80.41250000000001,6217,499924.51,79.71125,83.21750000000002,4.0,"ASC-TRI,CAMARILLA,DAILY-BIAS,EMA-CROSS,FIRST-CANDLE,INTRADAY-STRUCT,ORB-15,ORB-30,PDH-PDL,PIN-BAR,REL-STR,SR-BREAK,VPOC",13,13.0,CAMARILLA,CAMARILLA: breakout above H4=80.41,09:45,79.71125,STOP_HIT,LOSS,-5085.03,-1.02,60.0,MEDIUM
2023-01-02,BRITANNIA,SHORT,09:55,4294.85,116,498202.6,4354.237821938279,4176.074356123443,2.0,"BOLLINGER,CAMARILLA,DAILY-BIAS,DBL-TOP,FAILED-BO,FIRST-CANDLE,MACD,PDH-PDL,REL-STR,SR-BREAK,STOCHASTIC,SUPERTREND",12,12.0,SUPERTREND,"SUPERTREND: flipped bearish, ST=4345.55",15:15,4291.55,TIME_EXIT,LOSS,-343.44,-0.07,60.0,MEDIUM
2023-01-03,KARURVYSYA,LONG,09:30,94.66,5282,499994.12,93.505,99.28,4.0,"ADX-FILTER,CAMARILLA,DAILY-BIAS,FIRST-CANDLE,ORB-15,PDH-PDL,PIN-BAR,REL-STR,SR-BREAK,STOCHASTIC,VPOC,VWAP-REV",12,12.0,CAMARILLA,CAMARILLA: breakout above H4=94.66,11:10,93.505,STOP_HIT,LOSS,-6824.78,-1.36,60.0,MEDIUM
2023-01-03,UNITDSPR,SHORT,13:35,869.2,575,499790.0,874.1,859.4000000000001,2.0,"ADX-FILTER,DAILY-BIAS,FIRST-CANDLE,INTRADAY-STRUCT,MACD,ORB-15,ORB-30,PDH-PDL,REL-STR,SR-BREAK,STOCHASTIC,SUPERTREND,VPOC",13,13.0,ORB-15,ORB-15: breakdown below 869.20,15:15,865.95,TIME_EXIT,WIN,1141.19,0.23,60.0,MEDIUM
2023-01-04,CHAMBLFERT,LONG,09:20,315.55408163265304,1584,499837.67,315.2061224489796,317.64183673469387,6.0,"BOLLINGER,CAMARILLA,DAILY-BIAS,FIRST-CANDLE,MACD,ORB-15,ORB-30,PDH-PDL,PIN-BAR,REL-STR,SR-BREAK,STOCHASTIC,SUPERTREND,VPOC",14,14.0,VPOC,VPOC: breakout above VAH=315.55,09:25,315.2061224489796,STOP_HIT,LOSS,-1279.42,-0.26,60.0,MEDIUM
2023-01-04,BRITANNIA,SHORT,12:10,4245.45,117,496717.65,4276.0,4184.349999999999,2.0,"ADX-FILTER,BEAR-ENGULF,BOLLINGER,CAMARILLA,DAILY-BIAS,DBL-TOP,FIRST-CANDLE,MACD,ORB-15,ORB-30,PIN-BAR,RSI-EXT,STOCHASTIC,SUPERTREND,VPOC",15,15.0,ORB-15,ORB-15: breakdown below 4245.45,15:15,4239.6,TIME_EXIT,LOSS,-39.59,-0.01,60.0,MEDIUM
2023-01-05,BALKRISIND,LONG,09:20,2144.44,233,499654.52,2137.0699999999997,2173.9200000000005,4.0,"ASC-TRI,CAMARILLA,CPR,DAILY-BIAS,FIRST-CANDLE,ORB-15,ORB-30,PDH-PDL,PIN-BAR,REL-STR,SR-BREAK,STOCHASTIC,VOL-SPIKE,VPOC",14,14.0,CAMARILLA,CAMARILLA: breakout above H4=2144.44,09:35,2173.9200000000005,TARGET_HIT,EXACT_WIN,6134.96,1.23,60.0,MEDIUM
2023-01-05,AUBANK,SHORT,09:45,636.35,785,499534.75,644.3,620.4500000000002,2.0,"ADX-FILTER,CAMARILLA,DAILY-BIAS,DBL-TOP,FIRST-CANDLE,OPEN-WEAK,ORB-15,ORB-30,PDH-PDL,REL-STR,SR-BREAK,STOCHASTIC",12,12.0,ORB-15,ORB-15: breakdown below 636.35,15:15,635.9,TIME_EXIT,LOSS,-374.82,-0.08,60.0,MEDIUM
2023-01-06,MPHASIS,LONG,09:35,1922.3265306122448,260,499804.9,1911.8214285714284,1945.5102040816325,2.21,"CAMARILLA,DAILY-BIAS,FIRST-CANDLE,MACD,ORB-15,PDH-PDL,REL-STR,RSI-EXT,SR-BREAK,STOCHASTIC,VPOC,VWAP-STDDEV",12,12.0,VPOC,VPOC: breakout above VAH=1922.33,13:15,1911.8214285714284,STOP_HIT,LOSS,-3457.81,-0.69,60.0,MEDIUM
2023-01-06,FEDERALBNK,SHORT,09:50,136.1,3673,499895.3,137.45,133.4,2.0,"ADX-FILTER,CAMARILLA,FAILED-BO,FIRST-CANDLE,MACD,ORB-15,ORB-30,PDH-PDL,PIN-BAR,REL-STR,SR-BREAK,STOCHASTIC,SUPERTREND,VPOC",14,14.0,ORB-15,ORB-15: breakdown below 136.10,14:15,133.4,TARGET_HIT,EXACT_WIN,9194.0,1.84,60.0,MEDIUM
2023-01-09,SBILIFE,LONG,09:25,1281.2475,390,499686.52,1275.62375,1303.7424999999998,4.0,"ADX-FILTER,CAMARILLA,DAILY-BIAS,DBL-BTM,FIRST-CANDLE,ORB-15,ORB-30,PDH-PDL,PIN-BAR,SR-BREAK,STOCHASTIC,VPOC",12,12.0,CAMARILLA,CAMARILLA: breakout above H4=1281.25,14:40,1303.7424999999998,TARGET_HIT,EXACT_WIN,8037.62,1.61,60.0,MEDIUM
2023-01-09,DIXON,SHORT,10:55,3815.85,131,499876.35,3852.8,3741.9499999999994,2.0,"BEAR-ENGULF,BOLLINGER,CAMARILLA,DAILY-BIAS,FAILED-BO,FIRST-CANDLE,INTRADAY-STRUCT,MACD,ORB-15,ORB-30,PDH-PDL,PIN-BAR,REL-STR,RSI-EXT,SR-BREAK,SUPERTREND",16,16.0,ORB-15,ORB-15: breakdown below 3815.85,15:15,3769.65,TIME_EXIT,WIN,5326.92,1.07,60.0,MEDIUM
2023-01-10,TATACHEM,LONG,09:30,959.7,520,499044.0,953.2,972.7,2.0,"ADX-FILTER,CAMARILLA,CPR,FIRST-CANDLE,MACD,ORB-15,ORB-30,PDH-PDL,REL-STR,SR-BREAK,STOCHASTIC,VPOC",12,12.0,ORB-15,ORB-15: breakout above 959.70 (range=6.50),15:15,967.65,TIME_EXIT,WIN,3403.12,0.68,60.0,MEDIUM
2023-01-10,PIIND,SHORT,11:35,3295.05,151,497552.55,3354.8,3175.55,2.0,"ADX-FILTER,CAMARILLA,DAILY-BIAS,DBL-TOP,FAILED-BO,FIRST-CANDLE,MACD,ORB-15,ORB-30,PDH-PDL,REL-STR,SR-BREAK,STOCHASTIC,SUPERTREND",14,14.0,ORB-15,ORB-15: breakdown below 3295.05,15:15,3290.0,TIME_EXIT,WIN,37.41,0.01,60.0,MEDIUM
2023-01-11,HCLTECH,LONG,09:15,1065.1163265306122,469,499539.56,1064.9530612244898,1071.6469387755103,40.0,"ADX-FILTER,CPR,DAILY-BIAS,DBL-BTM,FIRST-CANDLE,ORB-15,PDH-PDL,REL-STR,RSI-EXT,SR-BREAK,STOCHASTIC,VPOC,VWAP-STDDEV",13,13.0,VPOC,VPOC: breakout above VAH=1065.12,09:20,1071.6469387755103,TARGET_HIT,EXACT_WIN,2332.15,0.47,60.0,MEDIUM
2023-01-11,ASIANPAINT,SHORT,09:20,2951.1,169,498735.9,2983.209826888399,2886.8803462232013,2.0,"ADX-FILTER,BEAR-ENGULF,CAMARILLA,DAILY-BIAS,DBL-TOP,FIRST-CANDLE,MACD,PDH-PDL,PIN-BAR,REL-STR,SR-BREAK,STOCHASTIC,SUPERTREND,VPOC",14,14.0,SUPERTREND,"SUPERTREND: flipped bearish, ST=2977.26",15:15,2940.05,TIME_EXIT,WIN,1141.33,0.23,60.0,MEDIUM
2023-01-12,ULTRACEMCO,LONG,09:15,7030.74387755102,71,499182.82,7018.335204081633,7120.988775510204,7.27,"ADX-FILTER,DAILY-BIAS,DBL-BTM,FIRST-CANDLE,INTRADAY-STRUCT,ORB-15,PDH-PDL,PIN-BAR,REL-STR,SR-BREAK,STOCHASTIC,VPOC",12,12.0,VPOC,VPOC: breakout above VAH=7030.74,09:35,7120.988775510204,TARGET_HIT,EXACT_WIN,5674.52,1.14,60.0,MEDIUM
2023-01-12,ABFRL,SHORT,09:35,201.15,2485,499857.75,203.6,196.25000000000003,2.0,"ADX-FILTER,BOLLINGER,CAMARILLA,DAILY-BIAS,FAILED-BO,FIRST-CANDLE,MACD,ORB-15,PIN-BAR,REL-STR,SUPERTREND,VPOC,VWAP-STDDEV",13,13.0,ORB-15,ORB-15: breakdown below 201.15,11:20,203.6,STOP_HIT,LOSS,-6820.45,-1.36,60.0,MEDIUM
2023-01-13,HCLTECH,LONG,13:50,1080.0,462,498960.0,1057.91,1124.1799999999998,2.0,"ADX-FILTER,BOLLINGER,CAMARILLA,DAILY-BIAS,DBL-BTM,FIRST-CANDLE,MACD,REL-STR,RSI-EXT,SR-BREAK,SUPERTREND,VOL-SPIKE,VPOC",13,13.0,VOL-SPIKE,"VOL-SPIKE: price at resistance 1079.50, vol 2.5x avg",15:15,1078.2,TIME_EXIT,LOSS,-1558.43,-0.31,60.0,MEDIUM
2023-01-13,AUBANK,SHORT,09:40,623.2,802,499806.4,631.5,606.6000000000001,2.0,"ADX-FILTER,CPR,DAILY-BIAS,DBL-TOP,FIRST-CANDLE,INTRADAY-STRUCT,ORB-15,ORB-30,PDH-PDL,PIN-BAR,REL-STR,SR-BREAK,STOCHASTIC,SUPERTREND",14,14.0,ORB-15,ORB-15: breakdown below 623.20,15:15,620.2,TIME_EXIT,WIN,1678.73,0.34,60.0,MEDIUM
2023-01-16,PNB,LONG,09:40,55.980000000000004,8931,499957.38,55.54,57.74000000000001,4.0,"ADX-FILTER,CAMARILLA,CPR,DAILY-BIAS,EMA-CROSS,FIRST-CANDLE,ORB-15,ORB-30,PDH-PDL,PIN-BAR,REL-STR,SR-BREAK,STOCHASTIC,VPOC",14,14.0,CAMARILLA,CAMARILLA: breakout above H4=55.98,15:15,57.14,TIME_EXIT,WIN,9622.91,1.92,60.0,MEDIUM
2023-01-16,BHARTIARTL,SHORT,11:50,762.0,656,499872.0,767.95,750.0999999999999,2.0,"ADX-FILTER,BEAR-ENGULF,DAILY-BIAS,FAILED-BO,FIRST-CANDLE,MACD,ORB-15,ORB-30,PIN-BAR,RSI-EXT,SR-BREAK,SUPERTREND,VPOC",13,13.0,ORB-15,ORB-15: breakdown below 762.00,15:15,761.05,TIME_EXIT,LOSS,-105.18,-0.02,60.0,MEDIUM
2023-01-17,ICICIPRULI,LONG,12:15,477.95,1046,499935.7,473.4,487.05,2.0,"ADX-FILTER,BOLLINGER,CAMARILLA,CPR,DAILY-BIAS,EMA-CROSS,MACD,ORB-15,ORB-30,PDH-PDL,PIN-BAR,SR-BREAK,SUPERTREND,VPOC,VWAP-STDDEV",15,15.0,ORB-15,ORB-15: breakout above 477.95 (range=4.55),15:15,485.05,TIME_EXIT,WIN,6691.9,1.34,60.0,MEDIUM
2023-01-17,HAL,SHORT,11:30,1237.8,403,498833.4,1244.1899999999998,1224.5,2.08,"BOLLINGER,CPR,DAILY-BIAS,DBL-TOP,FAILED-BO,FIRST-CANDLE,MACD,ORB-15,ORB-30,PDH-PDL,PIN-BAR,REL-STR,SR-BREAK",13,13.0,FAILED-BO,"Failed BO: bull trap above 1241.90, reversed on vol 1.5×",12:40,1224.5,TARGET_HIT,EXACT_WIN,4635.64,0.93,60.0,MEDIUM
2023-01-18,TATASTEEL,LONG,09:15,113.34142857142857,4411,499949.04,113.17520408163264,114.5604081632653,7.33,"BULL-FLAG,CAMARILLA,CPR,DAILY-BIAS,DBL-BTM,FIRST-CANDLE,ORB-30,PDH-PDL,REL-STR,SR-BREAK,STOCHASTIC,VPOC",12,12.0,VPOC,VPOC: breakout above VAH=113.34,09:20,114.5604081632653,TARGET_HIT,EXACT_WIN,4643.82,0.93,60.0,MEDIUM
2023-01-18,PIIND,SHORT,10:15,3257.3,153,498366.9,3286.25,3199.4000000000005,2.0,"ADX-FILTER,BEAR-ENGULF,CAMARILLA,DAILY-BIAS,FAILED-BO,FIRST-CANDLE,MACD,ORB-15,ORB-30,PIN-BAR,REL-STR,SR-BREAK,STOCHASTIC,SUPERTREND,VPOC",15,15.0,ORB-15,ORB-15: breakdown below 3257.30,15:15,3252.35,TIME_EXIT,WIN,31.1,0.01,60.0,MEDIUM
2023-01-19,NATIONALUM,LONG,09:45,83.66877551020409,5975,499920.93,83.21897959183673,84.63040816326532,2.14,"BOLLINGER,CAMARILLA,DAILY-BIAS,DBL-BTM,EMA-CROSS,FIRST-CANDLE,MACD,ORB-15,ORB-30,PDH-PDL,PIN-BAR,REL-STR,SR-BREAK,STOCHASTIC,VPOC",15,15.0,VPOC,VPOC: breakout above VAH=83.67,11:45,84.63040816326532,TARGET_HIT,EXACT_WIN,5012.4,1.0,60.0,MEDIUM
2023-01-19,PVRINOX,SHORT,09:15,1667.04,299,498444.96,1676.46,1648.1999999999998,2.0,"ADX-FILTER,CPR,DAILY-BIAS,FAILED-BO,FIRST-CANDLE,OPEN-WEAK,PDH-PDL,PIN-BAR,REL-STR,RSI-EXT,SR-BREAK,STOCHASTIC,VPOC,VWAP-STDDEV",14,14.0,SR-BREAK,SR-BREAK: breakdown below support 1667.04,09:30,1648.1999999999998,TARGET_HIT,EXACT_WIN,4909.59,0.98,60.0,MEDIUM
2023-01-20,GAIL,LONG,09:20,86.387,5787,499921.57,86.1285,87.42099999999999,4.0,"ASC-TRI,CAMARILLA,CPR,DAILY-BIAS,DBL-BTM,EMA-CROSS,FIRST-CANDLE,MACD,ORB-15,ORB-30,PDH-PDL,REL-STR,SR-BREAK,STOCHASTIC,VPOC",15,15.0,CAMARILLA,CAMARILLA: breakout above H4=86.39,12:30,87.42099999999999,TARGET_HIT,EXACT_WIN,5250.22,1.05,60.0,MEDIUM
2023-01-20,PVRINOX,SHORT,12:50,1646.25,303,498813.75,1710.0,1518.75,2.0,"BOLLINGER,CAMARILLA,DAILY-BIAS,DBL-TOP,FIRST-CANDLE,INTRADAY-STRUCT,MACD,ORB-30,PIN-BAR,REL-STR,SR-BREAK,SUPERTREND",12,12.0,ORB-30,ORB-30: breakdown below 1646.25,15:15,1613.0,TIME_EXIT,WIN,9353.22,1.88,60.0,MEDIUM
2023-01-23,MFSL,LONG,10:30,838.0,596,499448.0,829.1,855.8,2.0,"ADX-FILTER,BULL-FLAG,CAMARILLA,DAILY-BIAS,FIRST-CANDLE,MACD,ORB-15,PDH-PDL,PIN-BAR,REL-STR,SR-BREAK,STOCHASTIC,SUPERTREND,VPOC",14,14.0,ORB-15,ORB-15: breakout above 838.00 (range=8.90),15:15,843.1,TIME_EXIT,WIN,2309.04,0.46,60.0,MEDIUM
2023-01-23,DIVISLAB,SHORT,09:35,3362.53125,148,497654.62,3380.0625,3327.46875,2.0,"ADX-FILTER,BEAR-ENGULF,BOLLINGER,CAMARILLA,DAILY-BIAS,FAILED-BO,INTRADAY-STRUCT,MACD,OPEN-WEAK,PIN-BAR,RSI-EXT,STOCHASTIC,VPOC,VWAP-STDDEV",14,14.0,CAMARILLA,"CAMARILLA: reversal at H3=3362.53, target L3=3327.47",11:15,3380.0625,STOP_HIT,LOSS,-3321.82,-0.67,60.0,MEDIUM
2023-01-24,CHOLAFIN,LONG,09:25,719.1049999999999,695,499777.97,716.0525,731.3149999999997,4.0,"CAMARILLA,CPR,DBL-BTM,FIRST-CANDLE,ORB-15,ORB-30,PDH-PDL,PIN-BAR,REL-STR,SR-BREAK,STOCHASTIC,VPOC",12,12.0,CAMARILLA,CAMARILLA: breakout above H4=719.10,09:35,716.0525,STOP_HIT,LOSS,-2848.42,-0.57,60.0,MEDIUM
2023-01-24,AMBUJACEM,SHORT,09:15,504.1,991,499563.1,530.654,426.6,2.92,"BOLLINGER,CAMARILLA,DAILY-BIAS,DBL-TOP,DESC-TRI,FAILED-BO,INTRADAY-STRUCT,MACD,PIN-BAR,SR-BREAK,STOCHASTIC,SUPERTREND,VPOC,VWAP-STDDEV",14,14.0,DESC-TRI,Descending Triangle: breakdown below support 508.05,15:15,499.05,TIME_EXIT,WIN,4279.1,0.86,60.0,MEDIUM
2023-01-25,ITC,LONG,10:00,279.5,1788,499746.0,277.95,282.6,2.0,"ADX-FILTER,BOLLINGER,CAMARILLA,DAILY-BIAS,DBL-BTM,EMA-CROSS,FIRST-CANDLE,MACD,ORB-15,ORB-30,PIN-BAR,SR-BREAK,SUPERTREND,VPOC,VWAP-STDDEV",15,15.0,ORB-15,ORB-15: breakout above 279.50 (range=1.55),10:55,277.95,STOP_HIT,LOSS,-3497.77,-0.7,60.0,MEDIUM
2023-01-25,NESTLEIND,SHORT,13:55,959.2,521,499743.2,967.4,942.8000000000002,2.0,"ADX-FILTER,BEAR-ENGULF,BOLLINGER,CPR,DAILY-BIAS,DBL-TOP,FIRST-CANDLE,MACD,ORB-15,ORB-30,SR-BREAK,STOCHASTIC,SUPERTREND,VWAP-STDDEV",14,14.0,ORB-15,ORB-15: breakdown below 959.20,15:15,961.5,TIME_EXIT,LOSS,-1927.54,-0.39,60.0,MEDIUM
2023-01-27,KPITTECH,LONG,09:35,713.25,701,499988.25,703.7,732.3499999999999,2.0,"BOLLINGER,DAILY-BIAS,FIRST-CANDLE,MACD,ORB-15,PDH-PDL,REL-STR,RSI-EXT,SR-BREAK,STOCHASTIC,VPOC,VWAP-REV,VWAP-STDDEV",13,13.0,ORB-15,ORB-15: breakout above 713.25 (range=9.55),12:25,703.7,STOP_HIT,LOSS,-7418.14,-1.48,60.0,MEDIUM
2023-01-27,BAJFINANCE,SHORT,09:15,583.0,857,499631.0,609.03,502.0,3.11,"BEAR-FLAG,BOLLINGER,CAMARILLA,DAILY-BIAS,DESC-TRI,FAILED-BO,MACD,ORB-15,ORB-30,PDH-PDL,PIN-BAR,SR-BREAK,SUPERTREND",13,13.0,DESC-TRI,Descending Triangle: breakdown below support 587.00,15:15,576.0,TIME_EXIT,WIN,5274.02,1.06,60.0,MEDIUM
2023-01-30,ITC,LONG,09:30,285.75612244897957,1749,499787.46,285.34183673469386,287.7683673469387,4.86,"CAMARILLA,DAILY-BIAS,DBL-BTM,EMA-CROSS,FIRST-CANDLE,ORB-15,PDH-PDL,PIN-BAR,REL-STR,SR-BREAK,STOCHASTIC,SUPERTREND,VPOC,VWAP-STDDEV",14,14.0,VPOC,VPOC: breakout above VAH=285.76,09:35,287.7683673469387,TARGET_HIT,EXACT_WIN,2788.01,0.56,60.0,MEDIUM
2023-01-30,GAIL,SHORT,13:50,87.0,5747,499989.0,88.21,84.58000000000001,2.0,"BOLLINGER,FIRST-CANDLE,MACD,ORB-15,ORB-30,PDH-PDL,REL-STR,RISE-WEDGE,SR-BREAK,STOCHASTIC,SUPERTREND,VPOC",12,12.0,ORB-15,ORB-15: breakdown below 87.00,14:00,84.58000000000001,TARGET_HIT,EXACT_WIN,13186.8,2.64,60.0,MEDIUM
2023-01-31,UPL,LONG,09:25,723.37,691,499848.67,719.96,737.0100000000001,4.0,"CAMARILLA,CPR,DAILY-BIAS,DBL-BTM,FIRST-CANDLE,ORB-30,PDH-PDL,PIN-BAR,REL-STR,SR-BREAK,STOCHASTIC,VPOC",12,12.0,CAMARILLA,CAMARILLA: breakout above H4=723.37,15:15,729.25,TIME_EXIT,WIN,3331.16,0.67,60.0,MEDIUM
2023-01-31,UNITDSPR,SHORT,09:35,758.0,659,499522.0,768.95,736.0999999999999,2.0,"BOLLINGER,CPR,DAILY-BIAS,FIRST-CANDLE,MACD,ORB-15,PDH-PDL,PIN-BAR,REL-STR,RSI-EXT,SR-BREAK,STOCHASTIC,VWAP-STDDEV",13,13.0,ORB-15,ORB-15: breakdown below 758.00,13:35,768.95,STOP_HIT,LOSS,-7948.43,-1.59,60.0,MEDIUM
2023-02-01,HEROMOTOCO,LONG,12:35,2640.35,189,499026.15,2604.6,2711.85,2.0,"ASC-TRI,DAILY-BIAS,DBL-BTM,EMA-CROSS,FIRST-CANDLE,ORB-15,ORB-30,PDH-PDL,REL-STR,SR-BREAK,STOCHASTIC,VPOC,VWAP-REV,VWAP-STDDEV",14,14.0,ORB-15,ORB-15: breakout above 2640.35 (range=35.75),13:25,2604.6,STOP_HIT,LOSS,-7478.98,-1.5,60.0,MEDIUM
2023-02-01,NESTLEIND,SHORT,12:20,953.1,524,499424.4,958.8,941.7000000000002,2.0,"BEAR-ENGULF,BOLLINGER,CAMARILLA,DAILY-BIAS,FIRST-CANDLE,MACD,ORB-15,ORB-30,PIN-BAR,RSI-EXT,SR-BREAK,SUPERTREND,VPOC",13,13.0,ORB-15,ORB-15: breakdown below 953.10,15:15,955.0,TIME_EXIT,LOSS,-1724.29,-0.35,60.0,MEDIUM
2023-02-02,KPITTECH,LONG,10:20,772.0,647,499484.0,740.85,834.3,2.0,"DAILY-BIAS,EMA-CROSS,FIRST-CANDLE,ORB-15,ORB-30,PDH-PDL,PIN-BAR,REL-STR,SR-BREAK,STOCHASTIC,VOL-SPIKE,VPOC",12,12.0,ORB-15,ORB-15: breakout above 772.00 (range=31.15),15:15,787.25,TIME_EXIT,WIN,9130.73,1.83,60.0,MEDIUM
2023-02-02,VBL,SHORT,11:30,228.9,2184,499917.6,235.4,215.9,2.0,"ADX-FILTER,DAILY-BIAS,FIRST-CANDLE,MACD,ORB-15,ORB-30,PDH-PDL,PIN-BAR,REL-STR,SR-BREAK,STOCHASTIC,SUPERTREND,VPOC",13,13.0,ORB-15,ORB-15: breakdown below 228.90,15:15,230.7,TIME_EXIT,LOSS,-4662.25,-0.93,60.0,MEDIUM
2023-02-03,DRREDDY,LONG,09:15,875.4622448979592,571,499888.94,873.9423469387755,889.9857142857143,9.56,"ADX-FILTER,ASC-TRI,CAMARILLA,DAILY-BIAS,DBL-BTM,FIRST-CANDLE,PDH-PDL,PIN-BAR,REL-STR,SR-BREAK,STOCHASTIC,VPOC,VWAP-REV",13,13.0,VPOC,VPOC: breakout above VAH=875.46,11:25,873.9423469387755,STOP_HIT,LOSS,-1595.93,-0.32,60.0,MEDIUM
2023-02-03,MAXHEALTH,SHORT,09:55,433.2,1154,499912.8,441.4,416.8,2.0,"CPR,DAILY-BIAS,FIRST-CANDLE,MACD,ORB-15,ORB-30,PDH-PDL,PIN-BAR,REL-STR,SR-BREAK,STOCHASTIC,SUPERTREND,VWAP-REV,VWAP-STDDEV",14,14.0,ORB-15,ORB-15: breakdown below 433.20,15:15,436.85,TIME_EXIT,LOSS,-4943.3,-0.99,60.0,MEDIUM
2023-02-06,PERSISTENT,LONG,09:35,2422.5,206,499035.0,2387.5,2492.5,2.0,"BOLLINGER,BULL-FLAG,CAMARILLA,DAILY-BIAS,EMA-CROSS,FIRST-CANDLE,MACD,ORB-15,ORB-30,PDH-PDL,PIN-BAR,REL-STR,SR-BREAK,STOCHASTIC,SUPERTREND,VPOC",16,16.0,ORB-15,ORB-15: breakout above 2422.50 (range=35.00),15:15,2417.2,TIME_EXIT,LOSS,-1818.53,-0.36,60.0,MEDIUM
2023-02-06,TATACONSUM,SHORT,09:15,719.6,694,499402.4,746.5920000000001,657.5250000000002,2.3,"ADX-FILTER,BOLLINGER,CAMARILLA,DAILY-BIAS,DBL-TOP,DESC-TRI,FIRST-CANDLE,MACD,PIN-BAR,REL-STR,SR-BREAK,STOCHASTIC,SUPERTREND,VWAP-STDDEV",14,14.0,DESC-TRI,Descending Triangle: breakdown below support 722.71,15:15,721.25,TIME_EXIT,LOSS,-1873.85,-0.38,60.0,MEDIUM
2023-02-07,PAYTM,LONG,09:20,568.1824999999999,879,499432.42,562.3662499999999,591.4474999999998,4.0,"CAMARILLA,CPR,DAILY-BIAS,DBL-BTM,FIRST-CANDLE,ORB-15,ORB-30,PDH-PDL,REL-STR,SR-BREAK,STOCHASTIC,VOL-SPIKE,VPOC",13,13.0,CAMARILLA,CAMARILLA: breakout above H4=568.18,10:00,591.4474999999998,TARGET_HIT,EXACT_WIN,19705.61,3.95,60.0,MEDIUM
2023-02-07,TATACONSUM,SHORT,09:55,721.1,693,499722.3,724.8562499999999,712.15,2.38,"ADX-FILTER,BOLLINGER,CAMARILLA,DAILY-BIAS,DBL-TOP,DESC-TRI,FAILED-BO,FIRST-CANDLE,INTRADAY-STRUCT,MACD,ORB-15,ORB-30,PIN-BAR,SR-BREAK,SUPERTREND",15,15.0,FAILED-BO,"Failed BO: bull trap above 723.50, reversed on vol 1.5×",15:15,719.3,TIME_EXIT,WIN,519.58,0.1,60.0,MEDIUM
2023-02-08,KPITTECH,LONG,09:15,785.8824999999999,636,499821.27,781.44125,803.6474999999998,4.0,"CAMARILLA,DAILY-BIAS,EMA-CROSS,FIRST-CANDLE,INTRADAY-STRUCT,MACD,ORB-15,ORB-30,PDH-PDL,SR-BREAK,STOCHASTIC,SUPERTREND,VPOC",13,13.0,CAMARILLA,CAMARILLA: breakout above H4=785.88,09:30,781.44125,STOP_HIT,LOSS,-3551.07,-0.71,60.0,MEDIUM
2023-02-08,ONGC,SHORT,11:25,130.25,3838,499899.5,131.052,128.55,2.12,"ADX-FILTER,BEAR-ENGULF,BOLLINGER,CAMARILLA,DAILY-BIAS,DBL-TOP,FAILED-BO,MACD,ORB-15,ORB-30,PIN-BAR,REL-STR,RSI-EXT,SUPERTREND",14,14.0,BEAR-ENGULF,"Bear Engulf at resistance 131.00, vol 1.9×",15:15,129.95,TIME_EXIT,WIN,423.29,0.08,60.0,MEDIUM
2023-02-09,HCLTECH,LONG,11:05,1148.35,435,499532.25,1114.641,1271.1999999999998,3.64,"ASC-TRI,BOLLINGER,CAMARILLA,DAILY-BIAS,FIRST-CANDLE,MACD,ORB-15,ORB-30,PDH-PDL,PIN-BAR,RSI-EXT,SR-BREAK,SUPERTREND,VPOC",14,14.0,ASC-TRI,Ascending Triangle: breakout above resistance 1148.22,15:15,1148.0,TIME_EXIT,LOSS,-880.4,-0.18,60.0,MEDIUM
2023-02-09,COALINDIA,SHORT,11:45,199.7,2503,499849.1,201.85,195.39999999999998,2.0,"ADX-FILTER,BEAR-ENGULF,BOLLINGER,CAMARILLA,DAILY-BIAS,FIRST-CANDLE,MACD,ORB-15,ORB-30,PDH-PDL,PIN-BAR,SR-BREAK,SUPERTREND",13,13.0,ORB-15,ORB-15: breakdown below 199.70,15:15,199.85,TIME_EXIT,LOSS,-1104.37,-0.22,60.0,MEDIUM
2023-02-10,BANKINDIA,LONG,09:40,75.14,6654,499981.56,74.53,76.36,2.0,"BOLLINGER,CAMARILLA,EMA-CROSS,FIRST-CANDLE,MACD,ORB-15,ORB-30,PDH-PDL,REL-STR,SR-BREAK,STOCHASTIC,SUPERTREND,VPOC",13,13.0,ORB-15,ORB-15: breakout above 75.14 (range=0.61),09:50,76.36,TARGET_HIT,EXACT_WIN,7382.57,1.48,60.0,MEDIUM
2023-02-10,INDIGO,SHORT,09:15,2046.13625,244,499257.24,2054.3725,2029.6637500000002,2.0,"ADX-FILTER,BEAR-ENGULF,BOLLINGER,CAMARILLA,DAILY-BIAS,DBL-TOP,FAILED-BO,MACD,PDH-PDL,PIN-BAR,STOCHASTIC,VPOC,VWAP-STDDEV",13,13.0,CAMARILLA,"CAMARILLA: reversal at H3=2046.14, target L3=2029.66",15:15,2043.35,TIME_EXIT,LOSS,-47.66,-0.01,60.0,MEDIUM
2023-02-13,POLICYBZR,LONG,09:15,538.615,928,499834.72,527.8075,581.845,4.0,"CAMARILLA,CPR,DAILY-BIAS,GAP-CONT,MACD,PDH-PDL,REL-STR,SR-BREAK,STOCHASTIC,VOL-SPIKE,VPOC,VWAP-REV,VWAP-STDDEV",13,13.0,CAMARILLA,CAMARILLA: breakout above H4=538.62,10:00,527.8075,STOP_HIT,LOSS,-10750.1,-2.15,60.0,MEDIUM
2023-02-13,IRFC,SHORT,12:05,30.1,16611,499991.1,30.45,29.400000000000006,2.0,"ADX-FILTER,BEAR-ENGULF,CAMARILLA,DAILY-BIAS,DBL-TOP,FAILED-BO,FIRST-CANDLE,INTRADAY-STRUCT,MACD,ORB-15,ORB-30,PDH-PDL,SR-BREAK,SUPERTREND",14,14.0,ORB-15,ORB-15: breakdown below 30.10,15:15,30.0,TIME_EXIT,WIN,933.15,0.19,60.0,MEDIUM
2023-02-14,M&MFIN,LONG,13:50,240.9,2075,499867.5,237.4,247.9,2.0,"ADX-FILTER,BOLLINGER,CAMARILLA,DAILY-BIAS,INTRADAY-STRUCT,MACD,ORB-15,ORB-30,PIN-BAR,RSI-EXT,SUPERTREND,VPOC,VWAP-STDDEV",13,13.0,ORB-15,ORB-15: breakout above 240.90 (range=3.50),15:15,242.95,TIME_EXIT,WIN,3521.65,0.7,60.0,MEDIUM
2023-02-14,RVNL,SHORT,09:35,69.0,7246,499974.0,72.31,62.379999999999995,2.0,"ADX-FILTER,DAILY-BIAS,FAILED-BO,INTRADAY-STRUCT,OPEN-WEAK,PDH-PDL,PIN-BAR,REL-STR,RSI-EXT,SR-BREAK,STOCHASTIC,VWAP-REV,VWAP-STDDEV",13,13.0,SR-BREAK,SR-BREAK: breakdown below support 69.00,15:15,69.85,TIME_EXIT,LOSS,-6891.5,-1.38,60.0,MEDIUM
2023-02-15,MPHASIS,LONG,09:15,2039.8,245,499751.0,1984.851,2213.45,3.16,"ASC-TRI,BOLLINGER,CAMARILLA,DAILY-BIAS,FIRST-CANDLE,INTRADAY-STRUCT,MACD,ORB-15,ORB-30,PDH-PDL,RSI-EXT,SR-BREAK,STOCHASTIC,SUPERTREND,VPOC",15,15.0,ASC-TRI,Ascending Triangle: breakout above resistance 2037.62,15:15,2062.5,TIME_EXIT,WIN,4828.53,0.97,60.0,MEDIUM
2023-02-15,INDIGO,SHORT,11:35,2021.15,247,499224.05,2038.2404999999997,1960.5155,3.55,"DAILY-BIAS,DBL-TOP,FAILED-BO,FIRST-CANDLE,OPEN-WEAK,ORB-15,ORB-30,PDH-PDL,PIN-BAR,REL-STR,SR-BREAK,STOCHASTIC",12,12.0,FAILED-BO,"Failed BO: bull trap above 2035.95, reversed on vol 1.4×",15:15,1990.45,TIME_EXIT,WIN,6859.38,1.37,60.0,MEDIUM
2023-02-16,MPHASIS,LONG,09:15,2088.7799999999997,239,499218.42,2075.69,2141.1399999999994,4.0,"ASC-TRI,CAMARILLA,DAILY-BIAS,DBL-BTM,FIRST-CANDLE,ORB-15,ORB-30,PDH-PDL,REL-STR,SR-BREAK,STOCHASTIC,VOL-SPIKE,VPOC",13,13.0,CAMARILLA,CAMARILLA: breakout above H4=2088.78,10:00,2141.1399999999994,TARGET_HIT,EXACT_WIN,11776.29,2.36,60.0,MEDIUM
2023-02-16,PAYTM,SHORT,12:35,644.55,775,499526.25,648.9285,634.0,2.41,"BEAR-ENGULF,BOLLINGER,CAMARILLA,FIRST-CANDLE,INTRADAY-STRUCT,MACD,PDH-PDL,PIN-BAR,REL-STR,RSI-EXT,SR-BREAK,STOCHASTIC,SUPERTREND,VPOC",14,14.0,BEAR-ENGULF,"Bear Engulf at resistance 649.70, vol 2.0×",15:00,634.0,TARGET_HIT,EXACT_WIN,7452.66,1.49,60.0,MEDIUM
2023-02-17,LT,LONG,09:30,2183.8,228,497906.4,2160.1,2231.2000000000007,2.0,"ASC-TRI,BOLLINGER,CAMARILLA,DAILY-BIAS,DBL-BTM,FIRST-CANDLE,MACD,ORB-15,ORB-30,PIN-BAR,REL-STR,SR-BREAK,STOCHASTIC,SUPERTREND,VPOC",15,15.0,ORB-15,ORB-15: breakout above 2183.80 (range=23.70),11:20,2231.2000000000007,TARGET_HIT,EXACT_WIN,10072.59,2.02,60.0,MEDIUM
2023-02-17,APOLLOTYRE,SHORT,09:30,334.6,1494,499892.4,337.3785,327.75,2.47,"BEAR-ENGULF,CAMARILLA,FAILED-BO,FIRST-CANDLE,MACD,ORB-15,ORB-30,PIN-BAR,SR-BREAK,SUPERTREND,VPOC",11,11.0,BEAR-ENGULF,"Bear Engulf at resistance 335.70, vol 1.7×",15:15,330.65,TIME_EXIT,WIN,5175.91,1.04,60.0,MEDIUM
2023-02-20,ULTRACEMCO,LONG,12:00,7428.615000000001,67,497717.21,7368.8575,7667.645000000001,4.0,"ASC-TRI,BULL-FLAG,CAMARILLA,CPR,DAILY-BIAS,DBL-BTM,EMA-CROSS,FIRST-CANDLE,ORB-15,ORB-30,PDH-PDL,SR-BREAK,STOCHASTIC,VPOC",14,14.0,CAMARILLA,CAMARILLA: breakout above H4=7428.62,15:15,7425.0,TIME_EXIT,LOSS,-967.81,-0.19,60.0,MEDIUM
2023-02-20,UNIONBANK,SHORT,09:30,64.76,7479,484340.04,68.7709,52.32499999999999,3.1,"CAMARILLA,DAILY-BIAS,DESC-TRI,FIRST-CANDLE,MACD,PDH-PDL,PIN-BAR,REL-STR,SR-BREAK,STOCHASTIC,SUPERTREND,VPOC",12,12.0,DESC-TRI,Descending Triangle: breakdown below support 64.95,15:15,64.61,TIME_EXIT,WIN,414.93,0.09,60.0,MEDIUM
2023-02-21,DEEPAKNTR,LONG,09:40,1833.145,272,498615.44,1821.0725,1881.435,4.0,"CAMARILLA,CPR,DBL-BTM,EMA-CROSS,FIRST-CANDLE,MACD,ORB-15,ORB-30,PDH-PDL,PIN-BAR,REL-STR,SR-BREAK,STOCHASTIC,SUPERTREND,VPOC,VWAP-STDDEV",16,16.0,CAMARILLA,CAMARILLA: breakout above H4=1833.14,12:35,1821.0725,STOP_HIT,LOSS,-4008.14,-0.8,60.0,MEDIUM
2023-02-21,TCS,SHORT,12:30,3491.05,143,499220.15,3508.9,3455.3500000000004,2.0,"BOLLINGER,CAMARILLA,FIRST-CANDLE,INTRADAY-STRUCT,MACD,ORB-15,ORB-30,PDH-PDL,PIN-BAR,RSI-EXT,SR-BREAK,STOCHASTIC,SUPERTREND,VPOC",14,14.0,ORB-15,ORB-15: breakdown below 3491.05,14:55,3455.3500000000004,TARGET_HIT,EXACT_WIN,4380.17,0.88,60.0,MEDIUM
2023-02-22,POLYCAB,LONG,09:25,3046.142857142857,164,499567.43,3041.528571428571,3064.5999999999995,4.0,"BOLLINGER,CAMARILLA,DAILY-BIAS,EMA-CROSS,FIRST-CANDLE,MACD,ORB-15,PIN-BAR,REL-STR,RSI-EXT,SR-BREAK,SUPERTREND,VPOC,VWAP-STDDEV",14,14.0,VPOC,VPOC: breakout above VAH=3046.14,09:30,3064.5999999999995,TARGET_HIT,EXACT_WIN,2296.25,0.46,60.0,MEDIUM
2023-02-22,CHOLAFIN,SHORT,09:50,767.05,651,499349.55,774.05,753.05,2.0,"CPR,DBL-TOP,FIRST-CANDLE,MACD,ORB-15,ORB-30,PDH-PDL,PIN-BAR,REL-STR,SR-BREAK,SUPERTREND,VPOC",12,12.0,ORB-15,ORB-15: breakdown below 767.05,15:15,765.2,TIME_EXIT,WIN,477.02,0.1,60.0,MEDIUM
2023-02-23,ETERNAL,LONG,10:00,54.212500000000006,9222,499947.68,53.456250000000004,57.23750000000001,4.0,"CAMARILLA,DAILY-BIAS,FIRST-CANDLE,MACD,ORB-30,PDH-PDL,PIN-BAR,REL-STR,SR-BREAK,STOCHASTIC,SUPERTREND,VPOC",12,12.0,CAMARILLA,CAMARILLA: breakout above H4=54.21,15:15,54.95,TIME_EXIT,WIN,6067.0,1.21,60.0,MEDIUM
2023-02-23,MAZDOCK,SHORT,09:30,355.05,1408,499910.4,363.4205265924112,338.30894681517765,2.0,"ADX-FILTER,CAMARILLA,DAILY-BIAS,FIRST-CANDLE,MACD,PDH-PDL,PIN-BAR,REL-STR,SR-BREAK,STOCHASTIC,SUPERTREND,VPOC",12,12.0,SUPERTREND,"SUPERTREND: flipped bearish, ST=362.70",15:15,354.65,TIME_EXIT,LOSS,-165.27,-0.03,60.0,MEDIUM
2023-02-24,ZEEL,LONG,09:15,184.14,2715,499940.1,180.45719999999997,195.11,2.98,"BOLLINGER,CAMARILLA,CPR,EMA-CROSS,FIRST-CANDLE,GAP-FADE,MACD,ORB-15,ORB-30,PDH-PDL,PIN-BAR,REL-STR,SUPERTREND,VPOC,VWAP-STDDEV",15,15.0,GAP-FADE,"GAP-FADE: gap-down -5.6%, fading back to 195.11",12:10,195.11,TARGET_HIT,EXACT_WIN,29031.14,5.81,60.0,MEDIUM
2023-02-24,HDFCBANK,SHORT,10:40,802.1,623,499708.3,809.0,788.3000000000001,2.0,"ADX-FILTER,CAMARILLA,DAILY-BIAS,DBL-TOP,FIRST-CANDLE,INTRADAY-STRUCT,MACD,ORB-15,ORB-30,PDH-PDL,PIN-BAR,REL-STR,SR-BREAK,STOCHASTIC,SUPERTREND,VPOC",16,16.0,ORB-15,ORB-15: breakdown below 802.10,15:15,795.7,TIME_EXIT,WIN,3260.97,0.65,60.0,MEDIUM
2023-02-27,NTPC,LONG,09:15,171.1265306122449,2921,499860.6,170.88775510204079,172.81632653061223,7.08,"ADX-FILTER,CAMARILLA,CPR,DAILY-BIAS,FIRST-CANDLE,INTRADAY-STRUCT,PDH-PDL,PIN-BAR,REL-STR,SR-BREAK,STOCHASTIC,VPOC,VWAP-STDDEV",13,13.0,VPOC,VPOC: breakout above VAH=171.13,09:20,172.81632653061223,TARGET_HIT,EXACT_WIN,4203.27,0.84,60.0,MEDIUM
2023-02-27,TITAN,SHORT,11:30,2383.35,209,498120.15,2412.0,2326.0499999999997,2.0,"BOLLINGER,CAMARILLA,DAILY-BIAS,DBL-TOP,FIRST-CANDLE,INTRADAY-STRUCT,MACD,ORB-30,PDH-PDL,SR-BREAK,STOCHASTIC,SUPERTREND,VPOC",13,13.0,ORB-30,ORB-30: breakdown below 2383.35,15:15,2402.65,TIME_EXIT,LOSS,-4762.35,-0.96,60.0,MEDIUM
2023-02-28,APLAPOLLO,LONG,11:50,1245.4,401,499405.4,1225.55,1285.1000000000004,2.0,"ADX-FILTER,BOLLINGER,CAMARILLA,DAILY-BIAS,EMA-CROSS,FIRST-CANDLE,MACD,ORB-30,PDH-PDL,RSI-EXT,STOCHASTIC,SUPERTREND,VWAP-REV",13,13.0,ORB-30,ORB-30: breakout above 1245.40 (range=19.85),13:20,1225.55,STOP_HIT,LOSS,-8681.65,-1.74,60.0,MEDIUM
2023-02-28,AMBUJACEM,SHORT,09:50,335.45,1490,499820.5,339.18749999999994,326.05,2.52,"ADX-FILTER,CAMARILLA,DAILY-BIAS,FAILED-BO,FIRST-CANDLE,INTRADAY-STRUCT,MACD,PDH-PDL,SR-BREAK,STOCHASTIC,SUPERTREND,VWAP-REV",12,12.0,FAILED-BO,"Failed BO: bull trap above 336.50, reversed on vol 1.7×",10:25,339.18749999999994,STOP_HIT,LOSS,-6300.72,-1.26,60.0,MEDIUM
2023-03-01,BHEL,LONG,09:25,70.00510204081633,7142,499976.44,69.60714285714286,72.14795918367346,5.38,"ADX-FILTER,CAMARILLA,FIRST-CANDLE,INTRADAY-STRUCT,ORB-15,ORB-30,PDH-PDL,PIN-BAR,REL-STR,SR-BREAK,STOCHASTIC,SUPERTREND,VPOC",13,13.0,VPOC,VPOC: breakout above VAH=70.01,11:05,72.14795918367346,TARGET_HIT,EXACT_WIN,14563.29,2.91,60.0,MEDIUM
2023-03-01,BIOCON,SHORT,09:25,231.65,2158,499900.7,233.81324999999998,223.3,3.86,"ADX-FILTER,BEAR-ENGULF,BOLLINGER,CAMARILLA,DAILY-BIAS,DBL-TOP,FAILED-BO,MACD,PIN-BAR,REL-STR,VPOC",11,11.0,FAILED-BO,"Failed BO: bull trap above 231.95, reversed on vol 3.1×",15:15,227.05,TIME_EXIT,WIN,9203.7,1.84,60.0,MEDIUM
2023-03-02,ADANIENT,LONG,09:40,1531.8,326,499366.8,1503.7326530612245,1667.1836734693877,4.82,"BOLLINGER,CAMARILLA,CPR,EMA-CROSS,FIRST-CANDLE,GAP-FADE,MACD,PDH-PDL,PIN-BAR,REL-STR,SR-BREAK,STOCHASTIC,SUPERTREND,VPOC",14,14.0,VPOC,VPOC: breakout above VAH=1531.80,09:55,1503.7326530612245,STOP_HIT,LOSS,-9870.76,-1.98,60.0,MEDIUM
2023-03-02,UNITDSPR,SHORT,09:45,742.1,673,499433.3,746.25,733.8000000000001,2.0,"BEAR-ENGULF,BOLLINGER,CAMARILLA,DAILY-BIAS,DBL-TOP,FAILED-BO,FIRST-CANDLE,MACD,ORB-15,ORB-30,PDH-PDL,RSI-EXT,SR-BREAK,STOCHASTIC,SUPERTREND",15,15.0,ORB-15,ORB-15: breakdown below 742.10,15:15,735.15,TIME_EXIT,WIN,3951.89,0.79,60.0,MEDIUM
2023-03-03,MRF,LONG,09:15,87129.69499999999,5,435648.47,86814.8475,88389.08499999998,4.0,"BOLLINGER,CAMARILLA,EMA-CROSS,FIRST-CANDLE,MACD,PDH-PDL,PIN-BAR,RSI-EXT,SR-BREAK,STOCHASTIC,SUPERTREND,VPOC,VWAP-STDDEV",13,13.0,CAMARILLA,CAMARILLA: breakout above H4=87129.69,12:35,86814.8475,STOP_HIT,LOSS,-2214.16,-0.51,60.0,MEDIUM
2023-03-03,PAGEIND,SHORT,09:15,37722.05,13,490386.65,39026.4,34477.7,2.49,"CAMARILLA,DAILY-BIAS,DBL-TOP,DESC-TRI,FIRST-CANDLE,MACD,ORB-15,ORB-30,PDH-PDL,PIN-BAR,REL-STR,SR-BREAK,STOCHASTIC,SUPERTREND,VPOC",15,15.0,DESC-TRI,Descending Triangle: breakdown below support 37813.85,15:15,37349.8,TIME_EXIT,WIN,4126.21,0.84,60.0,MEDIUM
2023-03-06,TATAPOWER,LONG,09:35,209.48749999999998,2386,499837.17,208.59375,213.06249999999997,4.0,"CAMARILLA,CPR,DAILY-BIAS,DBL-BTM,EMA-CROSS,FIRST-CANDLE,MACD,ORB-15,ORB-30,PDH-PDL,PIN-BAR,SR-BREAK,STOCHASTIC,SUPERTREND,VPOC",15,15.0,CAMARILLA,CAMARILLA: breakout above H4=209.49,15:15,210.35,TIME_EXIT,WIN,1327.61,0.27,60.0,MEDIUM
2023-03-06,PAGEIND,SHORT,09:50,37312.15,13,485057.95,37565.55,36805.35,2.0,"BOLLINGER,CAMARILLA,DAILY-BIAS,DBL-TOP,DESC-TRI,FIRST-CANDLE,MACD,ORB-15,ORB-30,PIN-BAR,REL-STR,SR-BREAK,STOCHASTIC,SUPERTREND,VPOC",15,15.0,ORB-15,ORB-15: breakdown below 37312.15,15:15,37331.1,TIME_EXIT,LOSS,-955.03,-0.2,60.0,MEDIUM
2023-03-08,BHEL,LONG,09:40,74.8,6684,499963.2,74.25,75.89999999999999,2.0,"ADX-FILTER,CAMARILLA,DAILY-BIAS,EMA-CROSS,FIRST-CANDLE,INTRADAY-STRUCT,MACD,ORB-15,ORB-30,PDH-PDL,REL-STR,SR-BREAK,STOCHASTIC,VPOC",14,14.0,ORB-15,ORB-15: breakout above 74.80 (range=0.55),10:30,75.89999999999999,TARGET_HIT,EXACT_WIN,6617.72,1.32,60.0,MEDIUM
2023-03-08,UNITDSPR,SHORT,13:20,746.65,669,499508.85,754.3,731.35,2.0,"ADX-FILTER,DAILY-BIAS,FIRST-CANDLE,OPEN-WEAK,ORB-15,ORB-30,PDH-PDL,PIN-BAR,REL-STR,STOCHASTIC,VWAP-STDDEV",11,11.0,ORB-15,ORB-15: breakdown below 746.65,15:15,751.8,TIME_EXIT,LOSS,-4175.56,-0.84,60.0,MEDIUM
2023-03-09,SBICARD,LONG,09:20,756.6650000000001,660,499398.9,753.5575,769.0950000000001,4.0,"ASC-TRI,CAMARILLA,DBL-BTM,FIRST-CANDLE,ORB-15,ORB-30,PDH-PDL,PIN-BAR,REL-STR,SR-BREAK,VOL-SPIKE,VPOC",12,12.0,CAMARILLA,CAMARILLA: breakout above H4=756.67,09:35,769.0950000000001,TARGET_HIT,EXACT_WIN,7469.21,1.5,60.0,MEDIUM
2023-03-09,SBILIFE,SHORT,10:45,1117.0,447,499299.0,1132.4,1086.1999999999998,2.0,"CPR,DAILY-BIAS,FIRST-CANDLE,INTRADAY-STRUCT,MACD,ORB-15,ORB-30,PDH-PDL,REL-STR,SR-BREAK,STOCHASTIC,SUPERTREND",12,12.0,ORB-15,ORB-15: breakdown below 1117.00,15:15,1098.35,TIME_EXIT,WIN,7613.36,1.52,60.0,MEDIUM
2023-03-10,GRASIM,LONG,10:15,1586.7,315,499810.5,1578.7,1602.7,2.0,"BOLLINGER,CAMARILLA,EMA-CROSS,FIRST-CANDLE,INTRADAY-STRUCT,MACD,ORB-15,ORB-30,PIN-BAR,REL-STR,SR-BREAK,STOCHASTIC,SUPERTREND,VPOC",14,14.0,ORB-15,ORB-15: breakout above 1586.70 (range=8.00),15:15,1589.0,TIME_EXIT,LOSS,-4.73,-0.0,60.0,MEDIUM
2023-03-10,APOLLOTYRE,SHORT,09:15,312.52,1599,499719.48,314.97,307.6199999999999,2.0,"ADX-FILTER,DAILY-BIAS,DBL-TOP,FIRST-CANDLE,OPEN-WEAK,PDH-PDL,REL-STR,SR-BREAK,STOCHASTIC,VWAP-STDDEV",10,10.0,SR-BREAK,SR-BREAK: breakdown below support 312.52,09:20,307.6199999999999,TARGET_HIT,EXACT_WIN,7111.05,1.42,60.0,MEDIUM
2023-03-13,DRREDDY,LONG,09:15,880.8000000000001,567,499413.6,879.9000000000001,885.9428571428573,5.71,"ADX-FILTER,BOLLINGER,CAMARILLA,EMA-CROSS,FIRST-CANDLE,MACD,PIN-BAR,SR-BREAK,SUPERTREND,VPOC",10,10.0,VPOC,VPOC: breakout above VAH=880.80,09:30,879.9000000000001,STOP_HIT,LOSS,-1238.01,-0.25,60.0,MEDIUM
2023-03-13,RELIANCE,SHORT,12:40,1107.4,451,499437.4,1117.15,1087.9,2.0,"BOLLINGER,CAMARILLA,DAILY-BIAS,DBL-TOP,FAILED-BO,INTRADAY-STRUCT,MACD,ORB-30,PDH-PDL,PIN-BAR,RSI-EXT,SR-BREAK,SUPERTREND",13,13.0,ORB-30,ORB-30: breakdown below 1107.40,14:35,1087.9,TARGET_HIT,EXACT_WIN,8071.38,1.62,60.0,MEDIUM
2023-03-14,UNITDSPR,LONG,09:30,762.8149999999999,655,499643.82,759.1575,777.4449999999998,4.0,"ADX-FILTER,CAMARILLA,FIRST-CANDLE,INTRADAY-STRUCT,PDH-PDL,PIN-BAR,REL-STR,SR-BREAK,STOCHASTIC,VPOC",10,10.0,CAMARILLA,CAMARILLA: breakout above H4=762.81,15:15,768.6,TIME_EXIT,WIN,3057.75,0.61,60.0,MEDIUM
2023-03-14,DRREDDY,SHORT,13:35,875.0,571,499625.0,884.2,856.5999999999999,2.0,"BEAR-ENGULF,BOLLINGER,CAMARILLA,DAILY-BIAS,FAILED-BO,FIRST-CANDLE,MACD,ORB-15,ORB-30,PDH-PDL,PIN-BAR,RSI-EXT,SR-BREAK,STOCHASTIC,SUPERTREND,VPOC",16,16.0,ORB-15,ORB-15: breakdown below 875.00,15:15,870.35,TIME_EXIT,WIN,1928.27,0.39,60.0,MEDIUM
2023-03-15,IEX,LONG,09:15,145.61020408163265,3433,499879.83,145.32448979591834,148.5489795918367,10.29,"BULL-FLAG,CAMARILLA,DAILY-BIAS,DBL-BTM,FIRST-CANDLE,GAP-CONT,ORB-15,ORB-30,PDH-PDL,PIN-BAR,REL-STR,SR-BREAK,STOCHASTIC,VOL-SPIKE,VPOC",15,15.0,VPOC,VPOC: breakout above VAH=145.61,09:20,148.5489795918367,TARGET_HIT,EXACT_WIN,9352.08,1.87,60.0,MEDIUM
2023-03-15,WIPRO,SHORT,09:55,182.4,2741,499958.4,183.35,180.50000000000003,2.0,"BOLLINGER,CAMARILLA,DAILY-BIAS,DBL-TOP,FIRST-CANDLE,INTRADAY-STRUCT,MACD,ORB-15,ORB-30,PDH-PDL,REL-STR,RSI-EXT,SR-BREAK,SUPERTREND,VPOC",15,15.0,ORB-15,ORB-15: breakdown below 182.40,12:50,180.50000000000003,TARGET_HIT,EXACT_WIN,4482.02,0.9,60.0,MEDIUM
2023-03-16,BPCL,LONG,09:15,144.59000000000003,3458,499992.22,143.82000000000002,147.67000000000007,4.0,"ADX-FILTER,CAMARILLA,CPR,DBL-BTM,FIRST-CANDLE,GAP-CONT,INTRADAY-STRUCT,PDH-PDL,PIN-BAR,REL-STR,STOCHASTIC,VOL-SPIKE,VPOC",13,13.0,CAMARILLA,CAMARILLA: breakout above H4=144.59,09:20,147.67000000000007,TARGET_HIT,EXACT_WIN,9913.31,1.98,60.0,MEDIUM
2023-03-16,DRREDDY,SHORT,10:05,877.45,569,499269.05,885.9317824489166,860.486435102167,2.0,"ADX-FILTER,BEAR-ENGULF,BOLLINGER,CAMARILLA,DAILY-BIAS,FAILED-BO,FIRST-CANDLE,MACD,PIN-BAR,SR-BREAK,SUPERTREND,VPOC",12,12.0,SUPERTREND,"SUPERTREND: flipped bearish, ST=884.16",15:15,877.1,TIME_EXIT,LOSS,-528.65,-0.11,60.0,MEDIUM
2023-03-17,DLF,LONG,09:15,361.1102040816326,1384,499776.52,360.26071428571424,376.74081632653053,18.4,"ADX-FILTER,CAMARILLA,DAILY-BIAS,DBL-BTM,FIRST-CANDLE,INTRADAY-STRUCT,ORB-15,PDH-PDL,PIN-BAR,REL-STR,SR-BREAK,STOCHASTIC,VOL-SPIKE,VPOC",14,14.0,VPOC,VPOC: breakout above VAH=361.11,09:30,376.74081632653053,TARGET_HIT,EXACT_WIN,20887.04,4.18,60.0,MEDIUM
2023-03-17,POLYCAB,SHORT,13:25,2893.5,172,497682.0,2914.6,2851.3,2.0,"CAMARILLA,DAILY-BIAS,FIRST-CANDLE,MACD,ORB-15,ORB-30,PDH-PDL,PIN-BAR,SR-BREAK,STOCHASTIC,SUPERTREND,VWAP-STDDEV",12,12.0,ORB-15,ORB-15: breakdown below 2893.50,14:00,2851.3,TARGET_HIT,EXACT_WIN,6536.8,1.31,60.0,MEDIUM
2023-03-20,PIDILITIND,LONG,13:10,1173.8,425,498865.0,1162.5,1196.3999999999999,2.0,"ASC-TRI,BOLLINGER,CAMARILLA,DAILY-BIAS,DBL-BTM,FIRST-CANDLE,MACD,ORB-15,ORB-30,PDH-PDL,REL-STR,SR-BREAK,SUPERTREND,VPOC",14,14.0,ORB-15,ORB-15: breakout above 1173.80 (range=11.30),15:15,1185.0,TIME_EXIT,WIN,4028.87,0.81,60.0,MEDIUM
2023-03-20,TATACHEM,SHORT,09:20,952.75,524,499241.0,994.951,867.925,2.01,"ADX-FILTER,CPR,DAILY-BIAS,DBL-TOP,DESC-TRI,FIRST-CANDLE,ORB-15,ORB-30,PDH-PDL,PIN-BAR,SR-BREAK,STOCHASTIC,VWAP-STDDEV",13,13.0,DESC-TRI,Descending Triangle: breakdown below support 954.49,15:15,951.8,TIME_EXIT,LOSS,-229.79,-0.05,60.0,MEDIUM
2023-03-21,SRF,LONG,09:25,2310.1285714285714,216,498987.77,2303.6627551020406,2323.622448979592,2.09,"ASC-TRI,DAILY-BIAS,FIRST-CANDLE,MACD,ORB-15,ORB-30,PDH-PDL,PIN-BAR,REL-STR,SR-BREAK,SUPERTREND,VPOC",12,12.0,VPOC,VPOC: breakout above VAH=2310.13,09:45,2323.622448979592,TARGET_HIT,EXACT_WIN,2184.84,0.44,60.0,MEDIUM
2023-03-21,MAZDOCK,SHORT,12:30,333.0,1501,499833.0,335.61974999999995,326.5,2.48,"BOLLINGER,CAMARILLA,DAILY-BIAS,FAILED-BO,FIRST-CANDLE,MACD,PDH-PDL,REL-STR,RSI-EXT,SR-BREAK,STOCHASTIC,SUPERTREND,VWAP-REV,VWAP-STDDEV",14,14.0,FAILED-BO,"Failed BO: bull trap above 333.40, reversed on vol 3.5×",13:45,335.61974999999995,STOP_HIT,LOSS,-4663.18,-0.93,60.0,MEDIUM
2023-03-22,PIDILITIND,LONG,09:40,1190.615,419,498867.68,1185.3075000000001,1211.845,4.0,"ASC-TRI,CAMARILLA,DAILY-BIAS,DBL-BTM,FIRST-CANDLE,ORB-15,ORB-30,PDH-PDL,REL-STR,RSI-EXT,SR-BREAK,STOCHASTIC,VPOC,VWAP-STDDEV",14,14.0,CAMARILLA,CAMARILLA: breakout above H4=1190.62,12:55,1185.3075000000001,STOP_HIT,LOSS,-2949.45,-0.59,60.0,MEDIUM
2023-03-22,BHARTIARTL,SHORT,11:15,758.35,659,499752.65,763.2,748.65,2.0,"ADX-FILTER,BOLLINGER,CAMARILLA,DAILY-BIAS,FIRST-CANDLE,MACD,ORB-15,ORB-30,PDH-PDL,PIN-BAR,SR-BREAK,STOCHASTIC,SUPERTREND,VPOC",14,14.0,ORB-15,ORB-15: breakdown below 758.35,15:15,756.65,TIME_EXIT,WIN,392.37,0.08,60.0,MEDIUM
2023-03-23,MANAPPURAM,LONG,09:55,120.07959183673469,4163,499891.34,119.52857142857142,123.01836734693877,5.33,"BULL-FLAG,CAMARILLA,DAILY-BIAS,EMA-CROSS,MACD,ORB-15,ORB-30,PDH-PDL,PIN-BAR,SR-BREAK,STOCHASTIC,SUPERTREND,VPOC",13,13.0,VPOC,VPOC: breakout above VAH=120.08,15:15,121.5,TIME_EXIT,WIN,5179.72,1.04,60.0,MEDIUM
2023-03-23,BRITANNIA,SHORT,09:15,4233.9,118,499600.2,4300.49,4100.719999999999,2.0,"ADX-FILTER,CAMARILLA,DAILY-BIAS,DESC-TRI,FIRST-CANDLE,OPEN-WEAK,PDH-PDL,PIN-BAR,REL-STR,SR-BREAK,STOCHASTIC,VWAP-STDDEV",12,12.0,SR-BREAK,SR-BREAK: breakdown below support 4233.90,15:15,4241.15,TIME_EXIT,LOSS,-1584.35,-0.32,60.0,MEDIUM
2023-03-24,ICICIPRULI,LONG,13:30,422.8234693877551,1182,499777.34,422.57397959183675,426.98163265306124,16.67,"BOLLINGER,CAMARILLA,DAILY-BIAS,EMA-CROSS,FIRST-CANDLE,INTRADAY-STRUCT,MACD,ORB-30,PIN-BAR,RSI-EXT,SUPERTREND,VPOC",12,12.0,VPOC,VPOC: breakout above VAH=422.82,13:35,422.57397959183675,STOP_HIT,LOSS,-1023.27,-0.2,60.0,MEDIUM
2023-03-24,LICI,SHORT,09:15,285.1,1753,499780.3,293.85949999999997,250.55,3.94,"CAMARILLA,DAILY-BIAS,DBL-TOP,DESC-TRI,FIRST-CANDLE,MACD,ORB-15,ORB-30,PDH-PDL,PIN-BAR,SR-BREAK,STOCHASTIC,VPOC",13,13.0,DESC-TRI,Descending Triangle: breakdown below support 285.25,15:15,280.0,TIME_EXIT,WIN,8216.8,1.64,60.0,MEDIUM
2023-03-27,GRASIM,LONG,13:55,1600.55,312,499371.6,1578.9,1643.8499999999997,2.0,"ADX-FILTER,CAMARILLA,DAILY-BIAS,DBL-BTM,FIRST-CANDLE,ORB-15,ORB-30,PDH-PDL,REL-STR,SR-BREAK,STOCHASTIC,SUPERTREND,VPOC",13,13.0,ORB-15,ORB-15: breakout above 1600.55 (range=21.65),15:15,1621.6,TIME_EXIT,WIN,5834.35,1.17,60.0,MEDIUM
2023-03-27,CHOLAFIN,SHORT,10:35,717.35,697,499992.95,729.95,692.15,2.0,"ADX-FILTER,DAILY-BIAS,DBL-TOP,DESC-TRI,FIRST-CANDLE,ORB-15,ORB-30,PDH-PDL,PIN-BAR,REL-STR,SR-BREAK,STOCHASTIC",12,12.0,ORB-15,ORB-15: breakdown below 717.35,15:15,715.55,TIME_EXIT,WIN,526.42,0.11,60.0,MEDIUM
2023-03-28,GRASIM,LONG,09:25,1633.5,306,499851.0,1613.3800114435371,1673.7399771129258,2.0,"ADX-FILTER,BOLLINGER,DAILY-BIAS,DBL-BTM,FIRST-CANDLE,INTRADAY-STRUCT,MACD,PIN-BAR,REL-STR,SR-BREAK,STOCHASTIC,SUPERTREND,VPOC,VWAP-STDDEV",14,14.0,SUPERTREND,"SUPERTREND: flipped bullish, ST=1616.61",10:30,1613.3800114435371,STOP_HIT,LOSS,-6880.55,-1.38,60.0,MEDIUM
2023-03-28,VOLTAS,SHORT,13:20,815.0,613,499595.0,826.4,792.2,2.0,"ADX-FILTER,CAMARILLA,CPR,DAILY-BIAS,FIRST-CANDLE,INTRADAY-STRUCT,ORB-15,ORB-30,PDH-PDL,PIN-BAR,REL-STR,SR-BREAK,STOCHASTIC",13,13.0,ORB-15,ORB-15: breakdown below 815.00,15:15,812.3,TIME_EXIT,WIN,927.69,0.19,60.0,MEDIUM
2023-03-29,VBL,LONG,09:35,270.5,1848,499884.0,269.3,272.9,2.0,"BOLLINGER,CAMARILLA,DAILY-BIAS,DBL-BTM,EMA-CROSS,MACD,ORB-15,ORB-30,REL-STR,RSI-EXT,SR-BREAK,STOCHASTIC,SUPERTREND,VPOC",14,14.0,ORB-15,ORB-15: breakout above 270.50 (range=1.20),09:40,272.9,TARGET_HIT,EXACT_WIN,3702.94,0.74,60.0,MEDIUM
2023-03-29,HINDALCO,SHORT,11:05,390.55,1280,499904.0,394.88460031937456,381.8807993612509,2.0,"BOLLINGER,CAMARILLA,DAILY-BIAS,FAILED-BO,FIRST-CANDLE,MACD,PDH-PDL,REL-STR,RSI-EXT,SR-BREAK,STOCHASTIC,SUPERTREND,VPOC",13,13.0,SUPERTREND,"SUPERTREND: flipped bearish, ST=394.10",13:45,394.88460031937456,STOP_HIT,LOSS,-6280.24,-1.26,60.0,MEDIUM
2023-03-31,ANGELONE,LONG,13:15,117.34081632653061,4261,499989.22,117.0265306122449,119.04693877551021,5.43,"CPR,DAILY-BIAS,FIRST-CANDLE,MACD,ORB-15,ORB-30,PDH-PDL,PIN-BAR,SR-BREAK,STOCHASTIC,SUPERTREND,VPOC",12,12.0,VPOC,VPOC: breakout above VAH=117.34,13:20,117.0265306122449,STOP_HIT,LOSS,-2067.01,-0.41,60.0,MEDIUM
2023-03-31,KOTAKBANK,SHORT,10:45,344.5,1451,499869.5,346.62449999999995,339.0,2.59,"BEAR-ENGULF,BOLLINGER,CAMARILLA,FAILED-BO,FIRST-CANDLE,INTRADAY-STRUCT,MACD,ORB-15,ORB-30,PIN-BAR,RSI-EXT,VWAP-STDDEV",12,12.0,BEAR-ENGULF,"Bear Engulf at resistance 345.40, vol 2.8×",12:20,346.62449999999995,STOP_HIT,LOSS,-3813.14,-0.76,60.0,MEDIUM
2023-04-03,SHRIRAMFIN,LONG,09:25,255.24,1958,499759.92,253.645,261.62,4.0,"ADX-FILTER,CAMARILLA,DAILY-BIAS,DBL-BTM,EMA-CROSS,FIRST-CANDLE,INTRADAY-STRUCT,MACD,ORB-15,ORB-30,REL-STR,SR-BREAK,STOCHASTIC,VPOC,VWAP-STDDEV",15,15.0,CAMARILLA,CAMARILLA: breakout above H4=255.24,10:50,253.645,STOP_HIT,LOSS,-3849.12,-0.77,60.0,MEDIUM
2023-04-03,BHEL,SHORT,10:15,70.75,7067,499990.25,71.45,69.35,2.0,"ADX-FILTER,BOLLINGER,CAMARILLA,DAILY-BIAS,FIRST-CANDLE,MACD,ORB-15,ORB-30,PDH-PDL,PIN-BAR,SUPERTREND,VPOC",12,12.0,ORB-15,ORB-15: breakdown below 70.75,15:15,69.85,TIME_EXIT,WIN,5635.04,1.13,60.0,MEDIUM
2023-04-05,AMBUJACEM,LONG,10:05,375.1,1332,499633.2,371.55,382.20000000000005,2.0,"ADX-FILTER,BOLLINGER,CAMARILLA,DAILY-BIAS,EMA-CROSS,FIRST-CANDLE,INTRADAY-STRUCT,MACD,ORB-15,ORB-30,PDH-PDL,SR-BREAK,STOCHASTIC,VPOC,VWAP-STDDEV",15,15.0,ORB-15,ORB-15: breakout above 375.10 (range=3.55),11:05,371.55,STOP_HIT,LOSS,-5453.27,-1.09,60.0,MEDIUM
2023-04-05,CONCOR,SHORT,09:35,462.45,1081,499908.45,466.3,454.74999999999994,2.0,"ADX-FILTER,CPR,DAILY-BIAS,DBL-TOP,FIRST-CANDLE,MACD,ORB-15,ORB-30,PDH-PDL,PIN-BAR,REL-STR,SR-BREAK,STOCHASTIC,SUPERTREND,VPOC",15,15.0,ORB-15,ORB-15: breakdown below 462.45,15:15,458.4,TIME_EXIT,WIN,3651.77,0.73,60.0,MEDIUM
2023-04-06,KOTAKBANK,LONG,12:15,350.0,1428,499800.0,347.9,354.20000000000005,2.0,"BOLLINGER,CAMARILLA,DAILY-BIAS,DBL-BTM,EMA-CROSS,FIRST-CANDLE,MACD,ORB-15,ORB-30,PDH-PDL,RSI-EXT,SR-BREAK,STOCHASTIC,SUPERTREND,VPOC",15,15.0,ORB-15,ORB-15: breakout above 350.00 (range=2.10),15:15,351.2,TIME_EXIT,WIN,983.61,0.2,60.0,MEDIUM
2023-04-06,ADANIENT,SHORT,10:00,1665.5,300,499650.0,1675.8374999999999,1620.6,4.34,"ADX-FILTER,BOLLINGER,CAMARILLA,DAILY-BIAS,FAILED-BO,FIRST-CANDLE,INTRADAY-STRUCT,MACD,PIN-BAR,RSI-EXT,SUPERTREND,VPOC,VWAP-REV,VWAP-STDDEV",14,14.0,FAILED-BO,"Failed BO: bull trap above 1667.50, reversed on vol 1.6×",10:30,1675.8374999999999,STOP_HIT,LOSS,-3831.46,-0.77,60.0,MEDIUM
2023-04-10,PFC,LONG,09:20,126.82000000000001,3942,499924.44,125.885,130.56,4.0,"ADX-FILTER,CAMARILLA,CPR,DBL-BTM,EMA-CROSS,FIRST-CANDLE,GAP-CONT,INTRADAY-STRUCT,MACD,ORB-15,ORB-30,PDH-PDL,REL-STR,STOCHASTIC",14,14.0,CAMARILLA,CAMARILLA: breakout above H4=126.82,09:45,130.56,TARGET_HIT,EXACT_WIN,14002.6,2.8,60.0,MEDIUM
2023-04-10,SONACOMS,SHORT,10:00,422.05,1184,499707.2,426.5,413.15000000000003,2.0,"BEAR-ENGULF,CAMARILLA,FAILED-BO,FIRST-CANDLE,INTRADAY-STRUCT,MACD,ORB-15,ORB-30,PIN-BAR,REL-STR,SR-BREAK,STOCHASTIC,SUPERTREND",13,13.0,ORB-15,ORB-15: breakdown below 422.05,15:15,418.7,TIME_EXIT,WIN,3240.16,0.65,60.0,MEDIUM
2023-04-11,CGPOWER,LONG,09:30,289.42,1727,499828.34,288.21000000000004,294.26000000000005,4.0,"ADX-FILTER,CAMARILLA,EMA-CROSS,FALL-WEDGE,FIRST-CANDLE,INTRADAY-STRUCT,MACD,ORB-15,ORB-30,PDH-PDL,PIN-BAR,REL-STR,SR-BREAK,STOCHASTIC,SUPERTREND,VPOC",16,16.0,CAMARILLA,CAMARILLA: breakout above H4=289.42,11:30,288.21000000000004,STOP_HIT,LOSS,-2816.69,-0.56,60.0,MEDIUM
2023-04-11,CUMMINSIND,SHORT,10:35,1570.85,318,499530.3,1593.6,1525.35,2.0,"CPR,DAILY-BIAS,DBL-TOP,FIRST-CANDLE,MACD,ORB-15,ORB-30,PDH-PDL,PIN-BAR,REL-STR,SR-BREAK,STOCHASTIC,SUPERTREND",13,13.0,ORB-15,ORB-15: breakdown below 1570.85,15:15,1579.2,TIME_EXIT,LOSS,-3385.09,-0.68,60.0,MEDIUM
2023-04-12,GRASIM,LONG,09:25,1718.7175,290,498428.08,1711.6087499999999,1747.1525,4.0,"CAMARILLA,CPR,DAILY-BIAS,DBL-BTM,FIRST-CANDLE,INTRADAY-STRUCT,ORB-15,PDH-PDL,PIN-BAR,REL-STR,SR-BREAK,STOCHASTIC,VPOC,VWAP-STDDEV",14,14.0,CAMARILLA,CAMARILLA: breakout above H4=1718.72,11:10,1711.6087499999999,STOP_HIT,LOSS,-2786.67,-0.56,60.0,MEDIUM
2023-04-12,TATAPOWER,SHORT,09:40,197.3,2534,499958.2,198.6,194.70000000000005,2.0,"BEAR-ENGULF,BOLLINGER,CAMARILLA,DAILY-BIAS,FAILED-BO,FIRST-CANDLE,MACD,ORB-15,PIN-BAR,REL-STR,SR-BREAK,STOCHASTIC,SUPERTREND",13,13.0,ORB-15,ORB-15: breakdown below 197.30,15:15,197.15,TIME_EXIT,LOSS,-348.54,-0.07,60.0,MEDIUM
2023-04-13,DEEPAKNTR,LONG,09:15,1859.7675,268,498417.69,1855.13375,1878.3024999999998,4.0,"ASC-TRI,CAMARILLA,CPR,DAILY-BIAS,DBL-BTM,FIRST-CANDLE,INTRADAY-STRUCT,PDH-PDL,PIN-BAR,REL-STR,SR-BREAK,STOCHASTIC,VOL-SPIKE,VPOC,VWAP-STDDEV",15,15.0,CAMARILLA,CAMARILLA: breakout above H4=1859.77,09:25,1878.3024999999998,TARGET_HIT,EXACT_WIN,4236.69,0.85,60.0,MEDIUM
2023-04-13,SUNPHARMA,SHORT,10:55,1014.05,493,499926.65,1023.75,994.6499999999999,2.0,"ADX-FILTER,BOLLINGER,CAMARILLA,FAILED-BO,FIRST-CANDLE,MACD,ORB-15,ORB-30,PDH-PDL,PIN-BAR,REL-STR,RSI-EXT,SR-BREAK,SUPERTREND,VPOC",15,15.0,ORB-15,ORB-15: breakdown below 1014.05,15:15,1003.7,TIME_EXIT,WIN,4376.66,0.88,60.0,MEDIUM
2023-04-17,DMART,LONG,09:25,3513.9479591836734,142,498980.61,3499.8030612244897,3550.041836734694,2.55,"ADX-FILTER,CAMARILLA,CPR,DAILY-BIAS,FIRST-CANDLE,MACD,PDH-PDL,PIN-BAR,REL-STR,RSI-EXT,SR-BREAK,STOCHASTIC,SUPERTREND,VPOC,VWAP-STDDEV",15,15.0,VPOC,VPOC: breakout above VAH=3513.95,11:05,3499.8030612244897,STOP_HIT,LOSS,-2734.51,-0.55,60.0,MEDIUM
2023-04-17,UNITDSPR,SHORT,10:55,761.3,656,499412.8,766.65,750.5999999999999,2.0,"BEAR-ENGULF,BOLLINGER,CAMARILLA,FAILED-BO,MACD,ORB-30,PIN-BAR,RSI-EXT,STOCHASTIC,SUPERTREND,VPOC,VWAP-STDDEV",12,12.0,ORB-30,ORB-30: breakdown below 761.30,15:10,766.65,STOP_HIT,LOSS,-4239.72,-0.85,60.0,MEDIUM
2023-04-18,MUTHOOTFIN,LONG,13:15,1038.0,481,499278.0,1024.1,1065.8000000000002,2.0,"BOLLINGER,CAMARILLA,DAILY-BIAS,EMA-CROSS,FIRST-CANDLE,MACD,ORB-15,ORB-30,PDH-PDL,PIN-BAR,REL-STR,SR-BREAK,STOCHASTIC,SUPERTREND,VPOC",15,15.0,ORB-15,ORB-15: breakout above 1038.00 (range=13.90),15:15,1050.05,TIME_EXIT,WIN,5063.54,1.01,60.0,MEDIUM
2023-04-18,ADANIPOWER,SHORT,11:45,37.8,13227,499980.6,38.15015051495898,37.09969897008203,2.0,"ADX-FILTER,BEAR-ENGULF,BOLLINGER,CAMARILLA,DAILY-BIAS,FIRST-CANDLE,MACD,PDH-PDL,PIN-BAR,SR-BREAK,SUPERTREND,VPOC",12,12.0,SUPERTREND,"SUPERTREND: flipped bearish, ST=38.07",15:15,37.7,TIME_EXIT,WIN,594.57,0.12,60.0,MEDIUM
2023-04-19,JSWSTEEL,LONG,09:25,724.0,690,499560.0,719.3836734693878,734.1795918367347,2.21,"CAMARILLA,CPR,DAILY-BIAS,DBL-BTM,FIRST-CANDLE,ORB-15,ORB-30,PDH-PDL,PIN-BAR,REL-STR,SR-BREAK,STOCHASTIC,VPOC",13,13.0,VPOC,VPOC: breakout above VAH=724.00,15:15,722.0,TIME_EXIT,LOSS,-2107.22,-0.42,60.0,MEDIUM
2023-04-19,MARICO,SHORT,10:10,472.15,1058,499534.7,487.325,441.575,2.01,"ADX-FILTER,CPR,DAILY-BIAS,DBL-TOP,DESC-TRI,FIRST-CANDLE,OPEN-WEAK,ORB-15,ORB-30,PDH-PDL,PIN-BAR,REL-STR,SR-BREAK,STOCHASTIC",14,14.0,DESC-TRI,Descending Triangle: breakdown below support 472.69,15:15,468.25,TIME_EXIT,WIN,3400.28,0.68,60.0,MEDIUM
2023-04-20,ICICIPRULI,LONG,09:50,446.4,1120,499968.0,442.05,455.0999999999999,2.0,"CAMARILLA,DAILY-BIAS,EMA-CROSS,FIRST-CANDLE,INTRADAY-STRUCT,MACD,ORB-15,ORB-30,PIN-BAR,SR-BREAK,STOCHASTIC,SUPERTREND,VPOC",13,13.0,ORB-15,ORB-15: breakout above 446.40 (range=4.35),09:55,455.0999999999999,TARGET_HIT,EXACT_WIN,9007.42,1.8,60.0,MEDIUM
2023-04-20,HEROMOTOCO,SHORT,11:45,2284.7,218,498064.6,2302.85,2248.3999999999996,2.0,"ADX-FILTER,BEAR-ENGULF,BOLLINGER,CAMARILLA,FAILED-BO,MACD,ORB-15,ORB-30,PIN-BAR,RSI-EXT,SUPERTREND,VPOC",12,12.0,ORB-15,ORB-15: breakdown below 2284.70,15:15,2290.8,TIME_EXIT,LOSS,-2056.83,-0.41,60.0,MEDIUM
2023-04-21,BANDHANBNK,LONG,10:30,220.135,2271,499926.58,218.5675,226.40499999999997,4.0,"ADX-FILTER,BOLLINGER,CAMARILLA,CPR,DAILY-BIAS,EMA-CROSS,FIRST-CANDLE,MACD,ORB-15,ORB-30,PDH-PDL,SR-BREAK,STOCHASTIC,SUPERTREND,VPOC",15,15.0,CAMARILLA,CAMARILLA: breakout above H4=220.13,13:10,218.5675,STOP_HIT,LOSS,-4285.78,-0.86,60.0,MEDIUM
2023-04-21,PVRINOX,SHORT,09:25,1500.8,333,499766.4,1520.291172924801,1461.8176541503979,2.0,"ADX-FILTER,BEAR-ENGULF,CAMARILLA,DAILY-BIAS,DBL-TOP,FAILED-BO,FIRST-CANDLE,INTRADAY-STRUCT,MACD,REL-STR,SR-BREAK,SUPERTREND,VPOC",13,13.0,SUPERTREND,"SUPERTREND: flipped bearish, ST=1517.26",15:15,1497.45,TIME_EXIT,WIN,387.6,0.08,60.0,MEDIUM
2023-04-24,LUPIN,LONG,09:20,699.35,714,499335.9,692.6360775049772,712.7778449900458,2.0,"CAMARILLA,CPR,DAILY-BIAS,EMA-CROSS,FIRST-CANDLE,MACD,PDH-PDL,PIN-BAR,REL-STR,SR-BREAK,STOCHASTIC,SUPERTREND,VPOC",13,13.0,EMA-CROSS,"EMA-CROSS: 9EMA crossed above 21EMA, price above VWAP",15:15,702.5,TIME_EXIT,WIN,1519.31,0.3,60.0,MEDIUM
2023-04-24,BEL,SHORT,09:35,102.4,4882,499916.8,103.2,100.80000000000001,2.0,"BEAR-ENGULF,CAMARILLA,FIRST-CANDLE,MACD,ORB-15,ORB-30,PDH-PDL,PIN-BAR,SR-BREAK,STOCHASTIC,SUPERTREND,VPOC",12,12.0,ORB-15,ORB-15: breakdown below 102.40,15:15,101.8,TIME_EXIT,WIN,2202.08,0.44,60.0,MEDIUM
2023-04-25,SBICARD,LONG,10:40,774.9,645,499810.5,768.0,788.6999999999999,2.0,"BOLLINGER,CPR,DAILY-BIAS,DBL-BTM,EMA-CROSS,MACD,ORB-15,ORB-30,PDH-PDL,PIN-BAR,RSI-EXT,SR-BREAK,STOCHASTIC,SUPERTREND,VPOC",15,15.0,ORB-15,ORB-15: breakout above 774.90 (range=6.90),15:15,772.6,TIME_EXIT,LOSS,-2210.98,-0.44,60.0,MEDIUM
2023-04-25,SHREECEM,SHORT,10:25,24060.0,20,481200.0,24231.554999999997,23550.0,2.97,"BEAR-ENGULF,BOLLINGER,CAMARILLA,DAILY-BIAS,FAILED-BO,FIRST-CANDLE,MACD,ORB-15,ORB-30,PIN-BAR,RSI-EXT,SUPERTREND",12,12.0,BEAR-ENGULF,"Bear Engulf at resistance 24090.00, vol 14.4×",15:15,24086.95,TIME_EXIT,LOSS,-1242.59,-0.26,60.0,MEDIUM
2023-04-26,BPCL,LONG,11:00,150.45,3323,499945.35,149.55,152.24999999999994,2.0,"BOLLINGER,CAMARILLA,DAILY-BIAS,DBL-BTM,EMA-CROSS,FIRST-CANDLE,MACD,ORB-15,ORB-30,PDH-PDL,RSI-EXT,SR-BREAK,STOCHASTIC,SUPERTREND,VPOC",15,15.0,ORB-15,ORB-15: breakout above 150.45 (range=0.90),15:15,151.3,TIME_EXIT,WIN,2093.48,0.42,60.0,MEDIUM
2023-04-26,PVRINOX,SHORT,09:30,1460.1,342,499354.2,1478.0,1424.2999999999997,2.0,"ADX-FILTER,CPR,DAILY-BIAS,FIRST-CANDLE,ORB-15,ORB-30,PDH-PDL,PIN-BAR,REL-STR,SR-BREAK,STOCHASTIC",11,11.0,ORB-15,ORB-15: breakdown below 1460.10,15:15,1450.0,TIME_EXIT,WIN,2728.15,0.55,60.0,MEDIUM
2023-04-27,RBLBANK,LONG,09:45,155.425,3216,499846.8,154.4625,159.27500000000003,4.0,"ADX-FILTER,CAMARILLA,CPR,DAILY-BIAS,DBL-BTM,EMA-CROSS,FIRST-CANDLE,INTRADAY-STRUCT,ORB-15,ORB-30,PDH-PDL,REL-STR,SR-BREAK,STOCHASTIC,SUPERTREND,VPOC",16,16.0,CAMARILLA,CAMARILLA: breakout above H4=155.43,15:10,159.27500000000003,TARGET_HIT,EXACT_WIN,11643.1,2.33,60.0,MEDIUM
2023-04-27,NTPC,SHORT,12:50,169.65,2947,499958.55,170.6,167.75000000000003,2.0,"BEAR-ENGULF,BOLLINGER,CAMARILLA,DAILY-BIAS,FIRST-CANDLE,MACD,ORB-15,ORB-30,PDH-PDL,PIN-BAR,STOCHASTIC,SUPERTREND",12,12.0,ORB-15,ORB-15: breakdown below 169.65,14:10,170.6,STOP_HIT,LOSS,-3530.1,-0.71,60.0,MEDIUM
2023-04-28,RECLTD,LONG,09:15,125.22142857142858,3992,499883.94,125.09744897959183,125.85510204081633,5.11,"ADX-FILTER,CAMARILLA,DAILY-BIAS,DBL-BTM,FIRST-CANDLE,INTRADAY-STRUCT,ORB-15,ORB-30,PDH-PDL,REL-STR,SR-BREAK,VOL-SPIKE,VPOC",13,13.0,VPOC,VPOC: breakout above VAH=125.22,09:20,125.85510204081633,TARGET_HIT,EXACT_WIN,1798.87,0.36,60.0,MEDIUM
2023-04-28,DABUR,SHORT,10:10,530.55,942,499778.1,532.55,526.55,2.0,"ADX-FILTER,BOLLINGER,CAMARILLA,DAILY-BIAS,FIRST-CANDLE,MACD,ORB-15,ORB-30,PIN-BAR,STOCHASTIC,SUPERTREND,VWAP-STDDEV",12,12.0,ORB-15,ORB-15: breakdown below 530.55,10:45,532.55,STOP_HIT,LOSS,-2613.68,-0.52,60.0,MEDIUM
2023-05-02,VBL,LONG,09:15,292.605,1708,499769.34,290.6525,300.4150000000001,4.0,"ADX-FILTER,ASC-TRI,BOLLINGER,CAMARILLA,DAILY-BIAS,DBL-BTM,FIRST-CANDLE,GAP-CONT,MACD,PDH-PDL,PIN-BAR,REL-STR,SR-BREAK,VPOC,VWAP-REV",15,15.0,CAMARILLA,CAMARILLA: breakout above H4=292.61,11:05,290.6525,STOP_HIT,LOSS,-4060.83,-0.81,60.0,MEDIUM
2023-05-02,TIINDIA,SHORT,09:50,2545.5,196,498918.0,2618.95,2398.6000000000004,2.0,"BOLLINGER,CAMARILLA,DAILY-BIAS,FAILED-BO,FIRST-CANDLE,MACD,ORB-15,REL-STR,RSI-EXT,SUPERTREND,VWAP-STDDEV",11,11.0,ORB-15,ORB-15: breakdown below 2545.50,15:15,2587.75,TIME_EXIT,LOSS,-9013.17,-1.81,60.0,MEDIUM
2023-05-03,DLF,LONG,09:35,425.0,1176,499800.0,420.6,433.79999999999995,2.0,"BOLLINGER,BULL-FLAG,CAMARILLA,DAILY-BIAS,EMA-CROSS,FIRST-CANDLE,MACD,ORB-15,ORB-30,PDH-PDL,REL-STR,RSI-EXT,SR-BREAK,STOCHASTIC,SUPERTREND,VPOC",16,16.0,ORB-15,ORB-15: breakout above 425.00 (range=4.40),10:30,433.79999999999995,TARGET_HIT,EXACT_WIN,9611.97,1.92,60.0,MEDIUM
2023-05-03,SUNPHARMA,SHORT,09:40,964.65,518,499688.7,972.4,949.15,2.0,"ADX-FILTER,DAILY-BIAS,DBL-TOP,FIRST-CANDLE,INTRADAY-STRUCT,OPEN-WEAK,ORB-15,ORB-30,PDH-PDL,SR-BREAK,STOCHASTIC,VWAP-STDDEV",12,12.0,ORB-15,ORB-15: breakdown below 964.65,15:15,964.1,TIME_EXIT,LOSS,-443.42,-0.09,60.0,MEDIUM
2023-05-04,GRASIM,LONG,09:45,1735.1,288,499708.8,1713.3,1778.6999999999998,2.0,"ADX-FILTER,CAMARILLA,CPR,DAILY-BIAS,DBL-BTM,FIRST-CANDLE,INTRADAY-STRUCT,MACD,ORB-15,ORB-30,PDH-PDL,PIN-BAR,REL-STR,SR-BREAK,STOCHASTIC,VPOC",16,16.0,ORB-15,ORB-15: breakout above 1735.10 (range=21.80),15:15,1754.1,TIME_EXIT,WIN,4739.15,0.95,60.0,MEDIUM
2023-05-04,BHARATFORG,SHORT,10:10,785.3,636,499450.8,789.5,776.8999999999999,2.0,"BOLLINGER,CAMARILLA,FIRST-CANDLE,MACD,ORB-15,ORB-30,PDH-PDL,PIN-BAR,RISE-WEDGE,SR-BREAK,STOCHASTIC,SUPERTREND,VPOC",13,13.0,ORB-15,ORB-15: breakdown below 785.30,12:50,776.8999999999999,TARGET_HIT,EXACT_WIN,4617.29,0.92,60.0,MEDIUM
2023-05-05,PAYTM,LONG,09:15,675.2475000000001,740,499683.15,672.37375,686.7425000000002,4.0,"ADX-FILTER,CAMARILLA,CPR,DAILY-BIAS,DBL-BTM,FIRST-CANDLE,INTRADAY-STRUCT,ORB-15,ORB-30,PDH-PDL,PIN-BAR,REL-STR,SR-BREAK,STOCHASTIC,VPOC,VWAP-REV",16,16.0,CAMARILLA,CAMARILLA: breakout above H4=675.25,09:40,686.7425000000002,TARGET_HIT,EXACT_WIN,7771.09,1.56,60.0,MEDIUM
2023-05-05,TORNTPHARM,SHORT,12:00,1654.7,302,499719.4,1663.9,1636.3,2.0,"ADX-FILTER,BEAR-ENGULF,BOLLINGER,CAMARILLA,MACD,ORB-15,ORB-30,PDH-PDL,PIN-BAR,REL-STR,SR-BREAK,SUPERTREND,VPOC",13,13.0,ORB-15,ORB-15: breakdown below 1654.70,15:15,1649.35,TIME_EXIT,WIN,888.1,0.18,60.0,MEDIUM
2023-05-08,DLF,LONG,09:15,431.4,1159,499992.6,415.899,510.72499999999997,5.12,"ASC-TRI,CAMARILLA,DAILY-BIAS,EMA-CROSS,FIRST-CANDLE,MACD,ORB-15,ORB-30,PDH-PDL,PIN-BAR,REL-STR,SR-BREAK,STOCHASTIC,VPOC",14,14.0,ASC-TRI,Ascending Triangle: breakout above resistance 428.64,15:15,436.65,TIME_EXIT,WIN,5351.03,1.07,60.0,MEDIUM
2023-05-08,KPITTECH,SHORT,09:25,880.15,568,499925.2,898.8890288664368,842.6719422671264,2.0,"ADX-FILTER,BOLLINGER,CAMARILLA,FIRST-CANDLE,MACD,PDH-PDL,PIN-BAR,REL-STR,SR-BREAK,STOCHASTIC,SUPERTREND",11,11.0,SUPERTREND,"SUPERTREND: flipped bearish, ST=897.09",15:15,882.25,TIME_EXIT,LOSS,-1922.29,-0.38,60.0,MEDIUM
2023-05-09,UNITDSPR,LONG,09:15,794.4183673469388,629,499689.15,794.1811224489795,799.9540816326531,23.33,"ASC-TRI,CAMARILLA,CPR,DAILY-BIAS,DBL-BTM,FIRST-CANDLE,MACD,ORB-15,PDH-PDL,REL-STR,SR-BREAK,STOCHASTIC,VPOC,VWAP-STDDEV",14,14.0,VPOC,VPOC: breakout above VAH=794.42,09:20,794.1811224489795,STOP_HIT,LOSS,-877.6,-0.18,60.0,MEDIUM
2023-05-09,RBLBANK,SHORT,09:20,153.05,3266,499861.3,155.172,148.4,2.19,"BEAR-ENGULF,BOLLINGER,CAMARILLA,CPR,FAILED-BO,FIRST-CANDLE,MACD,ORB-30,PIN-BAR,REL-STR,SR-BREAK,SUPERTREND",12,12.0,FAILED-BO,"Failed BO: bull trap above 153.30, reversed on vol 2.2×",15:15,152.0,TIME_EXIT,WIN,2702.54,0.54,60.0,MEDIUM
2023-05-10,LUPIN,LONG,09:35,750.6071428571429,666,499904.36,747.2178571428572,770.9428571428572,6.0,"BOLLINGER,CAMARILLA,DAILY-BIAS,EMA-CROSS,FIRST-CANDLE,MACD,PDH-PDL,PIN-BAR,SR-BREAK,STOCHASTIC,SUPERTREND,VOL-SPIKE,VPOC",13,13.0,VPOC,VPOC: breakout above VAH=750.61,09:45,747.2178571428572,STOP_HIT,LOSS,-2984.26,-0.6,60.0,MEDIUM
2023-05-10,VOLTAS,SHORT,09:40,802.55,623,499988.65,807.85,791.9499999999998,2.0,"BOLLINGER,CAMARILLA,DAILY-BIAS,FAILED-BO,FIRST-CANDLE,MACD,ORB-15,PDH-PDL,RSI-EXT,SR-BREAK,SUPERTREND,VPOC,VWAP-STDDEV",13,13.0,ORB-15,ORB-15: breakdown below 802.55,12:00,807.85,STOP_HIT,LOSS,-4032.68,-0.81,60.0,MEDIUM
2023-05-11,APOLLOHOSP,LONG,10:10,4627.7,108,499791.6,4588.15,4706.8,2.0,"BOLLINGER,CAMARILLA,CPR,DAILY-BIAS,FIRST-CANDLE,ORB-15,ORB-30,PDH-PDL,PIN-BAR,REL-STR,RSI-EXT,SR-BREAK,STOCHASTIC,VPOC,VWAP-STDDEV",15,15.0,ORB-15,ORB-15: breakout above 4627.70 (range=39.55),14:50,4588.15,STOP_HIT,LOSS,-4996.64,-1.0,60.0,MEDIUM
2023-05-11,JSWSTEEL,SHORT,12:25,720.5,693,499306.5,729.4,702.7,2.0,"CAMARILLA,FIRST-CANDLE,INTRADAY-STRUCT,MACD,ORB-15,ORB-30,PDH-PDL,PIN-BAR,REL-STR,SR-BREAK,STOCHASTIC,SUPERTREND,VPOC",13,13.0,ORB-15,ORB-15: breakdown below 720.50,15:15,710.8,TIME_EXIT,WIN,5997.98,1.2,60.0,MEDIUM
2023-05-12,AXISBANK,LONG,13:55,898.25,556,499427.0,894.0,906.75,2.0,"ADX-FILTER,ASC-TRI,CPR,DAILY-BIAS,DBL-BTM,EMA-CROSS,FIRST-CANDLE,MACD,ORB-15,ORB-30,PDH-PDL,REL-STR,SR-BREAK,VPOC",14,14.0,ORB-15,ORB-15: breakout above 898.25 (range=4.25),14:00,906.75,TARGET_HIT,EXACT_WIN,3994.13,0.8,60.0,MEDIUM
2023-05-12,BHARATFORG,SHORT,09:35,773.1,646,499422.6,781.0,757.3000000000001,2.0,"BEAR-ENGULF,DAILY-BIAS,FIRST-CANDLE,MACD,ORB-15,ORB-30,PDH-PDL,REL-STR,SR-BREAK,STOCHASTIC,SUPERTREND,VPOC",12,12.0,ORB-15,ORB-15: breakdown below 773.10,15:15,758.45,TIME_EXIT,WIN,8741.19,1.75,60.0,MEDIUM
2023-05-15,MAXHEALTH,LONG,09:25,505.96250000000003,988,499890.95,501.63125,523.2875000000001,4.0,"ADX-FILTER,CAMARILLA,DAILY-BIAS,EMA-CROSS,FIRST-CANDLE,INTRADAY-STRUCT,MACD,ORB-15,ORB-30,PDH-PDL,PIN-BAR,REL-STR,SR-BREAK,STOCHASTIC,SUPERTREND,VPOC",16,16.0,CAMARILLA,CAMARILLA: breakout above H4=505.96,10:30,523.2875000000001,TARGET_HIT,EXACT_WIN,16374.79,3.28,60.0,MEDIUM
2023-05-15,SUNPHARMA,SHORT,11:25,950.65,525,499091.25,958.6694999999999,922.1305,3.56,"ADX-FILTER,BEAR-ENGULF,DAILY-BIAS,DESC-TRI,FAILED-BO,FIRST-CANDLE,OPEN-WEAK,PDH-PDL,REL-STR,SR-BREAK,STOCHASTIC,VWAP-STDDEV",12,12.0,FAILED-BO,"Failed BO: bull trap above 954.90, reversed on vol 2.7×",15:15,953.0,TIME_EXIT,LOSS,-1962.13,-0.39,60.0,MEDIUM
2023-05-16,AXISBANK,LONG,10:00,916.65,545,499574.25,912.0,925.9499999999999,2.0,"BOLLINGER,DAILY-BIAS,DBL-BTM,EMA-CROSS,FIRST-CANDLE,MACD,ORB-15,ORB-30,PDH-PDL,PIN-BAR,SR-BREAK,STOCHASTIC,SUPERTREND,VPOC",14,14.0,ORB-15,ORB-15: breakout above 916.65 (range=4.65),15:15,917.15,TIME_EXIT,LOSS,-456.05,-0.09,60.0,MEDIUM
2023-05-16,AWL,SHORT,13:30,386.5,1293,499744.5,392.5,374.5,2.0,"BOLLINGER,CAMARILLA,DAILY-BIAS,MACD,ORB-15,ORB-30,PDH-PDL,PIN-BAR,SR-BREAK,STOCHASTIC,SUPERTREND",11,11.0,ORB-15,ORB-15: breakdown below 386.50,15:15,383.05,TIME_EXIT,WIN,3734.84,0.75,60.0,MEDIUM
2023-05-17,ASHOKLEY,LONG,09:30,74.2,6738,499959.6,73.45,75.7,2.0,"BOLLINGER,CAMARILLA,DAILY-BIAS,EMA-CROSS,FIRST-CANDLE,MACD,ORB-15,ORB-30,PDH-PDL,PIN-BAR,REL-STR,SR-BREAK,STOCHASTIC,SUPERTREND,VWAP-STDDEV",15,15.0,ORB-15,ORB-15: breakout above 74.20 (range=0.75),15:15,73.9,TIME_EXIT,LOSS,-2748.65,-0.55,60.0,MEDIUM
2023-05-17,PVRINOX,SHORT,09:20,1432.5,349,499942.5,1488.5884999999998,1308.3000000000002,2.21,"ADX-FILTER,BOLLINGER,DAILY-BIAS,DESC-TRI,FIRST-CANDLE,INTRADAY-STRUCT,MACD,ORB-15,ORB-30,PDH-PDL,REL-STR,SR-BREAK,STOCHASTIC,SUPERTREND",14,14.0,DESC-TRI,Descending Triangle: breakdown below support 1439.15,15:15,1367.25,TIME_EXIT,WIN,22056.44,4.41,60.0,MEDIUM
2023-05-18,LEMONTREE,LONG,09:25,95.74,5222,499954.28,94.97,98.81999999999998,4.0,"BULL-FLAG,CAMARILLA,CPR,DAILY-BIAS,FIRST-CANDLE,GAP-CONT,ORB-15,PDH-PDL,PIN-BAR,REL-STR,SR-BREAK,STOCHASTIC,VPOC",13,13.0,CAMARILLA,CAMARILLA: breakout above H4=95.74,14:45,94.97,STOP_HIT,LOSS,-4746.6,-0.95,60.0,MEDIUM
2023-05-18,SUNPHARMA,SHORT,10:10,935.05,534,499316.7,943.0,919.1499999999999,2.0,"ADX-FILTER,BOLLINGER,CAMARILLA,DAILY-BIAS,FIRST-CANDLE,MACD,ORB-15,ORB-30,PDH-PDL,PIN-BAR,REL-STR,SR-BREAK,SUPERTREND,VPOC",14,14.0,ORB-15,ORB-15: breakdown below 935.05,15:15,928.9,TIME_EXIT,WIN,2558.0,0.51,60.0,MEDIUM
2023-05-19,PERSISTENT,LONG,09:25,2403.895,207,497606.27,2387.6975,2468.685,4.0,"ADX-FILTER,CAMARILLA,DAILY-BIAS,DBL-BTM,EMA-CROSS,FIRST-CANDLE,INTRADAY-STRUCT,MACD,ORB-15,ORB-30,PDH-PDL,PIN-BAR,REL-STR,SR-BREAK,VPOC",15,15.0,CAMARILLA,CAMARILLA: breakout above H4=2403.89,15:15,2446.0,TIME_EXIT,WIN,7983.19,1.6,60.0,MEDIUM
2023-05-19,PVRINOX,SHORT,09:50,1375.5,363,499306.5,1384.95,1356.6,2.0,"ADX-FILTER,CAMARILLA,DAILY-BIAS,DBL-TOP,FIRST-CANDLE,MACD,ORB-15,ORB-30,PIN-BAR,REL-STR,SR-BREAK,SUPERTREND,VPOC",13,13.0,ORB-15,ORB-15: breakdown below 1375.50,15:15,1372.1,TIME_EXIT,WIN,506.94,0.1,60.0,MEDIUM
2023-05-22,CHOLAFIN,LONG,09:25,1039.1000000000001,481,499807.1,1036.0357142857142,1049.0000000000002,3.23,"BULL-FLAG,CAMARILLA,CPR,DAILY-BIAS,EMA-CROSS,FIRST-CANDLE,INTRADAY-STRUCT,MACD,ORB-15,ORB-30,PDH-PDL,SR-BREAK,STOCHASTIC,SUPERTREND,VPOC",15,15.0,VPOC,VPOC: breakout above VAH=1039.10,10:55,1049.0000000000002,TARGET_HIT,EXACT_WIN,4029.48,0.81,60.0,MEDIUM
2023-05-22,INDIANB,SHORT,09:15,279.45,1789,499936.05,280.84725,275.17857142857144,3.06,"ADX-FILTER,BEAR-ENGULF,BOLLINGER,DAILY-BIAS,FAILED-BO,FIRST-CANDLE,MACD,ORB-30,PIN-BAR,SR-BREAK,VPOC,VWAP-STDDEV",12,12.0,VPOC,VPOC: rejection at VPOC=279.16,10:40,280.84725,STOP_HIT,LOSS,-3229.93,-0.65,60.0,MEDIUM
2023-05-23,ADANIPORTS,LONG,09:15,750.5918367346939,666,499894.16,747.5816326530612,795.1428571428571,14.8,"CAMARILLA,DAILY-BIAS,FIRST-CANDLE,GAP-CONT,PDH-PDL,PIN-BAR,REL-STR,SR-BREAK,STOCHASTIC,VOL-SPIKE,VPOC,VWAP-REV,VWAP-STDDEV",13,13.0,VPOC,VPOC: breakout above VAH=750.59,10:05,747.5816326530612,STOP_HIT,LOSS,-2731.97,-0.55,60.0,MEDIUM
2023-05-23,LT,SHORT,09:15,2221.05,225,499736.25,2239.7429999999995,2178.45,2.28,"ADX-FILTER,BEAR-ENGULF,BOLLINGER,DAILY-BIAS,FAILED-BO,FIRST-CANDLE,MACD,ORB-15,ORB-30,REL-STR,SR-BREAK,SUPERTREND",12,12.0,FAILED-BO,"Failed BO: bull trap above 2221.90, reversed on vol 2.0×",15:15,2198.0,TIME_EXIT,WIN,4460.66,0.89,60.0,MEDIUM
2023-05-24,ITC,LONG,10:05,355.25,1407,499836.75,352.2,361.35,2.0,"ADX-FILTER,ASC-TRI,CAMARILLA,CPR,DAILY-BIAS,DBL-BTM,EMA-CROSS,FIRST-CANDLE,MACD,ORB-15,ORB-30,PDH-PDL,SR-BREAK,STOCHASTIC,SUPERTREND,VPOC",16,16.0,ORB-15,ORB-15: breakout above 355.25 (range=3.05),15:15,357.55,TIME_EXIT,WIN,2504.85,0.5,60.0,MEDIUM
2023-05-24,ABFRL,SHORT,12:00,151.45,3301,499936.45,152.91074999999998,139.6,8.11,"ADX-FILTER,BEAR-ENGULF,BOLLINGER,CAMARILLA,CPR,DAILY-BIAS,INTRADAY-STRUCT,RSI-EXT,SUPERTREND,VWAP-REV,VWAP-STDDEV",11,11.0,BEAR-ENGULF,"Bear Engulf at resistance 150.65, vol 1.7×",15:15,150.1,TIME_EXIT,WIN,3730.07,0.75,60.0,MEDIUM
2023-05-25,CEATLTD,LONG,10:45,2154.5724999999998,232,499860.82,2107.28625,2343.7174999999997,4.0,"ADX-FILTER,BULL-FLAG,CAMARILLA,DAILY-BIAS,EMA-CROSS,FIRST-CANDLE,INTRADAY-STRUCT,MACD,ORB-15,ORB-30,PDH-PDL,PIN-BAR,REL-STR,SR-BREAK,STOCHASTIC,SUPERTREND,VPOC",17,17.0,CAMARILLA,CAMARILLA: breakout above H4=2154.57,14:20,2107.28625,STOP_HIT,LOSS,-11690.44,-2.34,60.0,MEDIUM
2023-05-25,BHARATFORG,SHORT,09:50,758.6,659,499917.4,768.8249999999999,735.842,2.23,"ADX-FILTER,BEAR-ENGULF,CAMARILLA,DAILY-BIAS,DBL-TOP,FAILED-BO,FIRST-CANDLE,MACD,ORB-15,ORB-30,PDH-PDL,PIN-BAR,SR-BREAK,STOCHASTIC,VPOC",15,15.0,FAILED-BO,"Failed BO: bull trap above 764.95, reversed on vol 10.9×",15:15,757.2,TIME_EXIT,WIN,194.33,0.04,60.0,MEDIUM
2023-05-26,PIIND,LONG,12:30,3434.4,145,497988.0,3384.2,3534.8000000000006,2.0,"ADX-FILTER,BOLLINGER,CAMARILLA,DAILY-BIAS,EMA-CROSS,FIRST-CANDLE,MACD,ORB-15,ORB-30,RSI-EXT,SR-BREAK,SUPERTREND,VPOC",13,13.0,ORB-15,ORB-15: breakout above 3434.40 (range=50.20),15:15,3472.0,TIME_EXIT,WIN,4721.52,0.95,60.0,MEDIUM
2023-05-26,ONGC,SHORT,13:05,149.15,3352,499950.8,151.3,144.85,2.0,"BEAR-ENGULF,BOLLINGER,CAMARILLA,FIRST-CANDLE,MACD,ORB-15,PDH-PDL,REL-STR,RSI-EXT,SR-BREAK,STOCHASTIC,SUPERTREND",12,12.0,ORB-15,ORB-15: breakdown below 149.15,15:15,147.9,TIME_EXIT,WIN,3463.55,0.69,60.0,MEDIUM
2023-05-29,IRCTC,LONG,09:15,625.4387755102041,799,499725.58,624.4591836734694,631.3163265306123,6.0,"ADX-FILTER,ASC-TRI,CAMARILLA,CPR,DAILY-BIAS,DBL-BTM,FIRST-CANDLE,ORB-15,ORB-30,PDH-PDL,SR-BREAK,STOCHASTIC,VOL-SPIKE,VPOC",14,14.0,VPOC,VPOC: breakout above VAH=625.44,09:50,631.3163265306123,TARGET_HIT,EXACT_WIN,3963.91,0.79,60.0,MEDIUM
2023-05-29,POONAWALLA,SHORT,09:15,348.5,1434,499749.0,351.348,342.0,2.28,"ADX-FILTER,BEAR-ENGULF,BOLLINGER,CAMARILLA,FAILED-BO,FIRST-CANDLE,MACD,ORB-15,ORB-30,PDH-PDL,PIN-BAR,RSI-EXT,SR-BREAK,SUPERTREND",14,14.0,FAILED-BO,"Failed BO: bull trap above 348.80, reversed on vol 4.0×",12:50,342.0,TARGET_HIT,EXACT_WIN,8597.76,1.72,60.0,MEDIUM
2023-05-30,IOC,LONG,09:45,71.78,6965,499947.7,71.50500000000001,72.88,4.0,"CAMARILLA,CPR,DAILY-BIAS,DBL-BTM,EMA-CROSS,FIRST-CANDLE,MACD,ORB-15,PDH-PDL,PIN-BAR,REL-STR,SR-BREAK,STOCHASTIC,SUPERTREND,VPOC",15,15.0,CAMARILLA,CAMARILLA: breakout above H4=71.78,11:35,71.50500000000001,STOP_HIT,LOSS,-2642.7,-0.53,60.0,MEDIUM
2023-05-30,CHOLAFIN,SHORT,09:45,1051.1,475,499272.5,1058.0,1037.2999999999997,2.0,"ADX-FILTER,BEAR-ENGULF,FIRST-CANDLE,MACD,ORB-15,ORB-30,PDH-PDL,PIN-BAR,REL-STR,SR-BREAK,STOCHASTIC,VPOC",12,12.0,ORB-15,ORB-15: breakdown below 1051.10,13:20,1037.2999999999997,TARGET_HIT,EXACT_WIN,5830.83,1.17,60.0,MEDIUM
2023-05-31,APOLLOHOSP,LONG,09:20,4663.1,107,498951.7,4485.195,5085.825,2.38,"ADX-FILTER,ASC-TRI,BOLLINGER,DAILY-BIAS,DBL-BTM,EMA-CROSS,FIRST-CANDLE,MACD,ORB-30,PIN-BAR,REL-STR,RSI-EXT,SR-BREAK,STOCHASTIC,SUPERTREND,VWAP-REV",16,16.0,ASC-TRI,Ascending Triangle: breakout above resistance 4653.69,15:15,4627.7,TIME_EXIT,LOSS,-4512.28,-0.9,60.0,MEDIUM
2023-05-31,AXISBANK,SHORT,11:35,925.4,540,499716.0,947.189377011494,857.1,3.13,"CAMARILLA,CPR,FAILED-BO,FIRST-CANDLE,ORB-15,ORB-30,PDH-PDL,REL-STR,RISE-WEDGE,STOCHASTIC,VPOC",11,11.0,RISE-WEDGE,Rising Wedge: broke below lower trendline 927.01,15:15,913.75,TIME_EXIT,WIN,5566.07,1.11,60.0,MEDIUM
2023-06-01,TCS,LONG,09:15,3301.536734693878,151,498532.05,3300.9744897959185,3324.0265306122456,40.0,"ASC-TRI,BOLLINGER,CAMARILLA,DAILY-BIAS,DBL-BTM,FIRST-CANDLE,MACD,PDH-PDL,PIN-BAR,REL-STR,RSI-EXT,SR-BREAK,STOCHASTIC,VPOC",14,14.0,VPOC,VPOC: breakout above VAH=3301.54,09:30,3324.0265306122456,TARGET_HIT,EXACT_WIN,2666.36,0.53,60.0,MEDIUM
2023-06-01,IEX,SHORT,10:30,153.5,3257,499949.5,157.16,146.18,2.0,"BEAR-ENGULF,BOLLINGER,CAMARILLA,DAILY-BIAS,DBL-TOP,FAILED-BO,MACD,PIN-BAR,RSI-EXT,SR-BREAK,STOCHASTIC,VWAP-STDDEV",12,12.0,SR-BREAK,SR-BREAK: breakdown below support 153.50,15:15,153.45,TIME_EXIT,LOSS,-565.9,-0.11,60.0,MEDIUM
2023-06-02,RECLTD,LONG,09:15,141.9275,3522,499868.66,141.36375,144.1825,4.0,"ADX-FILTER,CAMARILLA,DAILY-BIAS,DBL-BTM,EMA-CROSS,FIRST-CANDLE,ORB-15,PDH-PDL,PIN-BAR,REL-STR,SR-BREAK,STOCHASTIC,VPOC",13,13.0,CAMARILLA,CAMARILLA: breakout above H4=141.93,13:25,144.1825,TARGET_HIT,EXACT_WIN,7207.09,1.44,60.0,MEDIUM
2023-06-02,PIIND,SHORT,11:50,3519.0,142,499698.0,3561.85,3433.3,2.0,"ADX-FILTER,CAMARILLA,FIRST-CANDLE,MACD,ORB-15,ORB-30,PDH-PDL,PIN-BAR,REL-STR,SR-BREAK,STOCHASTIC,SUPERTREND",12,12.0,ORB-15,ORB-15: breakdown below 3519.00,15:15,3481.3,TIME_EXIT,WIN,4627.96,0.93,60.0,MEDIUM
2023-06-05,BHEL,LONG,09:25,84.095,5945,499944.77,83.5725,86.185,4.0,"ADX-FILTER,CAMARILLA,CPR,DAILY-BIAS,DBL-BTM,FIRST-CANDLE,INTRADAY-STRUCT,ORB-15,ORB-30,PDH-PDL,REL-STR,SR-BREAK,VPOC",13,13.0,CAMARILLA,CAMARILLA: breakout above H4=84.09,15:15,85.55,TIME_EXIT,WIN,7914.29,1.58,60.0,MEDIUM
2023-06-05,CONCOR,SHORT,10:00,532.1,939,499641.9,538.35,519.6,2.0,"BEAR-ENGULF,BOLLINGER,CAMARILLA,FIRST-CANDLE,MACD,ORB-15,ORB-30,PIN-BAR,REL-STR,RSI-EXT,SR-BREAK,SUPERTREND,VWAP-REV,VWAP-STDDEV",14,14.0,ORB-15,ORB-15: breakdown below 532.10,11:45,538.35,STOP_HIT,LOSS,-6600.53,-1.32,60.0,MEDIUM
2023-06-06,ASTRAL,LONG,09:20,1896.95,263,498897.85,1879.105367237526,1932.639265524948,2.0,"ADX-FILTER,BULL-FLAG,DAILY-BIAS,EMA-CROSS,FIRST-CANDLE,MACD,PDH-PDL,PIN-BAR,REL-STR,SR-BREAK,STOCHASTIC,VPOC,VWAP-STDDEV",13,13.0,EMA-CROSS,"EMA-CROSS: 9EMA crossed above 21EMA, price above VWAP",12:20,1879.105367237526,STOP_HIT,LOSS,-5416.83,-1.09,60.0,MEDIUM
2023-06-06,TRENT,SHORT,09:35,1062.7,470,499469.0,1070.0,1048.1000000000001,2.0,"BEAR-ENGULF,CAMARILLA,FIRST-CANDLE,MACD,ORB-15,PDH-PDL,PIN-BAR,REL-STR,SR-BREAK,STOCHASTIC,SUPERTREND,VPOC,VWAP-STDDEV",13,13.0,ORB-15,ORB-15: breakdown below 1062.70,13:40,1070.0,STOP_HIT,LOSS,-4161.15,-0.83,60.0,MEDIUM
2023-06-07,BANKBARODA,LONG,09:45,167.4575,2985,499860.64,167.00375,169.2725,4.0,"ASC-TRI,CAMARILLA,CPR,DAILY-BIAS,EMA-CROSS,FIRST-CANDLE,ORB-15,ORB-30,PDH-PDL,PIN-BAR,REL-STR,SR-BREAK,STOCHASTIC,VPOC",14,14.0,CAMARILLA,CAMARILLA: breakout above H4=167.46,15:15,168.4,TIME_EXIT,WIN,2082.42,0.42,60.0,MEDIUM
2023-06-07,LUPIN,SHORT,10:20,822.0,608,499776.0,827.0,812.0,2.0,"ADX-FILTER,BEAR-ENGULF,BOLLINGER,CAMARILLA,FAILED-BO,FIRST-CANDLE,MACD,ORB-15,ORB-30,PDH-PDL,PIN-BAR,SR-BREAK,STOCHASTIC,SUPERTREND",14,14.0,ORB-15,ORB-15: breakdown below 822.00,15:15,817.5,TIME_EXIT,WIN,2008.96,0.4,60.0,MEDIUM
2023-06-08,BHEL,LONG,09:25,84.5775,5911,499937.6,84.28875,85.7325,4.0,"CAMARILLA,DAILY-BIAS,DBL-BTM,EMA-CROSS,FIRST-CANDLE,MACD,ORB-15,ORB-30,PDH-PDL,PIN-BAR,REL-STR,SR-BREAK,STOCHASTIC,SUPERTREND,VPOC,VWAP-STDDEV",16,16.0,CAMARILLA,CAMARILLA: breakout above H4=84.58,11:15,85.7325,TARGET_HIT,EXACT_WIN,6092.97,1.22,60.0,MEDIUM
2023-06-08,SBICARD,SHORT,09:35,925.0,540,499500.0,930.45,914.0999999999999,2.0,"ADX-FILTER,BEAR-ENGULF,CAMARILLA,FIRST-CANDLE,MACD,ORB-15,ORB-30,PDH-PDL,PIN-BAR,SR-BREAK,STOCHASTIC,SUPERTREND",12,12.0,ORB-15,ORB-15: breakdown below 925.00,11:45,914.0999999999999,TARGET_HIT,EXACT_WIN,5161.14,1.03,60.0,MEDIUM
2023-06-09,LODHA,LONG,09:45,583.25,857,499845.25,571.9,605.95,2.0,"CAMARILLA,DAILY-BIAS,EMA-CROSS,FIRST-CANDLE,MACD,ORB-15,ORB-30,PDH-PDL,REL-STR,SR-BREAK,STOCHASTIC,SUPERTREND,VPOC",13,13.0,ORB-15,ORB-15: breakout above 583.25 (range=11.35),09:55,605.95,TARGET_HIT,EXACT_WIN,18709.8,3.74,60.0,MEDIUM
2023-06-09,BDL,SHORT,09:25,572.1,873,499443.3,587.146273810987,542.007452378026,2.0,"ADX-FILTER,BOLLINGER,CAMARILLA,FAILED-BO,FIRST-CANDLE,MACD,PDH-PDL,PIN-BAR,REL-STR,RSI-EXT,STOCHASTIC,SUPERTREND,VWAP-REV,VWAP-STDDEV",14,14.0,SUPERTREND,"SUPERTREND: flipped bearish, ST=585.97",13:45,587.146273810987,STOP_HIT,LOSS,-13871.06,-2.78,60.0,MEDIUM
2023-06-12,DIXON,LONG,10:15,4047.85,123,497885.55,3965.05,4213.449999999999,2.0,"ADX-FILTER,BOLLINGER,BULL-FLAG,CAMARILLA,DAILY-BIAS,EMA-CROSS,FIRST-CANDLE,INTRADAY-STRUCT,MACD,ORB-30,RSI-EXT,SR-BREAK,STOCHASTIC,SUPERTREND,VPOC",15,15.0,ORB-30,ORB-30: breakout above 4047.85 (range=82.80),15:15,4187.0,TIME_EXIT,WIN,16375.87,3.29,60.0,MEDIUM
2023-06-12,PAGEIND,SHORT,09:35,38270.0,13,497510.0,38574.0,37662.0,2.0,"ADX-FILTER,DAILY-BIAS,DBL-TOP,FIRST-CANDLE,ORB-15,ORB-30,PDH-PDL,PIN-BAR,REL-STR,SR-BREAK,STOCHASTIC,VWAP-STDDEV",12,12.0,ORB-15,ORB-15: breakdown below 38270.00,15:15,38119.3,TIME_EXIT,WIN,1234.7,0.25,60.0,MEDIUM
2023-06-13,ANGELONE,LONG,10:15,150.95999999999998,3312,499979.52,150.07999999999998,154.47999999999996,4.0,"BOLLINGER,CAMARILLA,CPR,DAILY-BIAS,EMA-CROSS,FIRST-CANDLE,INTRADAY-STRUCT,MACD,ORB-15,ORB-30,PDH-PDL,SUPERTREND,VPOC",13,13.0,CAMARILLA,CAMARILLA: breakout above H4=150.96,15:15,153.0,TIME_EXIT,WIN,6022.25,1.2,60.0,MEDIUM
2023-06-13,SBIN,SHORT,10:35,579.15,863,499806.45,581.4,574.65,2.0,"BOLLINGER,DAILY-BIAS,DBL-TOP,FIRST-CANDLE,MACD,ORB-15,ORB-30,PDH-PDL,PIN-BAR,SR-BREAK,STOCHASTIC,SUPERTREND,VPOC",13,13.0,ORB-15,ORB-15: breakdown below 579.15,14:25,574.65,TARGET_HIT,EXACT_WIN,3157.07,0.63,60.0,MEDIUM
2023-06-14,GODREJCP,LONG,11:10,1068.4,467,498942.8,1016.8785,1217.8000000000004,2.9,"ADX-FILTER,ASC-TRI,BOLLINGER,CAMARILLA,DAILY-BIAS,EMA-CROSS,FIRST-CANDLE,MACD,ORB-15,ORB-30,PDH-PDL,STOCHASTIC,SUPERTREND,VPOC,VWAP-STDDEV",15,15.0,ASC-TRI,Ascending Triangle: breakout above resistance 1067.93,15:15,1068.95,TIME_EXIT,LOSS,-470.82,-0.09,60.0,MEDIUM
2023-06-14,EICHERMOT,SHORT,13:50,3604.7,138,497448.6,3642.3,3529.499999999999,2.0,"BOLLINGER,DAILY-BIAS,FAILED-BO,FIRST-CANDLE,MACD,ORB-15,ORB-30,PDH-PDL,PIN-BAR,SR-BREAK,STOCHASTIC,SUPERTREND",12,12.0,ORB-15,ORB-15: breakdown below 3604.70,15:15,3573.45,TIME_EXIT,WIN,3589.53,0.72,60.0,MEDIUM
2023-06-15,PVRINOX,LONG,09:15,1460.5428571428572,342,499505.66,1458.9632653061226,1473.8816326530614,8.44,"CAMARILLA,CPR,DAILY-BIAS,DBL-BTM,FIRST-CANDLE,INTRADAY-STRUCT,ORB-15,ORB-30,PDH-PDL,PIN-BAR,REL-STR,STOCHASTIC,VOL-SPIKE,VPOC",14,14.0,VPOC,VPOC: breakout above VAH=1460.54,09:25,1473.8816326530614,TARGET_HIT,EXACT_WIN,3830.01,0.77,60.0,MEDIUM
2023-06-15,M&MFIN,SHORT,12:45,273.3,1829,499865.7,276.7,266.50000000000006,2.0,"ADX-FILTER,BOLLINGER,CAMARILLA,FAILED-BO,FIRST-CANDLE,MACD,ORB-15,ORB-30,PDH-PDL,PIN-BAR,SR-BREAK,SUPERTREND,VPOC,VWAP-STDDEV",14,14.0,ORB-15,ORB-15: breakdown below 273.30,15:15,273.5,TIME_EXIT,LOSS,-1094.74,-0.22,60.0,MEDIUM
2023-06-16,LTM,LONG,09:40,5040.0,99,498960.0,4986.4,5147.200000000001,2.0,"ASC-TRI,DAILY-BIAS,EMA-CROSS,FIRST-CANDLE,MACD,ORB-15,ORB-30,PDH-PDL,REL-STR,SR-BREAK,STOCHASTIC,VPOC,VWAP-REV,VWAP-STDDEV",14,14.0,ORB-15,ORB-15: breakout above 5040.00 (range=53.60),11:30,4986.4,STOP_HIT,LOSS,-6029.69,-1.21,60.0,MEDIUM
2023-06-16,IGL,SHORT,11:00,233.3,2143,499961.9,234.6,230.70000000000005,2.0,"BOLLINGER,CAMARILLA,DAILY-BIAS,FIRST-CANDLE,MACD,ORB-15,ORB-30,PDH-PDL,SR-BREAK,STOCHASTIC,SUPERTREND,VPOC",12,12.0,ORB-15,ORB-15: breakdown below 233.30,15:15,233.55,TIME_EXIT,LOSS,-1264.91,-0.25,60.0,MEDIUM
2023-06-19,ASTRAL,LONG,09:20,1984.5,251,498109.5,1973.5,2028.5,4.0,"ADX-FILTER,CAMARILLA,DAILY-BIAS,FIRST-CANDLE,ORB-15,ORB-30,PDH-PDL,PIN-BAR,REL-STR,SR-BREAK,STOCHASTIC,VPOC,VWAP-STDDEV",13,13.0,CAMARILLA,CAMARILLA: breakout above H4=1984.50,13:25,1973.5,STOP_HIT,LOSS,-3485.15,-0.7,60.0,MEDIUM
2023-06-19,BRITANNIA,SHORT,13:30,5033.25,99,498291.75,5062.1849999999995,4970.0,2.19,"BEAR-ENGULF,CAMARILLA,FAILED-BO,FIRST-CANDLE,MACD,ORB-15,ORB-30,PIN-BAR,SUPERTREND,VPOC,VWAP-STDDEV",11,11.0,BEAR-ENGULF,"Bear Engulf at resistance 5058.60, vol 12.1×",15:15,5022.55,TIME_EXIT,WIN,333.32,0.07,60.0,MEDIUM
2023-06-20,POLICYBZR,LONG,09:45,664.7,752,499854.4,654.9,684.3000000000002,2.0,"BOLLINGER,CAMARILLA,DAILY-BIAS,DBL-BTM,EMA-CROSS,FIRST-CANDLE,MACD,ORB-15,ORB-30,PDH-PDL,PIN-BAR,REL-STR,SR-BREAK,SUPERTREND,VPOC",15,15.0,ORB-15,ORB-15: breakout above 664.70 (range=9.80),15:15,658.0,TIME_EXIT,LOSS,-5763.12,-1.15,60.0,MEDIUM
2023-06-20,PIIND,SHORT,11:20,3845.8,130,499954.0,3870.8,3795.8,2.0,"ADX-FILTER,BOLLINGER,FAILED-BO,FIRST-CANDLE,MACD,ORB-15,ORB-30,PIN-BAR,RSI-EXT,STOCHASTIC,VPOC",11,11.0,ORB-15,ORB-15: breakdown below 3845.80,13:45,3870.8,STOP_HIT,LOSS,-3980.71,-0.8,60.0,MEDIUM
2023-06-21,ANGELONE,LONG,09:15,160.36326530612246,3117,499852.3,160.08469387755105,161.95510204081634,5.71,"ADX-FILTER,BULL-FLAG,CAMARILLA,CPR,DAILY-BIAS,EMA-CROSS,FIRST-CANDLE,ORB-15,ORB-30,PDH-PDL,PIN-BAR,REL-STR,SR-BREAK,VPOC",14,14.0,VPOC,VPOC: breakout above VAH=160.36,09:20,160.08469387755105,STOP_HIT,LOSS,-1596.33,-0.32,60.0,MEDIUM
2023-06-21,SONACOMS,SHORT,13:00,517.15,966,499566.9,524.8,501.85,2.0,"ADX-FILTER,BEAR-ENGULF,BOLLINGER,DAILY-BIAS,FIRST-CANDLE,MACD,ORB-15,ORB-30,PDH-PDL,RSI-EXT,SR-BREAK,STOCHASTIC,SUPERTREND,VWAP-STDDEV",14,14.0,ORB-15,ORB-15: breakdown below 517.15,15:15,513.85,TIME_EXIT,WIN,2461.3,0.49,60.0,MEDIUM
2023-06-22,BPCL,LONG,10:45,163.05,3066,499911.3,161.6,165.95000000000005,2.0,"CAMARILLA,DAILY-BIAS,DBL-BTM,FIRST-CANDLE,INTRADAY-STRUCT,MACD,ORB-15,ORB-30,PDH-PDL,REL-STR,SR-BREAK,STOCHASTIC,SUPERTREND,VPOC",14,14.0,ORB-15,ORB-15: breakout above 163.05 (range=1.45),15:15,162.7,TIME_EXIT,LOSS,-1801.04,-0.36,60.0,MEDIUM
2023-06-22,AMBUJACEM,SHORT,09:40,447.15,1118,499913.7,452.37713350601973,436.69573298796047,2.0,"ADX-FILTER,BEAR-ENGULF,CAMARILLA,DBL-TOP,FAILED-BO,FIRST-CANDLE,MACD,PDH-PDL,PIN-BAR,REL-STR,SR-BREAK,STOCHASTIC,SUPERTREND,VPOC",14,14.0,SUPERTREND,"SUPERTREND: flipped bearish, ST=451.47",15:15,444.9,TIME_EXIT,WIN,1788.15,0.36,60.0,MEDIUM
2023-06-23,POLICYBZR,LONG,09:15,660.6295918367347,756,499435.97,660.4622448979592,666.319387755102,34.0,"CAMARILLA,CPR,DAILY-BIAS,DBL-BTM,FIRST-CANDLE,ORB-15,ORB-30,PDH-PDL,PIN-BAR,REL-STR,SR-BREAK,VPOC,VWAP-REV,VWAP-STDDEV",14,14.0,VPOC,VPOC: breakout above VAH=660.63,09:20,666.319387755102,TARGET_HIT,EXACT_WIN,3569.94,0.71,60.0,MEDIUM
2023-06-23,AUBANK,SHORT,09:15,739.99,675,499493.25,772.26,675.45,2.0,"ADX-FILTER,BOLLINGER,DAILY-BIAS,DBL-TOP,FAILED-BO,FIRST-CANDLE,INTRADAY-STRUCT,MACD,PIN-BAR,REL-STR,SR-BREAK,STOCHASTIC,VWAP-STDDEV",13,13.0,SR-BREAK,SR-BREAK: breakdown below support 739.99,15:15,736.9,TIME_EXIT,WIN,1358.72,0.27,60.0,MEDIUM
2023-06-26,LUPIN,LONG,09:35,862.0,580,499960.0,852.35,881.3,2.0,"ADX-FILTER,CPR,DAILY-BIAS,FIRST-CANDLE,INTRADAY-STRUCT,MACD,ORB-15,ORB-30,PDH-PDL,PIN-BAR,REL-STR,SR-BREAK,STOCHASTIC",13,13.0,ORB-15,ORB-15: breakout above 862.00 (range=9.65),15:15,874.3,TIME_EXIT,WIN,6399.5,1.28,60.0,MEDIUM
2023-06-26,PNB,SHORT,09:45,48.69,10269,499997.61,49.18,47.709999999999994,2.0,"BEAR-ENGULF,DAILY-BIAS,DBL-TOP,FIRST-CANDLE,ORB-15,ORB-30,PDH-PDL,PIN-BAR,REL-STR,SR-BREAK,STOCHASTIC",11,11.0,ORB-15,ORB-15: breakdown below 48.69,15:15,48.88,TIME_EXIT,LOSS,-2681.13,-0.54,60.0,MEDIUM
2023-06-27,HDFCAMC,LONG,13:35,966.9,517,499887.3,960.0,980.6999999999999,2.0,"ADX-FILTER,CAMARILLA,DAILY-BIAS,DBL-BTM,EMA-CROSS,FIRST-CANDLE,INTRADAY-STRUCT,ORB-15,ORB-30,PDH-PDL,PIN-BAR,REL-STR,SR-BREAK,STOCHASTIC,SUPERTREND",15,15.0,ORB-15,ORB-15: breakout above 966.90 (range=6.90),14:55,980.6999999999999,TARGET_HIT,EXACT_WIN,6400.2,1.28,60.0,MEDIUM
2023-06-27,COALINDIA,SHORT,09:15,209.75,2383,499834.25,215.8875,191.27499999999998,3.01,"BOLLINGER,CAMARILLA,DAILY-BIAS,DBL-TOP,DESC-TRI,FAILED-BO,FIRST-CANDLE,MACD,PIN-BAR,REL-STR,RSI-EXT,SR-BREAK,SUPERTREND",13,13.0,DESC-TRI,Descending Triangle: breakdown below support 211.04,15:15,209.7,TIME_EXIT,LOSS,-609.47,-0.12,60.0,MEDIUM
2023-06-28,SUNPHARMA,LONG,09:15,1003.9,498,499942.2,967.5269999999999,1079.3749999999998,2.08,"ADX-FILTER,ASC-TRI,CAMARILLA,DAILY-BIAS,DBL-BTM,EMA-CROSS,FIRST-CANDLE,MACD,ORB-15,ORB-30,PDH-PDL,SR-BREAK,STOCHASTIC,VPOC",14,14.0,ASC-TRI,Ascending Triangle: breakout above resistance 1000.91,15:15,1021.5,TIME_EXIT,WIN,8029.03,1.61,60.0,MEDIUM
2023-06-28,SRF,SHORT,10:15,2306.25,216,498150.0,2325.3,2268.1499999999996,2.0,"BEAR-FLAG,BOLLINGER,CAMARILLA,DAILY-BIAS,FIRST-CANDLE,MACD,ORB-15,ORB-30,PDH-PDL,PIN-BAR,SR-BREAK,STOCHASTIC,VPOC",13,13.0,ORB-15,ORB-15: breakdown below 2306.25,12:35,2325.3,STOP_HIT,LOSS,-4843.54,-0.97,60.0,MEDIUM
2023-06-30,CYIENT,LONG,10:00,1486.2675000000002,336,499385.88,1477.23375,1522.4025000000004,4.0,"CAMARILLA,DAILY-BIAS,FIRST-CANDLE,INTRADAY-STRUCT,MACD,ORB-15,ORB-30,PDH-PDL,REL-STR,SR-BREAK,STOCHASTIC,SUPERTREND,VPOC,VWAP-STDDEV",14,14.0,CAMARILLA,CAMARILLA: breakout above H4=1486.27,10:20,1522.4025000000004,TARGET_HIT,EXACT_WIN,11403.67,2.28,60.0,MEDIUM
2023-06-30,PVRINOX,SHORT,10:05,1385.0,361,499985.0,1394.65,1365.6999999999998,2.0,"BEAR-ENGULF,BOLLINGER,CAMARILLA,DAILY-BIAS,FIRST-CANDLE,MACD,ORB-15,ORB-30,PDH-PDL,RSI-EXT,SR-BREAK,SUPERTREND,VPOC",13,13.0,ORB-15,ORB-15: breakdown below 1385.00,15:15,1374.55,TIME_EXIT,WIN,3045.72,0.61,60.0,MEDIUM
2023-07-03,LODHA,LONG,09:35,683.2397959183673,731,499448.29,674.6831632653061,700.9051020408162,2.06,"CAMARILLA,CPR,DAILY-BIAS,FIRST-CANDLE,GAP-FADE,ORB-15,ORB-30,PDH-PDL,PIN-BAR,REL-STR,SR-BREAK,STOCHASTIC,VPOC",13,13.0,VPOC,VPOC: breakout above VAH=683.24,15:15,688.0,TIME_EXIT,WIN,2748.8,0.55,60.0,MEDIUM
2023-07-03,SRF,SHORT,09:40,2292.15,218,499688.7,2307.85,2260.7500000000005,2.0,"BEAR-FLAG,BOLLINGER,CAMARILLA,DAILY-BIAS,FIRST-CANDLE,MACD,ORB-15,ORB-30,PDH-PDL,PIN-BAR,REL-STR,RSI-EXT,SR-BREAK,STOCHASTIC,SUPERTREND,VPOC",16,16.0,ORB-15,ORB-15: breakdown below 2292.15,15:15,2272.0,TIME_EXIT,WIN,3666.73,0.73,60.0,MEDIUM
2023-07-04,ALKEM,LONG,09:35,3504.5714285714284,142,497649.14,3496.377551020408,3549.2653061224487,5.45,"ASC-TRI,DAILY-BIAS,DBL-BTM,FIRST-CANDLE,MACD,ORB-15,ORB-30,PDH-PDL,PIN-BAR,REL-STR,SR-BREAK,STOCHASTIC,VPOC",13,13.0,VPOC,VPOC: breakout above VAH=3504.57,10:20,3496.377551020408,STOP_HIT,LOSS,-1888.31,-0.38,60.0,MEDIUM
2023-07-04,PIDILITIND,SHORT,13:05,1282.5,389,498892.5,1294.0,1259.5,2.0,"BOLLINGER,CAMARILLA,DAILY-BIAS,FIRST-CANDLE,MACD,ORB-15,ORB-30,PDH-PDL,PIN-BAR,RSI-EXT,STOCHASTIC,SUPERTREND,VPOC",13,13.0,ORB-15,ORB-15: breakdown below 1282.50,15:15,1288.2,TIME_EXIT,LOSS,-2945.97,-0.59,60.0,MEDIUM
2023-07-05,BRITANNIA,LONG,11:50,5062.3,98,496105.4,4899.6585,5631.0250000000015,3.5,"ADX-FILTER,ASC-TRI,CAMARILLA,CPR,DAILY-BIAS,FIRST-CANDLE,MACD,ORB-15,ORB-30,PDH-PDL,PIN-BAR,SR-BREAK,STOCHASTIC,VPOC",14,14.0,ASC-TRI,Ascending Triangle: breakout above resistance 5059.01,15:15,5093.05,TIME_EXIT,WIN,2287.51,0.46,60.0,MEDIUM
2023-07-05,VOLTAS,SHORT,09:15,760.01,657,499326.57,763.53,752.97,2.0,"ADX-FILTER,BEAR-ENGULF,DAILY-BIAS,DBL-TOP,FIRST-CANDLE,MACD,PDH-PDL,REL-STR,RSI-EXT,SR-BREAK,STOCHASTIC,VWAP-STDDEV",12,12.0,SR-BREAK,SR-BREAK: breakdown below support 760.01,11:40,763.53,STOP_HIT,LOSS,-3041.95,-0.61,60.0,MEDIUM
2023-07-06,GAIL,LONG,11:40,95.17,5253,499928.01,94.0,97.51,2.0,"ADX-FILTER,BOLLINGER,CAMARILLA,DAILY-BIAS,FIRST-CANDLE,INTRADAY-STRUCT,MACD,ORB-15,ORB-30,PDH-PDL,RSI-EXT,SR-BREAK,SUPERTREND,VOL-SPIKE,VPOC",15,15.0,ORB-15,ORB-15: breakout above 95.17 (range=1.17),12:40,97.51,TARGET_HIT,EXACT_WIN,11553.48,2.31,60.0,MEDIUM
2023-07-06,VEDL,SHORT,10:10,123.1,4061,499909.1,126.553,111.52500000000003,3.35,"BEAR-ENGULF,BOLLINGER,DAILY-BIAS,DESC-TRI,FAILED-BO,FIRST-CANDLE,MACD,PDH-PDL,REL-STR,RSI-EXT,SR-BREAK,SUPERTREND,VPOC,VWAP-STDDEV",14,14.0,DESC-TRI,Descending Triangle: breakdown below support 123.11,15:15,124.6,TIME_EXIT,LOSS,-6823.77,-1.37,60.0,MEDIUM
2023-07-07,LAURUSLABS,LONG,09:20,369.3734693877551,1353,499762.3,368.59030612244896,381.9040816326531,16.0,"ASC-TRI,CAMARILLA,DAILY-BIAS,EMA-CROSS,FIRST-CANDLE,MACD,PDH-PDL,PIN-BAR,REL-STR,SR-BREAK,STOCHASTIC,SUPERTREND,VPOC,VWAP-REV,VWAP-STDDEV",15,15.0,VPOC,VPOC: breakout above VAH=369.37,10:50,368.59030612244896,STOP_HIT,LOSS,-1787.37,-0.36,60.0,MEDIUM
2023-07-07,STARHEALTH,SHORT,11:55,599.25,834,499774.5,602.9999999999999,587.05,3.25,"BEAR-ENGULF,BOLLINGER,CAMARILLA,FAILED-BO,MACD,ORB-15,ORB-30,PIN-BAR,RSI-EXT,STOCHASTIC,SUPERTREND,VPOC,VWAP-STDDEV",13,13.0,FAILED-BO,"Failed BO: bull trap above 599.70, reversed on vol 1.4×",12:15,602.9999999999999,STOP_HIT,LOSS,-3857.89,-0.77,60.0,MEDIUM
2023-07-10,ICICIPRULI,LONG,09:15,580.4214285714286,861,499742.85,580.3178571428571,588.9142857142857,82.0,"ADX-FILTER,ASC-TRI,BULL-FLAG,CAMARILLA,DAILY-BIAS,DBL-BTM,FIRST-CANDLE,GAP-CONT,ORB-15,PDH-PDL,PIN-BAR,REL-STR,SR-BREAK,STOCHASTIC,VPOC",15,15.0,VPOC,VPOC: breakout above VAH=580.42,09:20,588.9142857142857,TARGET_HIT,EXACT_WIN,6578.0,1.32,60.0,MEDIUM
2023-07-10,BALRAMCHIN,SHORT,09:15,382.4,1307,499796.8,391.678,351.5,3.33,"ADX-FILTER,BEAR-ENGULF,BOLLINGER,DAILY-BIAS,DESC-TRI,FIRST-CANDLE,INTRADAY-STRUCT,PIN-BAR,REL-STR,SR-BREAK,STOCHASTIC,SUPERTREND,VPOC",13,13.0,DESC-TRI,Descending Triangle: breakdown below support 383.75,15:15,382.6,TIME_EXIT,LOSS,-990.18,-0.2,60.0,MEDIUM
2023-07-11,NHPC,LONG,09:15,46.01428571428571,10866,499991.23,46.004081632653055,46.23877551020408,22.0,"ADX-FILTER,ASC-TRI,CAMARILLA,CPR,DAILY-BIAS,FIRST-CANDLE,GAP-CONT,ORB-15,PDH-PDL,PIN-BAR,REL-STR,SR-BREAK,STOCHASTIC,VPOC",14,14.0,VPOC,VPOC: breakout above VAH=46.01,09:20,46.23877551020408,TARGET_HIT,EXACT_WIN,1708.48,0.34,60.0,MEDIUM
2023-07-11,BANDHANBNK,SHORT,12:35,227.75,2195,499911.25,230.6,222.05,2.0,"CAMARILLA,DAILY-BIAS,FIRST-CANDLE,INTRADAY-STRUCT,MACD,ORB-15,ORB-30,PDH-PDL,REL-STR,SR-BREAK,STOCHASTIC,SUPERTREND,VPOC",13,13.0,ORB-15,ORB-15: breakdown below 227.75,15:15,223.0,TIME_EXIT,WIN,9703.42,1.94,60.0,MEDIUM
2023-07-12,MARUTI,LONG,10:25,9899.0,50,494950.0,9805.0,10087.0,2.0,"BOLLINGER,CAMARILLA,DAILY-BIAS,DBL-BTM,EMA-CROSS,FIRST-CANDLE,MACD,ORB-15,ORB-30,PIN-BAR,RSI-EXT,SR-BREAK,SUPERTREND,VPOC",14,14.0,ORB-15,ORB-15: breakout above 9899.00 (range=94.00),13:05,9805.0,STOP_HIT,LOSS,-5418.3,-1.09,60.0,MEDIUM
2023-07-12,IEX,SHORT,09:15,124.45,4017,499915.65,129.28,93.67500000000001,6.37,"ADX-FILTER,BOLLINGER,CAMARILLA,DAILY-BIAS,DBL-TOP,DESC-TRI,FIRST-CANDLE,MACD,ORB-15,ORB-30,PDH-PDL,SR-BREAK,STOCHASTIC,VPOC",14,14.0,DESC-TRI,Descending Triangle: breakdown below support 124.56,15:15,123.5,TIME_EXIT,WIN,3089.54,0.62,60.0,MEDIUM
2023-07-13,ICICIPRULI,LONG,09:15,599.0612244897959,834,499617.06,598.5290816326531,601.7979591836735,5.14,"ADX-FILTER,CAMARILLA,CPR,DAILY-BIAS,DBL-BTM,FIRST-CANDLE,GAP-CONT,ORB-15,ORB-30,PDH-PDL,PIN-BAR,REL-STR,SR-BREAK,STOCHASTIC,VPOC,VWAP-STDDEV",16,16.0,VPOC,VPOC: breakout above VAH=599.06,09:20,601.7979591836735,TARGET_HIT,EXACT_WIN,1552.24,0.31,60.0,MEDIUM
2023-07-13,IEX,SHORT,09:15,123.95,4033,499890.35,128.775,94.07499999999999,6.19,"BOLLINGER,CAMARILLA,DAILY-BIAS,DBL-TOP,DESC-TRI,FIRST-CANDLE,MACD,ORB-15,ORB-30,PDH-PDL,PIN-BAR,SR-BREAK,STOCHASTIC,SUPERTREND,VPOC",15,15.0,DESC-TRI,Descending Triangle: breakdown below support 124.56,15:15,121.65,TIME_EXIT,WIN,8552.44,1.71,60.0,MEDIUM
2023-07-14,TATACOMM,LONG,09:30,1611.042857142857,310,499423.29,1607.2178571428572,1647.1071428571427,9.43,"ADX-FILTER,CPR,DAILY-BIAS,DBL-BTM,FIRST-CANDLE,INTRADAY-STRUCT,ORB-15,ORB-30,PDH-PDL,REL-STR,SR-BREAK,STOCHASTIC,VPOC",13,13.0,VPOC,VPOC: breakout above VAH=1611.04,09:35,1607.2178571428572,STOP_HIT,LOSS,-1912.93,-0.38,60.0,MEDIUM
2023-07-14,VBL,SHORT,12:55,332.8,1502,499865.6,339.0,320.40000000000003,2.0,"BOLLINGER,CAMARILLA,FAILED-BO,FIRST-CANDLE,MACD,ORB-15,ORB-30,PIN-BAR,REL-STR,STOCHASTIC,SUPERTREND,VPOC",12,12.0,ORB-15,ORB-15: breakdown below 332.80,15:15,333.6,TIME_EXIT,LOSS,-1931.01,-0.39,60.0,MEDIUM
2023-07-17,INDUSTOWER,LONG,09:20,165.8125,3015,499924.69,164.78125,169.9375,4.0,"ADX-FILTER,ASC-TRI,CAMARILLA,DAILY-BIAS,DBL-BTM,FIRST-CANDLE,INTRADAY-STRUCT,ORB-15,ORB-30,PDH-PDL,PIN-BAR,REL-STR,SR-BREAK,STOCHASTIC,VPOC",15,15.0,CAMARILLA,CAMARILLA: breakout above H4=165.81,10:30,169.9375,TARGET_HIT,EXACT_WIN,11698.22,2.34,60.0,MEDIUM
2023-07-17,ASTRAL,SHORT,10:50,1842.05,271,499195.55,1863.95,1798.2499999999998,2.0,"ADX-FILTER,BEAR-ENGULF,BOLLINGER,CAMARILLA,DAILY-BIAS,FAILED-BO,FIRST-CANDLE,MACD,ORB-15,ORB-30,PDH-PDL,REL-STR,SR-BREAK,SUPERTREND",14,14.0,ORB-15,ORB-15: breakdown below 1842.05,15:15,1836.5,TIME_EXIT,WIN,777.1,0.16,60.0,MEDIUM
2023-07-18,HDFCAMC,LONG,10:40,1147.4,435,499119.0,1133.2,1175.8000000000002,2.0,"BOLLINGER,BULL-FLAG,CAMARILLA,DAILY-BIAS,EMA-CROSS,FIRST-CANDLE,MACD,ORB-15,ORB-30,PDH-PDL,PIN-BAR,REL-STR,SR-BREAK,SUPERTREND,VPOC,VWAP-STDDEV",16,16.0,ORB-15,ORB-15: breakout above 1147.40 (range=14.20),12:10,1133.2,STOP_HIT,LOSS,-6899.82,-1.38,60.0,MEDIUM
2023-07-18,AMBUJACEM,SHORT,09:30,416.6,1200,499920.0,418.75,412.30000000000007,2.0,"ADX-FILTER,DAILY-BIAS,FAILED-BO,FIRST-CANDLE,MACD,ORB-15,PDH-PDL,PIN-BAR,RSI-EXT,SR-BREAK,STOCHASTIC,SUPERTREND,VPOC,VWAP-STDDEV",14,14.0,ORB-15,ORB-15: breakdown below 416.60,10:00,418.75,STOP_HIT,LOSS,-3310.28,-0.66,60.0,MEDIUM
2023-07-19,MAHABANK,LONG,09:40,32.3375,15461,499970.09,31.99375,33.71249999999999,4.0,"ADX-FILTER,BULL-FLAG,CAMARILLA,DAILY-BIAS,FIRST-CANDLE,ORB-15,ORB-30,PDH-PDL,REL-STR,SR-BREAK,STOCHASTIC,VOL-SPIKE,VPOC",13,13.0,CAMARILLA,CAMARILLA: breakout above H4=32.34,15:15,33.35,TIME_EXIT,WIN,14913.0,2.98,60.0,MEDIUM
2023-07-19,BANDHANBNK,SHORT,09:40,214.3,2333,499961.9,217.34523949799348,208.20952100401308,2.0,"ADX-FILTER,BOLLINGER,CAMARILLA,DAILY-BIAS,FIRST-CANDLE,MACD,PIN-BAR,REL-STR,SR-BREAK,STOCHASTIC,SUPERTREND,VPOC",12,12.0,SUPERTREND,"SUPERTREND: flipped bearish, ST=216.91",15:15,214.75,TIME_EXIT,LOSS,-1779.31,-0.36,60.0,MEDIUM
2023-07-20,DRREDDY,LONG,09:35,1056.985,473,499953.9,1051.0175,1080.8549999999998,4.0,"ASC-TRI,CAMARILLA,CPR,DAILY-BIAS,DBL-BTM,FIRST-CANDLE,ORB-15,ORB-30,PDH-PDL,PIN-BAR,REL-STR,SR-BREAK,STOCHASTIC,VOL-SPIKE,VPOC",15,15.0,CAMARILLA,CAMARILLA: breakout above H4=1056.98,15:15,1066.95,TIME_EXIT,WIN,3980.87,0.8,60.0,MEDIUM
2023-07-20,INDIGO,SHORT,09:15,2707.45,184,498170.8,2720.9872499999997,2670.9030612244896,2.7,"BOLLINGER,CAMARILLA,FAILED-BO,FIRST-CANDLE,MACD,PIN-BAR,REL-STR,RSI-EXT,SR-BREAK,SUPERTREND,VPOC,VWAP-STDDEV",12,12.0,VPOC,VPOC: rejection at VPOC=2705.36,12:35,2720.9872499999997,STOP_HIT,LOSS,-3218.69,-0.65,60.0,MEDIUM
2023-07-21,COFORGE,LONG,09:20,980.6428571428571,509,499147.21,975.1785714285714,1008.2857142857142,5.06,"BOLLINGER,DAILY-BIAS,DBL-BTM,EMA-CROSS,FIRST-CANDLE,GAP-CONT,MACD,REL-STR,RSI-EXT,SR-BREAK,SUPERTREND,VPOC,VWAP-REV,VWAP-STDDEV",14,14.0,VPOC,VPOC: breakout above VAH=980.64,09:25,975.1785714285714,STOP_HIT,LOSS,-3506.87,-0.7,60.0,MEDIUM
2023-07-21,BEL,SHORT,09:35,125.45,3985,499918.25,127.13876481462458,122.07247037075085,2.0,"ADX-FILTER,CPR,FIRST-CANDLE,INTRADAY-STRUCT,MACD,PDH-PDL,PIN-BAR,REL-STR,SR-BREAK,STOCHASTIC,SUPERTREND,VPOC",12,12.0,SUPERTREND,"SUPERTREND: flipped bearish, ST=126.88",15:15,125.05,TIME_EXIT,WIN,866.11,0.17,60.0,MEDIUM
2023-07-24,CANBK,LONG,12:50,62.64,7982,499992.48,61.43,65.06,2.0,"BOLLINGER,BULL-FLAG,CAMARILLA,DAILY-BIAS,EMA-CROSS,FIRST-CANDLE,MACD,ORB-15,ORB-30,PDH-PDL,SR-BREAK,SUPERTREND,VOL-SPIKE,VPOC,VWAP-STDDEV",15,15.0,ORB-15,ORB-15: breakout above 62.64 (range=1.21),15:15,62.44,TIME_EXIT,LOSS,-2324.04,-0.46,60.0,MEDIUM
2023-07-24,BANDHANBNK,SHORT,13:15,220.15,2271,499960.65,221.85374999999996,210.0,5.96,"ADX-FILTER,BOLLINGER,CAMARILLA,CPR,DAILY-BIAS,FAILED-BO,FIRST-CANDLE,MACD,PIN-BAR,REL-STR,RSI-EXT,SUPERTREND",12,12.0,FAILED-BO,"Failed BO: bull trap above 220.60, reversed on vol 4.5×",15:15,218.65,TIME_EXIT,WIN,2679.59,0.54,60.0,MEDIUM
2023-07-25,DIVISLAB,LONG,09:40,3717.1775000000002,134,498101.79,3702.58875,3775.5325000000007,4.0,"ASC-TRI,CAMARILLA,CPR,DAILY-BIAS,DBL-BTM,FIRST-CANDLE,MACD,ORB-15,ORB-30,PDH-PDL,PIN-BAR,REL-STR,SR-BREAK,STOCHASTIC,SUPERTREND,VPOC",16,16.0,CAMARILLA,CAMARILLA: breakout above H4=3717.18,15:15,3722.4,TIME_EXIT,LOSS,-27.06,-0.01,60.0,MEDIUM
2023-07-25,PAYTM,SHORT,11:15,802.6,622,499217.2,820.9,766.0000000000001,2.0,"ADX-FILTER,DAILY-BIAS,DBL-TOP,FIRST-CANDLE,MACD,ORB-15,ORB-30,PDH-PDL,REL-STR,SR-BREAK,STOCHASTIC,SUPERTREND",12,12.0,ORB-15,ORB-15: breakdown below 802.60,11:20,766.0000000000001,TARGET_HIT,EXACT_WIN,22050.37,4.42,60.0,MEDIUM
2023-07-26,HEROMOTOCO,LONG,09:30,3004.95,166,498821.7,2848.527,3416.3500000000004,2.63,"ASC-TRI,DAILY-BIAS,DBL-BTM,EMA-CROSS,FIRST-CANDLE,ORB-15,PDH-PDL,PIN-BAR,REL-STR,SR-BREAK,STOCHASTIC,VPOC,VWAP-STDDEV",13,13.0,ASC-TRI,Ascending Triangle: breakout above resistance 2998.33,15:15,2975.15,TIME_EXIT,LOSS,-5670.19,-1.14,60.0,MEDIUM
2023-07-26,PIIND,SHORT,09:15,3583.55,139,498113.45,3734.7275,3195.1249999999995,2.57,"ADX-FILTER,BOLLINGER,CAMARILLA,DAILY-BIAS,DESC-TRI,FAILED-BO,MACD,ORB-15,ORB-30,STOCHASTIC,SUPERTREND,VPOC,VWAP-STDDEV",13,13.0,DESC-TRI,Descending Triangle: breakdown below support 3603.14,15:15,3591.65,TIME_EXIT,LOSS,-1852.88,-0.37,60.0,MEDIUM
2023-07-27,KALYANKJIL,LONG,09:35,174.2,2870,499954.0,173.1,176.39999999999998,2.0,"ADX-FILTER,BOLLINGER,CAMARILLA,DAILY-BIAS,EMA-CROSS,FIRST-CANDLE,INTRADAY-STRUCT,MACD,ORB-15,PDH-PDL,PIN-BAR,REL-STR,SR-BREAK,STOCHASTIC,SUPERTREND,VPOC",16,16.0,ORB-15,ORB-15: breakout above 174.20 (range=1.10),09:40,176.39999999999998,TARGET_HIT,EXACT_WIN,5580.15,1.12,60.0,MEDIUM
2023-07-27,CONCOR,SHORT,13:20,543.25,920,499790.0,546.8,536.1500000000001,2.0,"ADX-FILTER,BEAR-ENGULF,CAMARILLA,FIRST-CANDLE,INTRADAY-STRUCT,MACD,ORB-15,ORB-30,PDH-PDL,SR-BREAK,STOCHASTIC,SUPERTREND,VPOC",13,13.0,ORB-15,ORB-15: breakdown below 543.25,15:15,540.35,TIME_EXIT,WIN,1940.9,0.39,60.0,MEDIUM
2023-07-28,ETERNAL,LONG,10:50,85.6,5841,499989.6,84.1,88.6,2.0,"ADX-FILTER,CAMARILLA,DAILY-BIAS,EMA-CROSS,FIRST-CANDLE,INTRADAY-STRUCT,MACD,ORB-15,ORB-30,PDH-PDL,SR-BREAK,STOCHASTIC,SUPERTREND,VPOC",14,14.0,ORB-15,ORB-15: breakout above 85.60 (range=1.50),15:15,86.6,TIME_EXIT,WIN,5107.48,1.02,60.0,MEDIUM
2023-07-28,AUBANK,SHORT,11:40,726.3,688,499694.4,732.4,714.0999999999999,2.0,"ADX-FILTER,CPR,DAILY-BIAS,MACD,ORB-30,PDH-PDL,PIN-BAR,SR-BREAK,STOCHASTIC,SUPERTREND,VPOC,VWAP-STDDEV",12,12.0,ORB-30,ORB-30: breakdown below 726.30,15:15,726.2,TIME_EXIT,LOSS,-659.65,-0.13,60.0,MEDIUM
2023-07-31,IRFC,LONG,09:15,35.385000000000005,14130,499990.05,35.1925,36.155000000000015,4.0,"ADX-FILTER,CAMARILLA,DAILY-BIAS,DBL-BTM,FIRST-CANDLE,GAP-CONT,INTRADAY-STRUCT,ORB-15,ORB-30,PDH-PDL,REL-STR,SR-BREAK,STOCHASTIC,VOL-SPIKE,VPOC",15,15.0,CAMARILLA,CAMARILLA: breakout above H4=35.39,10:00,36.155000000000015,TARGET_HIT,EXACT_WIN,10142.59,2.03,60.0,MEDIUM
2023-07-31,BHARTIARTL,SHORT,09:15,892.85,560,499996.0,894.96,888.63,2.0,"ADX-FILTER,FAILED-BO,FIRST-CANDLE,MACD,OPEN-WEAK,PDH-PDL,PIN-BAR,REL-STR,SR-BREAK,STOCHASTIC,VWAP-STDDEV",11,11.0,SR-BREAK,SR-BREAK: breakdown below support 892.85,09:20,888.63,TARGET_HIT,EXACT_WIN,1635.65,0.33,60.0,MEDIUM
2023-08-01,LODHA,LONG,10:10,762.1,656,499937.6,747.4,791.5000000000001,2.0,"BOLLINGER,CAMARILLA,DAILY-BIAS,EMA-CROSS,FIRST-CANDLE,MACD,ORB-15,ORB-30,PDH-PDL,PIN-BAR,RSI-EXT,SR-BREAK,STOCHASTIC,SUPERTREND,VPOC",15,15.0,ORB-15,ORB-15: breakout above 762.10 (range=14.70),15:15,762.15,TIME_EXIT,LOSS,-696.05,-0.14,60.0,MEDIUM
2023-08-01,CROMPTON,SHORT,10:30,293.2,1705,499906.0,296.16600880439165,287.26798239121666,2.0,"ADX-FILTER,BEAR-ENGULF,BOLLINGER,CAMARILLA,FAILED-BO,FIRST-CANDLE,INTRADAY-STRUCT,MACD,PDH-PDL,PIN-BAR,STOCHASTIC,SUPERTREND",12,12.0,SUPERTREND,"SUPERTREND: flipped bearish, ST=295.57",15:15,292.55,TIME_EXIT,WIN,380.1,0.08,60.0,MEDIUM
2023-08-02,UNIONBANK,LONG,09:30,83.44571428571429,5991,499923.27,83.37428571428572,84.24571428571429,11.2,"BOLLINGER,CAMARILLA,DAILY-BIAS,EMA-CROSS,FIRST-CANDLE,MACD,ORB-15,PDH-PDL,PIN-BAR,REL-STR,RSI-EXT,SR-BREAK,STOCHASTIC,SUPERTREND,VPOC,VWAP-REV,VWAP-STDDEV",17,17.0,VPOC,VPOC: breakout above VAH=83.45,09:35,84.24571428571429,TARGET_HIT,EXACT_WIN,4060.2,0.81,60.0,MEDIUM
2023-08-02,DMART,SHORT,10:15,3743.45,133,497878.85,3772.4217419605925,3685.5065160788145,2.0,"ADX-FILTER,BOLLINGER,CAMARILLA,DAILY-BIAS,DBL-TOP,FAILED-BO,FIRST-CANDLE,MACD,PDH-PDL,PIN-BAR,RSI-EXT,SUPERTREND",12,12.0,SUPERTREND,"SUPERTREND: flipped bearish, ST=3764.89",15:15,3714.45,TIME_EXIT,WIN,3133.19,0.63,60.0,MEDIUM
2023-08-03,POONAWALLA,LONG,09:15,394.9387755102041,1266,499992.49,392.94897959183675,405.28571428571433,5.2,"ADX-FILTER,CAMARILLA,DAILY-BIAS,DBL-BTM,FIRST-CANDLE,ORB-15,ORB-30,PDH-PDL,PIN-BAR,REL-STR,SR-BREAK,STOCHASTIC,VOL-SPIKE,VPOC",14,14.0,VPOC,VPOC: breakout above VAH=394.94,09:30,405.28571428571433,TARGET_HIT,EXACT_WIN,12359.95,2.47,60.0,MEDIUM
2023-08-03,ASIANPAINT,SHORT,12:20,3342.6,149,498047.4,3379.95,3267.9,2.0,"ADX-FILTER,CPR,DAILY-BIAS,FAILED-BO,FIRST-CANDLE,INTRADAY-STRUCT,MACD,ORB-15,ORB-30,PDH-PDL,PIN-BAR,REL-STR,SR-BREAK,SUPERTREND,VPOC",15,15.0,ORB-15,ORB-15: breakdown below 3342.60,15:15,3337.2,TIME_EXIT,WIN,78.81,0.02,60.0,MEDIUM
2023-08-04,LUPIN,LONG,09:20,1039.7714285714285,480,499090.29,1034.917857142857,1053.792857142857,2.89,"ADX-FILTER,CAMARILLA,CPR,DAILY-BIAS,FIRST-CANDLE,MACD,PDH-PDL,REL-STR,SR-BREAK,STOCHASTIC,SUPERTREND,VOL-SPIKE,VPOC,VWAP-REV",14,14.0,VPOC,VPOC: breakout above VAH=1039.77,09:25,1053.792857142857,TARGET_HIT,EXACT_WIN,5997.29,1.2,60.0,MEDIUM
2023-08-04,ABCAPITAL,SHORT,09:30,190.55,2623,499812.65,196.3271666666666,171.0,3.38,"ADX-FILTER,BOLLINGER,CPR,FAILED-BO,FIRST-CANDLE,INTRADAY-STRUCT,MACD,ORB-15,REL-STR,RISE-WEDGE,SR-BREAK,STOCHASTIC,SUPERTREND",13,13.0,RISE-WEDGE,Rising Wedge: broke below lower trendline 190.78,15:15,188.35,TIME_EXIT,WIN,5045.24,1.01,60.0,MEDIUM
2023-08-07,PAGEIND,LONG,09:15,39042.8475,12,468514.17,38921.44875,39528.442500000005,4.0,"ADX-FILTER,CAMARILLA,DAILY-BIAS,DBL-BTM,EMA-CROSS,FIRST-CANDLE,MACD,ORB-15,ORB-30,PDH-PDL,PIN-BAR,REL-STR,SR-BREAK,VPOC,VWAP-STDDEV",15,15.0,CAMARILLA,CAMARILLA: breakout above H4=39042.85,10:15,38921.44875,STOP_HIT,LOSS,-2141.61,-0.46,60.0,MEDIUM
2023-08-07,TRENT,SHORT,11:05,1136.0,440,499840.0,1145.3,1117.4,2.0,"BOLLINGER,CAMARILLA,DBL-TOP,DESC-TRI,FIRST-CANDLE,MACD,ORB-15,ORB-30,PDH-PDL,SR-BREAK,STOCHASTIC,SUPERTREND",12,12.0,ORB-15,ORB-15: breakdown below 1136.00,15:15,1125.8,TIME_EXIT,WIN,3761.87,0.75,60.0,MEDIUM
2023-08-08,BIOCON,LONG,09:45,270.05,1851,499862.55,267.025,282.15000000000003,4.0,"ADX-FILTER,CAMARILLA,DAILY-BIAS,DBL-BTM,EMA-CROSS,FIRST-CANDLE,INTRADAY-STRUCT,ORB-15,ORB-30,PDH-PDL,PIN-BAR,REL-STR,STOCHASTIC,VOL-SPIKE,VPOC",15,15.0,CAMARILLA,CAMARILLA: breakout above H4=270.05,11:40,267.025,STOP_HIT,LOSS,-6323.56,-1.27,60.0,MEDIUM
2023-08-08,BPCL,SHORT,13:30,156.4,3196,499854.4,158.15,152.9,2.0,"CAMARILLA,CPR,DAILY-BIAS,FAILED-BO,FIRST-CANDLE,MACD,ORB-15,ORB-30,PDH-PDL,SR-BREAK,STOCHASTIC,SUPERTREND,VPOC",13,13.0,ORB-15,ORB-15: breakdown below 156.40,15:15,155.35,TIME_EXIT,WIN,2629.01,0.53,60.0,MEDIUM
2023-08-09,DRREDDY,LONG,09:15,1140.34,438,499468.92,1135.17,1161.0199999999998,4.0,"CAMARILLA,DAILY-BIAS,FIRST-CANDLE,INTRADAY-STRUCT,ORB-15,ORB-30,PDH-PDL,PIN-BAR,REL-STR,SR-BREAK,STOCHASTIC,VOL-SPIKE,VPOC",13,13.0,CAMARILLA,CAMARILLA: breakout above H4=1140.34,09:45,1161.0199999999998,TARGET_HIT,EXACT_WIN,8322.48,1.67,60.0,MEDIUM
2023-08-09,NESTLEIND,SHORT,10:45,1111.4,449,499018.6,1117.8,1098.6000000000004,2.0,"ADX-FILTER,BOLLINGER,CAMARILLA,DAILY-BIAS,DESC-TRI,FIRST-CANDLE,MACD,ORB-15,PIN-BAR,RSI-EXT,STOCHASTIC,SUPERTREND,VPOC",13,13.0,ORB-15,ORB-15: breakdown below 1111.40,15:15,1111.6,TIME_EXIT,LOSS,-817.42,-0.16,60.0,MEDIUM
2023-08-10,LTM,LONG,10:30,5100.6,98,499858.8,5071.6,5158.6,2.0,"BOLLINGER,CAMARILLA,DAILY-BIAS,EMA-CROSS,FIRST-CANDLE,MACD,ORB-15,ORB-30,PDH-PDL,REL-STR,SR-BREAK,STOCHASTIC,SUPERTREND,VPOC",14,14.0,ORB-15,ORB-15: breakout above 5100.60 (range=29.00),15:15,5107.45,TIME_EXIT,LOSS,-57.95,-0.01,60.0,MEDIUM
2023-08-10,CANFINHOME,SHORT,10:25,727.45,687,499758.15,736.95,708.45,2.0,"CAMARILLA,DAILY-BIAS,FIRST-CANDLE,INTRADAY-STRUCT,MACD,ORB-15,ORB-30,PDH-PDL,RSI-EXT,SR-BREAK,STOCHASTIC,SUPERTREND,VWAP-REV,VWAP-STDDEV",14,14.0,ORB-15,ORB-15: breakdown below 727.45,12:35,736.95,STOP_HIT,LOSS,-7258.81,-1.45,60.0,MEDIUM
2023-08-11,IRCTC,LONG,09:15,654.34,764,499915.76,650.5450000000001,669.5200000000001,4.0,"CAMARILLA,DAILY-BIAS,DBL-BTM,FIRST-CANDLE,ORB-15,ORB-30,PDH-PDL,REL-STR,SR-BREAK,STOCHASTIC,VOL-SPIKE,VPOC,VWAP-REV,VWAP-STDDEV",14,14.0,CAMARILLA,CAMARILLA: breakout above H4=654.34,09:20,669.5200000000001,TARGET_HIT,EXACT_WIN,10859.54,2.17,60.0,MEDIUM
2023-08-11,HEROMOTOCO,SHORT,09:20,2844.65,175,497813.75,2894.7480655392646,2744.453868921471,2.0,"ADX-FILTER,CAMARILLA,DAILY-BIAS,FAILED-BO,FIRST-CANDLE,INTRADAY-STRUCT,MACD,PDH-PDL,PIN-BAR,REL-STR,STOCHASTIC,SUPERTREND,VPOC",13,13.0,SUPERTREND,"SUPERTREND: flipped bearish, ST=2888.97",15:15,2829.0,TIME_EXIT,WIN,2014.39,0.4,60.0,MEDIUM
2023-08-14,MPHASIS,LONG,13:30,2253.0,221,497913.0,2140.1820000000002,2741.0,4.33,"ADX-FILTER,ASC-TRI,BOLLINGER,CAMARILLA,DAILY-BIAS,FIRST-CANDLE,MACD,ORB-15,ORB-30,PIN-BAR,REL-STR,RSI-EXT,SUPERTREND,VPOC",14,14.0,ASC-TRI,Ascending Triangle: breakout above resistance 2250.40,15:15,2269.6,TIME_EXIT,WIN,2939.63,0.59,60.0,MEDIUM
2023-08-14,CANFINHOME,SHORT,09:15,723.6,690,499284.0,737.12,696.5600000000001,2.0,"BEAR-FLAG,DAILY-BIAS,FAILED-BO,FIRST-CANDLE,MACD,PDH-PDL,REL-STR,SR-BREAK,STOCHASTIC,VPOC,VWAP-REV,VWAP-STDDEV",12,12.0,SR-BREAK,SR-BREAK: breakdown below support 723.60,14:30,737.12,STOP_HIT,LOSS,-10062.07,-2.02,60.0,MEDIUM
2023-08-16,UNIONBANK,LONG,09:20,85.96081632653062,5816,499948.11,85.70510204081634,88.81020408163268,11.14,"CAMARILLA,DAILY-BIAS,EMA-CROSS,FIRST-CANDLE,MACD,ORB-15,ORB-30,PDH-PDL,PIN-BAR,REL-STR,SR-BREAK,STOCHASTIC,SUPERTREND,VPOC",14,14.0,VPOC,VPOC: breakout above VAH=85.96,15:15,87.29,TIME_EXIT,WIN,6995.57,1.4,60.0,MEDIUM
2023-08-16,PPLPHARMA,SHORT,11:35,96.9,5159,499907.1,97.73624999999998,95.05,2.21,"BOLLINGER,DAILY-BIAS,DBL-TOP,FAILED-BO,FIRST-CANDLE,MACD,ORB-15,PIN-BAR,REL-STR,RSI-EXT,SUPERTREND,VPOC,VWAP-REV,VWAP-STDDEV",14,14.0,FAILED-BO,"Failed BO: bull trap above 97.20, reversed on vol 1.5×",11:45,97.73624999999998,STOP_HIT,LOSS,-5045.46,-1.01,60.0,MEDIUM
2023-08-17,PERSISTENT,LONG,09:20,2497.2,200,499440.0,2476.078203779773,2539.4435924404534,2.0,"BOLLINGER,CAMARILLA,DAILY-BIAS,DBL-BTM,EMA-CROSS,FIRST-CANDLE,MACD,PIN-BAR,SR-BREAK,STOCHASTIC,SUPERTREND,VPOC,VWAP-STDDEV",13,13.0,EMA-CROSS,"EMA-CROSS: 9EMA crossed above 21EMA, price above VWAP",10:45,2476.078203779773,STOP_HIT,LOSS,-4949.16,-0.99,60.0,MEDIUM
2023-08-17,ASIANPAINT,SHORT,10:15,3190.0,156,497640.0,3224.0,3122.0,2.0,"BOLLINGER,CAMARILLA,DAILY-BIAS,FAILED-BO,FIRST-CANDLE,MACD,ORB-30,PDH-PDL,PIN-BAR,REL-STR,SR-BREAK,STOCHASTIC,SUPERTREND,VPOC",14,14.0,ORB-30,ORB-30: breakdown below 3190.00,15:15,3184.4,TIME_EXIT,WIN,148.41,0.03,60.0,MEDIUM
2023-08-18,UNIONBANK,LONG,09:20,89.25142857142858,5602,499986.5,89.2258163265306,90.9418367346939,66.0,"ADX-FILTER,CAMARILLA,DAILY-BIAS,EMA-CROSS,FIRST-CANDLE,MACD,PDH-PDL,PIN-BAR,REL-STR,RSI-EXT,SR-BREAK,STOCHASTIC,VPOC,VWAP-REV,VWAP-STDDEV",15,15.0,VPOC,VPOC: breakout above VAH=89.25,09:25,89.2258163265306,STOP_HIT,LOSS,-872.26,-0.17,60.0,MEDIUM
2023-08-18,TATACHEM,SHORT,10:05,988.0,506,499928.0,994.0,976.0,2.0,"CAMARILLA,DAILY-BIAS,FAILED-BO,FIRST-CANDLE,MACD,OPEN-WEAK,ORB-15,ORB-30,PDH-PDL,SR-BREAK,SUPERTREND",11,11.0,ORB-15,ORB-15: breakdown below 988.00,10:45,994.0,STOP_HIT,LOSS,-3766.55,-0.75,60.0,MEDIUM
2023-08-21,LTTS,LONG,09:25,4297.3125,116,498488.25,4278.681250000001,4371.8375,4.0,"ASC-TRI,CAMARILLA,DAILY-BIAS,FIRST-CANDLE,MACD,ORB-15,ORB-30,PDH-PDL,PIN-BAR,REL-STR,SR-BREAK,STOCHASTIC,VPOC",13,13.0,CAMARILLA,CAMARILLA: breakout above H4=4297.31,10:25,4371.8375,TARGET_HIT,EXACT_WIN,7911.21,1.59,60.0,MEDIUM
2023-08-21,HINDALCO,SHORT,13:25,446.85,1118,499578.3,449.96443124498273,440.6211375100346,2.0,"BOLLINGER,CAMARILLA,DAILY-BIAS,DBL-TOP,FIRST-CANDLE,MACD,PIN-BAR,REL-STR,RSI-EXT,SUPERTREND,VPOC,VWAP-STDDEV",12,12.0,SUPERTREND,"SUPERTREND: flipped bearish, ST=449.07",15:05,449.96443124498273,STOP_HIT,LOSS,-4212.26,-0.84,60.0,MEDIUM
2023-08-22,TATACOMM,LONG,09:15,1722.345,290,499480.05,1714.6725000000001,1753.035,4.0,"ADX-FILTER,ASC-TRI,CAMARILLA,CPR,DAILY-BIAS,DBL-BTM,FIRST-CANDLE,INTRADAY-STRUCT,PDH-PDL,PIN-BAR,REL-STR,SR-BREAK,VPOC",13,13.0,CAMARILLA,CAMARILLA: breakout above H4=1722.35,10:55,1753.035,TARGET_HIT,EXACT_WIN,8164.85,1.63,60.0,MEDIUM
2023-08-22,PVRINOX,SHORT,10:05,1706.2,293,499916.6,1724.0,1670.6000000000001,2.0,"ADX-FILTER,BOLLINGER,CAMARILLA,FIRST-CANDLE,MACD,ORB-15,ORB-30,PDH-PDL,REL-STR,SR-BREAK,SUPERTREND,VPOC",12,12.0,ORB-15,ORB-15: breakdown below 1706.20,15:15,1699.0,TIME_EXIT,WIN,1382.01,0.28,60.0,MEDIUM
2023-08-23,EXIDEIND,LONG,09:20,269.1925,1857,499890.47,267.99625000000003,273.97749999999996,4.0,"ASC-TRI,CAMARILLA,CPR,DAILY-BIAS,EMA-CROSS,FIRST-CANDLE,MACD,PDH-PDL,PIN-BAR,REL-STR,SR-BREAK,STOCHASTIC,SUPERTREND,VPOC",14,14.0,CAMARILLA,CAMARILLA: breakout above H4=269.19,15:10,267.99625000000003,STOP_HIT,LOSS,-2948.44,-0.59,60.0,MEDIUM
2023-08-23,NAUKRI,SHORT,13:30,834.0,599,499566.0,839.0,824.0,2.0,"BOLLINGER,CAMARILLA,DAILY-BIAS,FIRST-CANDLE,MACD,ORB-15,ORB-30,PDH-PDL,PIN-BAR,SR-BREAK,SUPERTREND,VPOC",12,12.0,ORB-15,ORB-15: breakdown below 834.00,15:15,830.5,TIME_EXIT,WIN,1369.38,0.27,60.0,MEDIUM
2023-08-24,ACC,LONG,09:15,1972.3948979591837,253,499015.91,1969.9520408163264,1984.2602040816328,4.86,"CAMARILLA,CPR,DAILY-BIAS,EMA-CROSS,FIRST-CANDLE,INTRADAY-STRUCT,ORB-15,PDH-PDL,PIN-BAR,REL-STR,SR-BREAK,STOCHASTIC,VPOC",13,13.0,VPOC,VPOC: breakout above VAH=1972.39,09:25,1984.2602040816328,TARGET_HIT,EXACT_WIN,2271.98,0.46,60.0,MEDIUM
2023-08-24,CDSL,SHORT,12:50,581.7,859,499680.3,585.6085544394776,573.8828911210448,2.0,"BEAR-ENGULF,BOLLINGER,CAMARILLA,DAILY-BIAS,DBL-TOP,FAILED-BO,FIRST-CANDLE,INTRADAY-STRUCT,MACD,PIN-BAR,SUPERTREND,VPOC",12,12.0,SUPERTREND,"SUPERTREND: flipped bearish, ST=584.44",15:15,578.8,TIME_EXIT,WIN,1764.05,0.35,60.0,MEDIUM
2023-08-25,TATAELXSI,LONG,10:00,7287.9,68,495577.2,7223.3,7417.0999999999985,2.0,"ADX-FILTER,BOLLINGER,CAMARILLA,DAILY-BIAS,EMA-CROSS,FIRST-CANDLE,MACD,ORB-15,ORB-30,PDH-PDL,SR-BREAK,STOCHASTIC,SUPERTREND,VPOC",14,14.0,ORB-15,ORB-15: breakout above 7287.90 (range=64.60),15:15,7300.0,TIME_EXIT,WIN,99.27,0.02,60.0,MEDIUM
2023-08-25,HCLTECH,SHORT,09:15,1165.5,429,499999.5,1193.2081954022985,1087.05,2.83,"FAILED-BO,FIRST-CANDLE,INTRADAY-STRUCT,OPEN-WEAK,ORB-15,ORB-30,PDH-PDL,PIN-BAR,RISE-WEDGE,SR-BREAK,STOCHASTIC,VWAP-STDDEV",12,12.0,RISE-WEDGE,Rising Wedge: broke below lower trendline 1166.24,15:15,1153.8,TIME_EXIT,WIN,4293.26,0.86,60.0,MEDIUM
2023-08-28,HSCL,LONG,09:25,194.78750000000002,2566,499824.73,192.79375000000002,202.76250000000005,4.0,"ADX-FILTER,BULL-FLAG,CAMARILLA,DAILY-BIAS,FIRST-CANDLE,GAP-CONT,ORB-15,ORB-30,PDH-PDL,PIN-BAR,REL-STR,SR-BREAK,STOCHASTIC,VPOC",14,14.0,CAMARILLA,CAMARILLA: breakout above H4=194.79,15:15,199.75,TIME_EXIT,WIN,11995.02,2.4,60.0,MEDIUM
2023-08-28,ADANIGREEN,SHORT,09:15,989.05,505,499470.25,993.9952499999998,975.6938775510204,2.7,"BEAR-ENGULF,BOLLINGER,CAMARILLA,DAILY-BIAS,FAILED-BO,FIRST-CANDLE,MACD,PDH-PDL,REL-STR,RSI-EXT,SR-BREAK,STOCHASTIC,SUPERTREND,VPOC",14,14.0,VPOC,VPOC: rejection at VPOC=988.04,10:30,975.6938775510204,TARGET_HIT,EXACT_WIN,6020.51,1.21,60.0,MEDIUM
2023-08-29,MANAPPURAM,LONG,09:15,146.25,3418,499882.5,144.875,151.75,4.0,"CAMARILLA,CPR,DAILY-BIAS,FIRST-CANDLE,GAP-CONT,INTRADAY-STRUCT,MACD,PDH-PDL,PIN-BAR,REL-STR,SR-BREAK,STOCHASTIC,VPOC,VWAP-STDDEV",14,14.0,CAMARILLA,CAMARILLA: breakout above H4=146.25,11:20,144.875,STOP_HIT,LOSS,-5424.78,-1.09,60.0,MEDIUM
2023-08-29,GODREJCP,SHORT,11:35,1022.9,488,499175.2,1033.0,1002.6999999999999,2.0,"ADX-FILTER,CAMARILLA,CPR,DAILY-BIAS,DBL-TOP,DESC-TRI,FIRST-CANDLE,INTRADAY-STRUCT,ORB-15,ORB-30,PDH-PDL,REL-STR,SR-BREAK,SUPERTREND",14,14.0,ORB-15,ORB-15: breakdown below 1022.90,15:15,1012.0,TIME_EXIT,WIN,4594.46,0.92,60.0,MEDIUM
2023-08-30,POLICYBZR,LONG,09:15,763.505,654,499332.27,761.0025,773.515,4.0,"ADX-FILTER,CAMARILLA,DAILY-BIAS,FIRST-CANDLE,MACD,ORB-15,ORB-30,PDH-PDL,REL-STR,SR-BREAK,STOCHASTIC,SUPERTREND,VPOC",13,13.0,CAMARILLA,CAMARILLA: breakout above H4=763.50,09:50,773.515,TARGET_HIT,EXACT_WIN,5813.36,1.16,60.0,MEDIUM
2023-08-30,SONACOMS,SHORT,11:50,579.0,863,499677.0,584.4,568.2,2.0,"ADX-FILTER,BOLLINGER,CAMARILLA,FIRST-CANDLE,MACD,ORB-15,ORB-30,PDH-PDL,PIN-BAR,SR-BREAK,STOCHASTIC,SUPERTREND,VPOC",13,13.0,ORB-15,ORB-15: breakdown below 579.00,15:15,579.9,TIME_EXIT,LOSS,-1505.61,-0.3,60.0,MEDIUM
2023-08-31,ANGELONE,LONG,09:20,180.5,1990,359195.0,165.429,214.8,2.28,"ADX-FILTER,ASC-TRI,BULL-FLAG,CPR,DAILY-BIAS,FIRST-CANDLE,INTRADAY-STRUCT,ORB-15,PDH-PDL,PIN-BAR,REL-STR,SR-BREAK,STOCHASTIC,SUPERTREND,VOL-SPIKE,VPOC",16,16.0,ASC-TRI,Ascending Triangle: breakout above resistance 180.00,15:15,186.7,TIME_EXIT,WIN,11791.3,3.28,60.0,MEDIUM
2023-08-31,IOC,SHORT,10:25,74.46,6715,499998.9,75.55,72.27999999999999,2.0,"BEAR-ENGULF,CAMARILLA,DAILY-BIAS,DBL-TOP,DESC-TRI,FAILED-BO,FIRST-CANDLE,MACD,ORB-15,ORB-30,PDH-PDL,PIN-BAR,SR-BREAK",13,13.0,ORB-15,ORB-15: breakdown below 74.46,15:15,73.41,TIME_EXIT,WIN,6325.87,1.27,60.0,MEDIUM
2023-09-01,NTPC,LONG,10:20,220.82142857142858,2264,499939.71,220.73265306122448,222.47857142857146,18.67,"ADX-FILTER,ASC-TRI,BOLLINGER,CAMARILLA,DAILY-BIAS,EMA-CROSS,FIRST-CANDLE,MACD,ORB-15,ORB-30,PIN-BAR,RSI-EXT,SUPERTREND,VPOC",14,14.0,VPOC,VPOC: breakout above VAH=220.82,10:25,222.47857142857146,TARGET_HIT,EXACT_WIN,3019.97,0.6,60.0,MEDIUM
2023-09-01,COLPAL,SHORT,11:20,1932.6,258,498610.8,1951.3,1895.1999999999998,2.0,"CAMARILLA,DAILY-BIAS,DBL-TOP,FIRST-CANDLE,MACD,ORB-15,ORB-30,PDH-PDL,PIN-BAR,SR-BREAK,STOCHASTIC,SUPERTREND,VPOC",13,13.0,ORB-15,ORB-15: breakdown below 1932.60,15:15,1939.95,TIME_EXIT,LOSS,-2624.4,-0.53,60.0,MEDIUM
2023-09-04,TITAGARH,LONG,09:45,829.2112244897959,602,499185.16,818.5627551020409,859.973469387755,2.89,"CPR,DAILY-BIAS,EMA-CROSS,FIRST-CANDLE,GAP-CONT,MACD,ORB-15,ORB-30,PDH-PDL,PIN-BAR,REL-STR,SR-BREAK,STOCHASTIC,VPOC,VWAP-STDDEV",15,15.0,VPOC,VPOC: breakout above VAH=829.21,12:55,818.5627551020409,STOP_HIT,LOSS,-7133.1,-1.43,60.0,MEDIUM
2023-09-04,PIIND,SHORT,10:20,3622.0,138,499836.0,3655.0,3556.0,2.0,"BOLLINGER,CAMARILLA,CPR,DAILY-BIAS,DBL-TOP,FAILED-BO,FIRST-CANDLE,MACD,ORB-15,ORB-30,PDH-PDL,PIN-BAR,SR-BREAK,STOCHASTIC,SUPERTREND,VPOC",16,16.0,ORB-15,ORB-15: breakdown below 3622.00,15:15,3629.95,TIME_EXIT,LOSS,-1826.41,-0.37,60.0,MEDIUM
2023-09-05,HUDCO,LONG,09:25,77.74,6431,499945.94,77.245,79.71999999999998,4.0,"BULL-FLAG,CAMARILLA,DAILY-BIAS,EMA-CROSS,FIRST-CANDLE,INTRADAY-STRUCT,MACD,ORB-15,PDH-PDL,PIN-BAR,REL-STR,RSI-EXT,SR-BREAK,STOCHASTIC,VWAP-REV,VWAP-STDDEV",16,16.0,CAMARILLA,CAMARILLA: breakout above H4=77.74,09:35,79.71999999999998,TARGET_HIT,EXACT_WIN,11994.46,2.4,60.0,MEDIUM
2023-09-05,APOLLOTYRE,SHORT,11:15,386.15,1294,499678.1,401.7275,331.475,3.51,"BEAR-ENGULF,BEAR-FLAG,DAILY-BIAS,DESC-TRI,FAILED-BO,FIRST-CANDLE,ORB-15,ORB-30,PDH-PDL,PIN-BAR,REL-STR,SR-BREAK,VWAP-STDDEV",13,13.0,DESC-TRI,Descending Triangle: breakdown below support 386.19,15:15,383.9,TIME_EXIT,WIN,2184.69,0.44,60.0,MEDIUM
2023-09-06,LTM,LONG,09:15,5454.613265306122,91,496369.81,5441.070918367347,5491.546938775509,2.73,"ADX-FILTER,BOLLINGER,CPR,DAILY-BIAS,DBL-BTM,EMA-CROSS,INTRADAY-STRUCT,PDH-PDL,PIN-BAR,RSI-EXT,SR-BREAK,STOCHASTIC,VPOC,VWAP-STDDEV",14,14.0,VPOC,VPOC: breakout above VAH=5454.61,09:25,5441.070918367347,STOP_HIT,LOSS,-1955.34,-0.39,60.0,MEDIUM
2023-09-06,BHARATFORG,SHORT,10:50,1105.95,452,499889.4,1114.8464999999999,1075.0,3.48,"ADX-FILTER,BEAR-ENGULF,BOLLINGER,CAMARILLA,FAILED-BO,FIRST-CANDLE,MACD,PIN-BAR,REL-STR,SUPERTREND,VWAP-STDDEV",11,11.0,BEAR-ENGULF,"Bear Engulf at resistance 1099.45, vol 2.6×",15:15,1099.0,TIME_EXIT,WIN,2414.44,0.48,60.0,MEDIUM
2023-09-07,JSWSTEEL,LONG,10:30,812.05,615,499410.75,805.5,825.1499999999999,2.0,"ADX-FILTER,BOLLINGER,CAMARILLA,DAILY-BIAS,DBL-BTM,FIRST-CANDLE,MACD,ORB-15,ORB-30,PDH-PDL,PIN-BAR,SR-BREAK,STOCHASTIC,SUPERTREND,VPOC",15,15.0,ORB-15,ORB-15: breakout above 812.05 (range=6.55),15:15,820.0,TIME_EXIT,WIN,4157.27,0.83,60.0,MEDIUM
2023-09-07,BANDHANBNK,SHORT,10:00,233.7,2139,499884.3,234.8,231.49999999999994,2.0,"BOLLINGER,FIRST-CANDLE,MACD,ORB-15,ORB-30,RSI-EXT,SR-BREAK,STOCHASTIC,SUPERTREND,VPOC,VWAP-STDDEV",11,11.0,ORB-15,ORB-15: breakdown below 233.70,13:55,234.8,STOP_HIT,LOSS,-3083.0,-0.62,60.0,MEDIUM
2023-09-08,RECLTD,LONG,09:45,252.0225,1983,499760.62,249.01125,264.0675,4.0,"ASC-TRI,CAMARILLA,DAILY-BIAS,DBL-BTM,FIRST-CANDLE,MACD,ORB-15,ORB-30,PDH-PDL,REL-STR,SR-BREAK,VPOC",12,12.0,CAMARILLA,CAMARILLA: breakout above H4=252.02,10:45,264.0675,TARGET_HIT,EXACT_WIN,23137.74,4.63,60.0,MEDIUM
2023-09-08,RBLBANK,SHORT,09:15,235.4,2124,499989.6,236.57699999999997,232.63979591836735,2.35,"ADX-FILTER,CAMARILLA,FAILED-BO,FIRST-CANDLE,INTRADAY-STRUCT,MACD,ORB-15,ORB-30,PDH-PDL,PIN-BAR,SR-BREAK,SUPERTREND,VPOC",13,13.0,VPOC,VPOC: rejection at VPOC=235.14,10:25,232.63979591836735,TARGET_HIT,EXACT_WIN,5137.13,1.03,60.0,MEDIUM
2023-09-11,ABB,LONG,09:15,4504.0,111,499944.0,4482.0,4592.0,4.0,"CAMARILLA,DAILY-BIAS,DBL-BTM,FIRST-CANDLE,INTRADAY-STRUCT,ORB-15,ORB-30,PDH-PDL,PIN-BAR,REL-STR,SR-BREAK,STOCHASTIC,VOL-SPIKE,VPOC",14,14.0,CAMARILLA,CAMARILLA: breakout above H4=4504.00,09:25,4592.0,TARGET_HIT,EXACT_WIN,9031.43,1.81,60.0,MEDIUM
2023-09-11,GLAND,SHORT,09:45,1695.0,294,498330.0,1709.0,1667.0,2.0,"ADX-FILTER,BEAR-ENGULF,BOLLINGER,CAMARILLA,FIRST-CANDLE,MACD,ORB-15,ORB-30,PDH-PDL,REL-STR,SR-BREAK,STOCHASTIC,VPOC",13,13.0,ORB-15,ORB-15: breakdown below 1695.00,15:15,1680.2,TIME_EXIT,WIN,3627.05,0.73,60.0,MEDIUM
2023-09-12,NESTLEIND,LONG,11:35,1106.7,451,499121.7,1100.8,1118.5000000000002,2.0,"ADX-FILTER,CAMARILLA,DAILY-BIAS,DBL-BTM,EMA-CROSS,FIRST-CANDLE,ORB-15,ORB-30,PDH-PDL,SR-BREAK,STOCHASTIC,SUPERTREND,VPOC",13,13.0,ORB-15,ORB-15: breakout above 1106.70 (range=5.90),13:00,1118.5000000000002,TARGET_HIT,EXACT_WIN,4589.87,0.92,60.0,MEDIUM
2023-09-12,ASHOKLEY,SHORT,09:50,89.5,5586,499947.0,90.5,87.5,2.0,"ADX-FILTER,CAMARILLA,DAILY-BIAS,DBL-TOP,FIRST-CANDLE,MACD,ORB-15,ORB-30,PDH-PDL,PIN-BAR,REL-STR,SR-BREAK,STOCHASTIC,SUPERTREND,VPOC",15,15.0,ORB-15,ORB-15: breakdown below 89.50,11:45,87.5,TARGET_HIT,EXACT_WIN,10449.55,2.09,60.0,MEDIUM
2023-09-13,GRASIM,LONG,09:45,1914.8575,261,499777.81,1891.85375,2006.8725000000004,4.0,"CAMARILLA,DAILY-BIAS,DBL-BTM,EMA-CROSS,FIRST-CANDLE,INTRADAY-STRUCT,MACD,ORB-15,ORB-30,PDH-PDL,PIN-BAR,REL-STR,SR-BREAK,SUPERTREND,VOL-SPIKE,VPOC",16,16.0,CAMARILLA,CAMARILLA: breakout above H4=1914.86,10:00,1891.85375,STOP_HIT,LOSS,-6727.83,-1.35,60.0,MEDIUM
2023-09-13,GODREJCP,SHORT,09:45,1007.25,496,499596.0,1015.0,991.75,2.0,"ADX-FILTER,DAILY-BIAS,DBL-TOP,DESC-TRI,FIRST-CANDLE,MACD,ORB-15,ORB-30,PDH-PDL,PIN-BAR,REL-STR,SR-BREAK,STOCHASTIC,SUPERTREND",14,14.0,ORB-15,ORB-15: breakdown below 1007.25,15:15,1003.85,TIME_EXIT,WIN,959.0,0.19,60.0,MEDIUM
2023-09-14,UPL,LONG,09:15,587.0949999999999,851,499617.84,585.1975,594.6849999999998,4.0,"ADX-FILTER,ASC-TRI,CAMARILLA,CPR,DAILY-BIAS,FIRST-CANDLE,ORB-15,ORB-30,PDH-PDL,REL-STR,SR-BREAK,STOCHASTIC,VOL-SPIKE,VPOC",14,14.0,CAMARILLA,CAMARILLA: breakout above H4=587.09,09:35,594.6849999999998,TARGET_HIT,EXACT_WIN,5725.59,1.15,60.0,MEDIUM
2023-09-14,GODREJCP,SHORT,12:00,1004.5,497,499236.5,1008.75,996.0,2.0,"BEAR-ENGULF,BOLLINGER,CAMARILLA,DAILY-BIAS,DBL-TOP,DESC-TRI,FIRST-CANDLE,MACD,ORB-15,ORB-30,PIN-BAR,SR-BREAK,STOCHASTIC,SUPERTREND,VPOC",15,15.0,ORB-15,ORB-15: breakdown below 1004.50,15:15,1005.05,TIME_EXIT,LOSS,-1001.38,-0.2,60.0,MEDIUM
2023-09-15,COALINDIA,LONG,09:20,260.9325,1916,499946.67,259.51625,266.59749999999997,4.0,"ADX-FILTER,CAMARILLA,DAILY-BIAS,EMA-CROSS,FIRST-CANDLE,PDH-PDL,PIN-BAR,REL-STR,SR-BREAK,STOCHASTIC,VPOC,VWAP-STDDEV",12,12.0,CAMARILLA,CAMARILLA: breakout above H4=260.93,12:30,259.51625,STOP_HIT,LOSS,-3440.22,-0.69,60.0,MEDIUM
2023-09-15,POWERGRID,SHORT,11:10,193.75,2580,499875.0,196.2,188.85000000000002,2.0,"CAMARILLA,FAILED-BO,FIRST-CANDLE,INTRADAY-STRUCT,MACD,ORB-30,PDH-PDL,PIN-BAR,REL-STR,SR-BREAK,STOCHASTIC,SUPERTREND,VPOC",13,13.0,ORB-30,ORB-30: breakdown below 193.75,15:15,194.35,TIME_EXIT,LOSS,-2277.62,-0.46,60.0,MEDIUM
2023-09-18,UNIONBANK,LONG,09:15,91.2195,5481,499974.08,90.36975,94.6185,4.0,"CAMARILLA,DAILY-BIAS,DBL-BTM,EMA-CROSS,FIRST-CANDLE,PDH-PDL,PIN-BAR,REL-STR,SR-BREAK,STOCHASTIC,VOL-SPIKE,VPOC,VWAP-REV,VWAP-STDDEV",14,14.0,CAMARILLA,CAMARILLA: breakout above H4=91.22,10:25,90.36975,STOP_HIT,LOSS,-5382.67,-1.08,60.0,MEDIUM
2023-09-18,ALKEM,SHORT,11:05,3644.0,137,499228.0,3808.6594999999998,3046.5499999999993,3.63,"ADX-FILTER,BOLLINGER,CAMARILLA,DAILY-BIAS,DESC-TRI,FIRST-CANDLE,MACD,ORB-15,ORB-30,PDH-PDL,PIN-BAR,STOCHASTIC,SUPERTREND",13,13.0,DESC-TRI,Descending Triangle: breakdown below support 3644.77,15:15,3656.5,TIME_EXIT,LOSS,-2441.34,-0.49,60.0,MEDIUM
2023-09-20,ITC,LONG,10:55,373.1,1340,499954.0,370.7,377.9000000000001,2.0,"ADX-FILTER,BOLLINGER,CAMARILLA,CPR,DAILY-BIAS,DBL-BTM,FIRST-CANDLE,MACD,ORB-30,PIN-BAR,SR-BREAK,STOCHASTIC,SUPERTREND,VPOC",14,14.0,ORB-30,ORB-30: breakout above 373.10 (range=2.40),15:15,373.35,TIME_EXIT,LOSS,-394.11,-0.08,60.0,MEDIUM
2023-09-20,INDIAMART,SHORT,09:40,3021.05,165,498473.25,3063.754446202061,2935.6411075958786,2.0,"ADX-FILTER,BOLLINGER,CAMARILLA,DAILY-BIAS,DBL-TOP,MACD,PDH-PDL,REL-STR,RSI-EXT,SR-BREAK,STOCHASTIC,SUPERTREND",12,12.0,SUPERTREND,"SUPERTREND: flipped bearish, ST=3057.64",15:15,3017.1,TIME_EXIT,LOSS,-74.71,-0.01,60.0,MEDIUM
2023-09-21,HDFCAMC,LONG,09:30,1293.2,386,499175.2,1271.7,1336.2,2.0,"ADX-FILTER,BOLLINGER,CAMARILLA,DAILY-BIAS,EMA-CROSS,FIRST-CANDLE,INTRADAY-STRUCT,MACD,ORB-15,PDH-PDL,REL-STR,SR-BREAK,STOCHASTIC,SUPERTREND,VPOC",15,15.0,ORB-15,ORB-15: breakout above 1293.20 (range=21.50),15:15,1284.9,TIME_EXIT,LOSS,-3929.05,-0.79,60.0,MEDIUM
2023-09-21,ZYDUSLIFE,SHORT,09:55,622.15,803,499586.45,635.3,595.85,2.0,"BOLLINGER,CAMARILLA,DAILY-BIAS,DESC-TRI,FIRST-CANDLE,MACD,ORB-30,PDH-PDL,REL-STR,SR-BREAK,STOCHASTIC,SUPERTREND",12,12.0,ORB-30,ORB-30: breakdown below 622.15,15:15,615.25,TIME_EXIT,WIN,4815.52,0.96,60.0,MEDIUM
2023-09-22,INFY,LONG,12:10,1499.0,333,499167.0,1485.2,1526.6,2.0,"BOLLINGER,CAMARILLA,DAILY-BIAS,FIRST-CANDLE,INTRADAY-STRUCT,MACD,ORB-15,ORB-30,PDH-PDL,PIN-BAR,SR-BREAK,SUPERTREND,VPOC",13,13.0,ORB-15,ORB-15: breakout above 1499.00 (range=13.80),15:15,1495.7,TIME_EXIT,LOSS,-1825.8,-0.37,60.0,MEDIUM
2023-09-22,AMBUJACEM,SHORT,09:30,425.05,1176,499858.8,428.5,418.15000000000003,2.0,"ADX-FILTER,CAMARILLA,DAILY-BIAS,DBL-TOP,DESC-TRI,FIRST-CANDLE,MACD,ORB-15,ORB-30,PDH-PDL,PIN-BAR,REL-STR,SR-BREAK,STOCHASTIC,SUPERTREND",15,15.0,ORB-15,ORB-15: breakdown below 425.05,15:15,420.65,TIME_EXIT,WIN,4448.64,0.89,60.0,MEDIUM
2023-09-25,RBLBANK,LONG,10:20,233.95,2137,499951.15,229.6,242.64999999999998,2.0,"BOLLINGER,CAMARILLA,DAILY-BIAS,EMA-CROSS,FIRST-CANDLE,MACD,ORB-15,ORB-30,PDH-PDL,SR-BREAK,STOCHASTIC,SUPERTREND,VPOC",13,13.0,ORB-15,ORB-15: breakout above 233.95 (range=4.35),11:00,242.64999999999998,TARGET_HIT,EXACT_WIN,17848.34,3.57,60.0,MEDIUM
2023-09-25,SBILIFE,SHORT,11:00,1302.2,383,498742.6,1340.0,1226.6000000000001,2.0,"ADX-FILTER,CAMARILLA,DBL-TOP,FAILED-BO,FIRST-CANDLE,OPEN-WEAK,ORB-15,ORB-30,PDH-PDL,PIN-BAR,REL-STR,SR-BREAK,STOCHASTIC",13,13.0,ORB-15,ORB-15: breakdown below 1302.20,15:15,1294.15,TIME_EXIT,WIN,2357.72,0.47,60.0,MEDIUM
2023-09-26,NATIONALUM,LONG,09:25,91.93100000000001,5438,499920.78,91.54050000000001,93.49300000000002,4.0,"CAMARILLA,EMA-CROSS,FIRST-CANDLE,MACD,PDH-PDL,PIN-BAR,REL-STR,RSI-EXT,SR-BREAK,STOCHASTIC,SUPERTREND,VPOC,VWAP-STDDEV",13,13.0,CAMARILLA,CAMARILLA: breakout above H4=91.93,12:15,91.54050000000001,STOP_HIT,LOSS,-2850.66,-0.57,60.0,MEDIUM
2023-09-26,APOLLOTYRE,SHORT,11:50,377.15,1325,499723.75,380.5,370.44999999999993,2.0,"BEAR-ENGULF,BOLLINGER,CAMARILLA,DAILY-BIAS,FAILED-BO,FIRST-CANDLE,MACD,ORB-15,ORB-30,PIN-BAR,REL-STR,SR-BREAK,SUPERTREND",13,13.0,ORB-15,ORB-15: breakdown below 377.15,15:00,370.44999999999993,TARGET_HIT,EXACT_WIN,8154.04,1.63,60.0,MEDIUM
2023-09-27,BRITANNIA,LONG,09:35,4605.0,108,497340.0,4575.3,4664.4,2.0,"ADX-FILTER,ASC-TRI,CAMARILLA,DAILY-BIAS,FIRST-CANDLE,MACD,ORB-15,PDH-PDL,PIN-BAR,REL-STR,SR-BREAK,STOCHASTIC,SUPERTREND,VWAP-STDDEV",14,14.0,ORB-15,ORB-15: breakout above 4605.00 (range=29.70),10:30,4575.3,STOP_HIT,LOSS,-3930.34,-0.79,60.0,MEDIUM
2023-09-27,LICI,SHORT,09:30,322.5,1550,499875.0,323.5,320.5,2.0,"BEAR-ENGULF,BOLLINGER,CAMARILLA,DAILY-BIAS,DBL-TOP,FIRST-CANDLE,INTRADAY-STRUCT,MACD,ORB-15,PIN-BAR,STOCHASTIC,VPOC,VWAP-STDDEV",13,13.0,ORB-15,ORB-15: breakdown below 322.50,12:15,323.5,STOP_HIT,LOSS,-2279.63,-0.46,60.0,MEDIUM
2023-09-28,EICHERMOT,LONG,12:50,3480.0,143,497640.0,3450.0,3540.0,2.0,"BOLLINGER,CAMARILLA,DAILY-BIAS,DBL-BTM,EMA-CROSS,MACD,ORB-15,ORB-30,PDH-PDL,PIN-BAR,SR-BREAK,STOCHASTIC,SUPERTREND,VPOC,VWAP-STDDEV",15,15.0,ORB-15,ORB-15: breakout above 3480.00 (range=30.00),14:35,3450.0,STOP_HIT,LOSS,-5012.3,-1.01,60.0,MEDIUM
2023-09-28,HAL,SHORT,09:35,1917.75,260,498615.0,1941.228494877936,1870.7930102441278,2.0,"BEAR-ENGULF,BOLLINGER,DAILY-BIAS,DBL-TOP,FIRST-CANDLE,INTRADAY-STRUCT,MACD,PDH-PDL,REL-STR,RSI-EXT,SR-BREAK,STOCHASTIC,SUPERTREND",13,13.0,SUPERTREND,"SUPERTREND: flipped bearish, ST=1937.35",15:15,1888.05,TIME_EXIT,WIN,6999.39,1.4,60.0,MEDIUM
2023-09-29,NTPC,LONG,09:15,242.4525,2062,499937.05,240.92625,248.55749999999995,4.0,"CAMARILLA,CPR,DAILY-BIAS,DBL-BTM,FIRST-CANDLE,ORB-15,ORB-30,PDH-PDL,PIN-BAR,REL-STR,SR-BREAK,STOCHASTIC,VPOC",13,13.0,CAMARILLA,CAMARILLA: breakout above H4=242.45,10:15,248.55749999999995,TARGET_HIT,EXACT_WIN,11849.72,2.37,60.0,MEDIUM
2023-09-29,DATAPATTNS,SHORT,10:50,2090.0,239,499510.0,2115.154213390666,2039.691573218668,2.0,"ADX-FILTER,BEAR-ENGULF,BOLLINGER,CPR,DAILY-BIAS,FAILED-BO,FIRST-CANDLE,PIN-BAR,REL-STR,SR-BREAK,SUPERTREND,VPOC,VWAP-STDDEV",13,13.0,SUPERTREND,"SUPERTREND: flipped bearish, ST=2110.93",15:15,2102.1,TIME_EXIT,LOSS,-3621.8,-0.73,60.0,MEDIUM
2023-10-03,BAJFINANCE,LONG,13:10,786.5,635,499427.5,775.5,808.5,2.0,"ADX-FILTER,BOLLINGER,CAMARILLA,DAILY-BIAS,DBL-BTM,EMA-CROSS,FIRST-CANDLE,INTRADAY-STRUCT,MACD,ORB-30,PDH-PDL,PIN-BAR,REL-STR,SR-BREAK,SUPERTREND",15,15.0,ORB-30,ORB-30: breakout above 786.50 (range=11.00),15:15,797.0,TIME_EXIT,WIN,5934.09,1.19,60.0,MEDIUM
2023-10-03,HINDPETRO,SHORT,09:25,146.7,3408,499953.6,147.93599999999998,142.1,3.72,"BEAR-ENGULF,BOLLINGER,CAMARILLA,DAILY-BIAS,FAILED-BO,INTRADAY-STRUCT,MACD,ORB-15,ORB-30,PIN-BAR,SUPERTREND,VWAP-STDDEV",12,12.0,FAILED-BO,"Failed BO: bull trap above 147.00, reversed on vol 1.3×",15:15,144.55,TIME_EXIT,WIN,6602.54,1.32,60.0,MEDIUM
2023-10-04,BANDHANBNK,LONG,11:15,252.3,1981,499806.3,250.3,256.3,2.0,"BOLLINGER,CAMARILLA,CPR,DAILY-BIAS,DBL-BTM,EMA-CROSS,MACD,ORB-15,ORB-30,PDH-PDL,PIN-BAR,RSI-EXT,SR-BREAK,SUPERTREND,VPOC,VWAP-STDDEV",16,16.0,ORB-15,ORB-15: breakout above 252.30 (range=2.00),15:15,254.05,TIME_EXIT,WIN,2735.36,0.55,60.0,MEDIUM
2023-10-04,ASTRAL,SHORT,10:00,1887.5,264,498300.0,1903.55,1855.4,2.0,"BEAR-ENGULF,BOLLINGER,CAMARILLA,DAILY-BIAS,INTRADAY-STRUCT,MACD,ORB-15,ORB-30,PDH-PDL,PIN-BAR,SR-BREAK,STOCHASTIC,VPOC",13,13.0,ORB-15,ORB-15: breakdown below 1887.50,13:00,1855.4,TARGET_HIT,EXACT_WIN,7752.65,1.56,60.0,MEDIUM
2023-10-05,BSOFT,LONG,09:15,496.7625,1006,499743.08,491.88125,516.2874999999999,4.0,"ADX-FILTER,CAMARILLA,DBL-BTM,FIRST-CANDLE,GAP-CONT,INTRADAY-STRUCT,ORB-15,ORB-30,PDH-PDL,PIN-BAR,REL-STR,SR-BREAK,STOCHASTIC,VPOC",14,14.0,CAMARILLA,CAMARILLA: breakout above H4=496.76,15:15,513.3,TIME_EXIT,WIN,15894.99,3.18,60.0,MEDIUM
2023-10-05,DABUR,SHORT,11:55,553.0,904,499912.0,558.0,543.0,2.0,"ADX-FILTER,BOLLINGER,CPR,DAILY-BIAS,DESC-TRI,FAILED-BO,FIRST-CANDLE,INTRADAY-STRUCT,MACD,ORB-15,ORB-30,PDH-PDL,REL-STR,SR-BREAK,STOCHASTIC,SUPERTREND",16,16.0,ORB-15,ORB-15: breakdown below 553.00,15:15,551.75,TIME_EXIT,WIN,401.86,0.08,60.0,MEDIUM
2023-10-06,LICHSGFIN,LONG,10:35,472.78877551020406,1057,499737.74,472.69744897959185,477.53775510204076,52.0,"BOLLINGER,CAMARILLA,CPR,DAILY-BIAS,DBL-BTM,EMA-CROSS,MACD,PDH-PDL,PIN-BAR,SR-BREAK,STOCHASTIC,VPOC,VWAP-STDDEV",13,13.0,VPOC,VPOC: breakout above VAH=472.79,11:15,472.69744897959185,STOP_HIT,LOSS,-825.01,-0.17,60.0,MEDIUM
2023-10-06,SAIL,SHORT,11:15,88.9,5624,499973.6,89.81403121145078,87.07193757709845,2.0,"ADX-FILTER,BOLLINGER,DAILY-BIAS,FAILED-BO,FIRST-CANDLE,MACD,PIN-BAR,RSI-EXT,SR-BREAK,STOCHASTIC,SUPERTREND,VPOC",12,12.0,SUPERTREND,"SUPERTREND: flipped bearish, ST=89.63",15:15,88.9,TIME_EXIT,LOSS,-728.87,-0.15,60.0,MEDIUM
2023-10-09,TORNTPHARM,LONG,12:05,1890.0,264,498960.0,1877.7,1914.6,2.0,"BOLLINGER,CAMARILLA,DBL-BTM,EMA-CROSS,FIRST-CANDLE,MACD,ORB-15,ORB-30,PDH-PDL,PIN-BAR,REL-STR,SR-BREAK,STOCHASTIC,SUPERTREND,VPOC",15,15.0,ORB-15,ORB-15: breakout above 1890.00 (range=12.30),15:15,1891.5,TIME_EXIT,LOSS,-331.81,-0.07,60.0,MEDIUM
2023-10-09,TATACOMM,SHORT,12:20,1812.0,275,498300.0,1835.2,1765.6,2.0,"ADX-FILTER,DAILY-BIAS,DBL-TOP,FIRST-CANDLE,ORB-15,ORB-30,PDH-PDL,PIN-BAR,REL-STR,SR-BREAK,STOCHASTIC,VWAP-STDDEV",12,12.0,ORB-15,ORB-15: breakdown below 1812.00,15:15,1808.0,TIME_EXIT,WIN,374.04,0.08,60.0,MEDIUM
2023-10-10,NCC,LONG,09:30,155.95612244897958,3206,499995.33,155.33163265306123,158.89489795918365,4.71,"ADX-FILTER,CAMARILLA,FALL-WEDGE,FIRST-CANDLE,GAP-CONT,INTRADAY-STRUCT,ORB-15,ORB-30,PDH-PDL,REL-STR,SR-BREAK,STOCHASTIC,VPOC",13,13.0,VPOC,VPOC: breakout above VAH=155.96,10:00,158.89489795918365,TARGET_HIT,EXACT_WIN,8685.35,1.74,60.0,MEDIUM
2023-10-10,HINDALCO,SHORT,09:40,471.0,1061,499731.0,473.35499999999996,465.87142857142857,2.18,"CAMARILLA,DAILY-BIAS,FAILED-BO,FIRST-CANDLE,INTRADAY-STRUCT,MACD,ORB-15,ORB-30,PIN-BAR,REL-STR,RSI-EXT,SR-BREAK,STOCHASTIC,SUPERTREND,VPOC,VWAP-REV",16,16.0,VPOC,VPOC: rejection at VPOC=470.50,13:40,473.35499999999996,STOP_HIT,LOSS,-3228.63,-0.65,60.0,MEDIUM
2023-10-11,MPHASIS,LONG,09:15,2398.125,208,498810.0,2387.8125,2439.375,4.0,"ASC-TRI,CAMARILLA,CPR,DAILY-BIAS,FIRST-CANDLE,ORB-15,ORB-30,PDH-PDL,PIN-BAR,SR-BREAK,STOCHASTIC,VPOC,VWAP-REV,VWAP-STDDEV",14,14.0,CAMARILLA,CAMARILLA: breakout above H4=2398.12,10:45,2439.375,TARGET_HIT,EXACT_WIN,7845.92,1.57,60.0,MEDIUM
2023-10-11,HDFCLIFE,SHORT,10:05,624.15,801,499944.15,627.0,618.4499999999999,2.0,"ADX-FILTER,BEAR-ENGULF,BOLLINGER,DAILY-BIAS,DBL-TOP,FIRST-CANDLE,ORB-15,ORB-30,PIN-BAR,REL-STR,SR-BREAK,SUPERTREND,VPOC",13,13.0,ORB-15,ORB-15: breakdown below 624.15,15:15,621.65,TIME_EXIT,WIN,1274.81,0.25,60.0,MEDIUM
2023-10-12,ITC,LONG,12:25,371.35,1346,499837.1,369.6,374.85,2.0,"CPR,DAILY-BIAS,DBL-BTM,EMA-CROSS,FIRST-CANDLE,MACD,ORB-15,ORB-30,PDH-PDL,PIN-BAR,STOCHASTIC,SUPERTREND,VPOC,VWAP-STDDEV",14,14.0,ORB-15,ORB-15: breakout above 371.35 (range=1.75),15:15,371.65,TIME_EXIT,LOSS,-325.21,-0.07,60.0,MEDIUM
2023-10-12,ICICIPRULI,SHORT,10:30,525.2,952,499990.4,531.4,512.8000000000002,2.0,"ADX-FILTER,BOLLINGER,DAILY-BIAS,FIRST-CANDLE,INTRADAY-STRUCT,MACD,ORB-15,ORB-30,PDH-PDL,PIN-BAR,RSI-EXT,SR-BREAK,STOCHASTIC,SUPERTREND,VPOC",15,15.0,ORB-15,ORB-15: breakdown below 525.20,15:15,524.4,TIME_EXIT,WIN,33.14,0.01,60.0,MEDIUM
2023-10-13,DIXON,LONG,09:45,5323.45,93,495080.85,5253.05,5464.249999999999,2.0,"CAMARILLA,CPR,DAILY-BIAS,FIRST-CANDLE,MACD,ORB-30,PDH-PDL,PIN-BAR,REL-STR,RSI-EXT,SR-BREAK,STOCHASTIC,SUPERTREND,VPOC,VWAP-STDDEV",15,15.0,ORB-30,ORB-30: breakout above 5323.45 (range=70.40),15:15,5335.0,TIME_EXIT,WIN,351.1,0.07,60.0,MEDIUM
2023-10-13,ASIANPAINT,SHORT,11:00,3140.0,159,499260.0,3172.0,3076.0,2.0,"DAILY-BIAS,FIRST-CANDLE,MACD,OPEN-WEAK,ORB-15,ORB-30,PDH-PDL,PIN-BAR,SR-BREAK,STOCHASTIC,SUPERTREND,VPOC",12,12.0,ORB-15,ORB-15: breakdown below 3140.00,15:15,3150.0,TIME_EXIT,LOSS,-2318.81,-0.46,60.0,MEDIUM
2023-10-16,FEDERALBNK,LONG,12:40,151.55,3299,499963.45,148.9,156.85000000000002,2.0,"ASC-TRI,DAILY-BIAS,DBL-BTM,EMA-CROSS,FIRST-CANDLE,GAP-CONT,MACD,ORB-15,ORB-30,PDH-PDL,PIN-BAR,SR-BREAK,SUPERTREND,VPOC,VWAP-REV",15,15.0,ORB-15,ORB-15: breakout above 151.55 (range=2.65),12:55,148.9,STOP_HIT,LOSS,-9464.29,-1.89,60.0,MEDIUM
2023-10-16,LAURUSLABS,SHORT,09:15,408.0,1225,499800.0,410.03999999999996,401.50306122448984,3.18,"ADX-FILTER,BOLLINGER,CAMARILLA,FAILED-BO,FIRST-CANDLE,MACD,REL-STR,SR-BREAK,STOCHASTIC,SUPERTREND,VPOC",11,11.0,VPOC,VPOC: rejection at VPOC=407.36,09:25,401.50306122448984,TARGET_HIT,EXACT_WIN,7234.66,1.45,60.0,MEDIUM
2023-10-17,POWERGRID,LONG,09:40,205.7,2430,499851.0,202.6,211.89999999999998,2.0,"DAILY-BIAS,DBL-BTM,EMA-CROSS,FIRST-CANDLE,INTRADAY-STRUCT,MACD,ORB-15,PDH-PDL,PIN-BAR,REL-STR,SR-BREAK,STOCHASTIC,SUPERTREND,VPOC",14,14.0,ORB-15,ORB-15: breakout above 205.70 (range=3.10),15:15,207.2,TIME_EXIT,WIN,2913.41,0.58,60.0,MEDIUM
2023-10-17,ASIANPAINT,SHORT,11:40,3110.35,160,497656.0,3137.0,3057.0499999999997,2.0,"BEAR-ENGULF,BOLLINGER,CAMARILLA,DAILY-BIAS,DBL-TOP,FAILED-BO,FIRST-CANDLE,MACD,ORB-15,ORB-30,PDH-PDL,PIN-BAR,SR-BREAK,STOCHASTIC,VWAP-STDDEV",15,15.0,ORB-15,ORB-15: breakdown below 3110.35,15:15,3112.9,TIME_EXIT,LOSS,-1133.95,-0.23,60.0,MEDIUM
2023-10-18,SHREECEM,LONG,09:25,26788.845,18,482199.21,26693.4475,27170.435000000005,4.0,"BOLLINGER,CAMARILLA,DAILY-BIAS,DBL-BTM,EMA-CROSS,FIRST-CANDLE,MACD,PDH-PDL,PIN-BAR,REL-STR,SR-BREAK,SUPERTREND,VPOC,VWAP-STDDEV",14,14.0,CAMARILLA,CAMARILLA: breakout above H4=26788.85,10:40,26693.4475,STOP_HIT,LOSS,-2420.44,-0.5,60.0,MEDIUM
2023-10-18,DALBHARAT,SHORT,10:45,2247.95,222,499044.9,2271.7,2200.45,2.0,"ADX-FILTER,BOLLINGER,DAILY-BIAS,FIRST-CANDLE,INTRADAY-STRUCT,MACD,ORB-15,ORB-30,PIN-BAR,SR-BREAK,STOCHASTIC,SUPERTREND,VPOC",13,13.0,ORB-15,ORB-15: breakdown below 2247.95,15:15,2227.55,TIME_EXIT,WIN,3803.78,0.76,60.0,MEDIUM
2023-10-19,TVSMOTOR,LONG,10:10,1597.95,312,498560.4,1584.6,1624.6500000000003,2.0,"BOLLINGER,CAMARILLA,DAILY-BIAS,DBL-BTM,EMA-CROSS,FIRST-CANDLE,MACD,ORB-15,ORB-30,PDH-PDL,REL-STR,SR-BREAK,STOCHASTIC,SUPERTREND,VPOC",15,15.0,ORB-15,ORB-15: breakout above 1597.95 (range=13.35),15:15,1597.7,TIME_EXIT,LOSS,-804.89,-0.16,60.0,MEDIUM
2023-10-19,NAVINFLUOR,SHORT,09:15,3662.25,136,498066.0,3764.7245,2641.1000000000004,9.96,"ADX-FILTER,BEAR-FLAG,DAILY-BIAS,DESC-TRI,FIRST-CANDLE,MACD,ORB-15,ORB-30,PDH-PDL,PIN-BAR,SR-BREAK,SUPERTREND",12,12.0,DESC-TRI,Descending Triangle: breakdown below support 3682.68,15:15,3648.05,TIME_EXIT,WIN,1206.03,0.24,60.0,MEDIUM
2023-10-20,IRB,LONG,09:40,17.9,27932,499982.8,17.3,19.099999999999994,2.0,"BOLLINGER,CAMARILLA,DAILY-BIAS,EMA-CROSS,FIRST-CANDLE,MACD,ORB-15,PDH-PDL,PIN-BAR,REL-STR,SR-BREAK,STOCHASTIC,SUPERTREND,VPOC",14,14.0,ORB-15,ORB-15: breakout above 17.90 (range=0.60),15:15,17.65,TIME_EXIT,LOSS,-7706.36,-1.54,60.0,MEDIUM
2023-10-20,NCC,SHORT,12:55,159.2,3140,499888.0,160.75,156.09999999999997,2.0,"BEAR-ENGULF,BOLLINGER,CAMARILLA,FIRST-CANDLE,MACD,ORB-15,ORB-30,PDH-PDL,PIN-BAR,SR-BREAK,STOCHASTIC,SUPERTREND,VPOC",13,13.0,ORB-15,ORB-15: breakdown below 159.20,13:00,156.09999999999997,TARGET_HIT,EXACT_WIN,9010.81,1.8,60.0,MEDIUM
2023-10-23,MCX,LONG,11:20,456.0,1096,499776.0,449.15999999999997,470.21255671486966,2.08,"BULL-FLAG,CAMARILLA,DAILY-BIAS,FIRST-CANDLE,ORB-15,ORB-30,PDH-PDL,REL-STR,SR-BREAK,STOCHASTIC,SUPERTREND,VPOC,VWAP-STDDEV",13,13.0,VWAP-STDDEV,"VWAP-STDDEV: at -2σ=456.49, RSI=17",12:20,449.15999999999997,STOP_HIT,LOSS,-8219.31,-1.64,60.0,MEDIUM
2023-10-23,ADANIENT,SHORT,09:50,2321.9,215,499208.5,2338.7,2288.3000000000006,2.0,"BOLLINGER,CAMARILLA,DAILY-BIAS,DBL-TOP,FIRST-CANDLE,INTRADAY-STRUCT,MACD,ORB-15,ORB-30,PDH-PDL,SR-BREAK,STOCHASTIC,SUPERTREND,VPOC",14,14.0,ORB-15,ORB-15: breakdown below 2321.90,10:05,2288.3000000000006,TARGET_HIT,EXACT_WIN,6500.3,1.3,60.0,MEDIUM
2023-10-25,TVSMOTOR,LONG,09:15,1595.7150000000001,313,499458.8,1587.9325000000001,1626.8450000000003,4.0,"ADX-FILTER,BOLLINGER,CAMARILLA,DAILY-BIAS,FIRST-CANDLE,MACD,ORB-15,PIN-BAR,REL-STR,RSI-EXT,SR-BREAK,VPOC,VWAP-STDDEV",13,13.0,CAMARILLA,CAMARILLA: breakout above H4=1595.72,09:25,1587.9325000000001,STOP_HIT,LOSS,-3162.17,-0.63,60.0,MEDIUM
2023-10-25,IOC,SHORT,13:30,72.42,6904,499987.68,73.32,70.62000000000002,2.0,"ADX-FILTER,CAMARILLA,DAILY-BIAS,DBL-TOP,FIRST-CANDLE,MACD,ORB-15,ORB-30,PDH-PDL,PIN-BAR,SR-BREAK,SUPERTREND,VPOC",13,13.0,ORB-15,ORB-15: breakdown below 72.42,15:15,71.95,TIME_EXIT,WIN,2517.84,0.5,60.0,MEDIUM
2023-10-26,JIOFIN,LONG,10:30,209.15,2390,499868.5,207.0,213.45000000000002,2.0,"ADX-FILTER,BOLLINGER,CAMARILLA,EMA-CROSS,FIRST-CANDLE,INTRADAY-STRUCT,MACD,ORB-15,ORB-30,PDH-PDL,RSI-EXT,SR-BREAK,STOCHASTIC,SUPERTREND,VPOC,VWAP-STDDEV",16,16.0,ORB-15,ORB-15: breakout above 209.15 (range=2.15),13:05,213.45000000000002,TARGET_HIT,EXACT_WIN,9540.13,1.91,60.0,MEDIUM
2023-10-26,INDUSINDBK,SHORT,09:20,1410.06,354,499161.24,1449.63,1330.9199999999996,2.0,"ADX-FILTER,CAMARILLA,DAILY-BIAS,DBL-TOP,DESC-TRI,FIRST-CANDLE,INTRADAY-STRUCT,MACD,OPEN-WEAK,PDH-PDL,PIN-BAR,REL-STR,SR-BREAK,STOCHASTIC",14,14.0,SR-BREAK,SR-BREAK: breakdown below support 1410.06,15:15,1416.45,TIME_EXIT,LOSS,-2991.12,-0.6,60.0,MEDIUM
2023-10-27,SBICARD,LONG,11:00,781.9,639,499634.1,763.6180655172408,857.8,4.15,"ADX-FILTER,CAMARILLA,CPR,EMA-CROSS,FALL-WEDGE,FIRST-CANDLE,GAP-CONT,ORB-15,ORB-30,PDH-PDL,PIN-BAR,STOCHASTIC,VPOC",13,13.0,FALL-WEDGE,Falling Wedge: broke above upper trendline 781.84,15:15,788.7,TIME_EXIT,WIN,3613.35,0.72,60.0,MEDIUM
2023-10-27,KPITTECH,SHORT,10:40,1130.95,442,499879.9,1172.4,1048.05,2.0,"ADX-FILTER,BOLLINGER,DAILY-BIAS,FIRST-CANDLE,INTRADAY-STRUCT,MACD,ORB-30,PIN-BAR,RSI-EXT,SR-BREAK,STOCHASTIC,SUPERTREND",12,12.0,ORB-30,ORB-30: breakdown below 1130.95,15:15,1126.3,TIME_EXIT,WIN,1327.73,0.27,60.0,MEDIUM
2023-10-30,SIEMENS,LONG,10:40,2617.8,191,499999.8,2590.25,2672.9000000000005,2.0,"BOLLINGER,CAMARILLA,CPR,EMA-CROSS,FIRST-CANDLE,MACD,ORB-15,ORB-30,PDH-PDL,PIN-BAR,REL-STR,SR-BREAK,STOCHASTIC,VPOC",14,14.0,ORB-15,ORB-15: breakout above 2617.80 (range=27.55),15:15,2611.05,TIME_EXIT,LOSS,-2017.14,-0.4,60.0,MEDIUM
2023-10-30,BEL,SHORT,09:40,131.95,3789,499958.55,133.21275,129.25,2.14,"ADX-FILTER,BEAR-ENGULF,BOLLINGER,CAMARILLA,DAILY-BIAS,DBL-TOP,FAILED-BO,FIRST-CANDLE,MACD,PIN-BAR,REL-STR,SR-BREAK,SUPERTREND",13,13.0,BEAR-ENGULF,"Bear Engulf at resistance 132.85, vol 3.7×",15:15,131.8,TIME_EXIT,LOSS,-160.18,-0.03,60.0,MEDIUM
2023-10-31,BPCL,LONG,09:15,150.92244897959185,3312,499855.15,150.86785714285713,155.180612244898,78.0,"ADX-FILTER,CAMARILLA,DAILY-BIAS,FIRST-CANDLE,MACD,PDH-PDL,PIN-BAR,REL-STR,SR-BREAK,STOCHASTIC,VPOC,VWAP-REV,VWAP-STDDEV",13,13.0,VPOC,VPOC: breakout above VAH=150.92,10:25,150.86785714285713,STOP_HIT,LOSS,-909.38,-0.18,60.0,MEDIUM
2023-10-31,AUROPHARMA,SHORT,10:15,861.8,580,499844.0,866.1089999999998,853.15,2.01,"ADX-FILTER,BOLLINGER,CAMARILLA,CPR,DAILY-BIAS,DBL-TOP,FAILED-BO,FIRST-CANDLE,ORB-15,ORB-30,PIN-BAR,SR-BREAK,SUPERTREND,VPOC,VWAP-STDDEV",15,15.0,VPOC,VPOC: rejection at VPOC=860.81,11:40,853.15,TARGET_HIT,EXACT_WIN,4291.17,0.86,60.0,MEDIUM
2023-11-01,ADANIPOWER,LONG,09:15,73.27857142857142,6823,499979.69,73.01071428571427,74.42142857142856,4.27,"ADX-FILTER,CAMARILLA,CPR,DAILY-BIAS,EMA-CROSS,FIRST-CANDLE,INTRADAY-STRUCT,ORB-15,PDH-PDL,REL-STR,RSI-EXT,SR-BREAK,STOCHASTIC,VPOC,VWAP-REV,VWAP-STDDEV",16,16.0,VPOC,VPOC: breakout above VAH=73.28,09:25,73.01071428571427,STOP_HIT,LOSS,-2555.02,-0.51,60.0,MEDIUM
2023-11-01,MOTHERSON,SHORT,11:15,61.3,8156,499962.8,61.83,60.239999999999995,2.0,"ADX-FILTER,BOLLINGER,CAMARILLA,DAILY-BIAS,FAILED-BO,FIRST-CANDLE,MACD,ORB-15,ORB-30,PDH-PDL,REL-STR,SR-BREAK,SUPERTREND,VPOC",14,14.0,ORB-15,ORB-15: breakdown below 61.30,12:10,61.83,STOP_HIT,LOSS,-5054.01,-1.01,60.0,MEDIUM
2023-11-02,TORNTPHARM,LONG,09:15,1933.06,258,498729.48,1925.305,1964.08,4.0,"CAMARILLA,DAILY-BIAS,EMA-CROSS,FIRST-CANDLE,INTRADAY-STRUCT,MACD,ORB-15,ORB-30,PDH-PDL,PIN-BAR,SR-BREAK,STOCHASTIC,VPOC,VWAP-STDDEV",14,14.0,CAMARILLA,CAMARILLA: breakout above H4=1933.06,11:15,1925.305,STOP_HIT,LOSS,-2726.38,-0.55,60.0,MEDIUM
2023-11-02,MANAPPURAM,SHORT,12:20,137.0,3649,499913.0,139.3,132.39999999999998,2.0,"ADX-FILTER,BOLLINGER,CAMARILLA,DAILY-BIAS,DBL-TOP,FAILED-BO,FIRST-CANDLE,MACD,ORB-15,ORB-30,PDH-PDL,PIN-BAR,REL-STR,STOCHASTIC,SUPERTREND",15,15.0,ORB-15,ORB-15: breakdown below 137.00,15:15,136.7,TIME_EXIT,WIN,366.53,0.07,60.0,MEDIUM
2023-11-03,CHENNPETRO,LONG,09:20,600.3974999999999,832,499530.72,593.94875,626.1924999999998,4.0,"CAMARILLA,DAILY-BIAS,FIRST-CANDLE,ORB-15,ORB-30,PDH-PDL,PIN-BAR,REL-STR,SR-BREAK,STOCHASTIC,VPOC,VWAP-REV,VWAP-STDDEV",13,13.0,CAMARILLA,CAMARILLA: breakout above H4=600.40,12:25,593.94875,STOP_HIT,LOSS,-6089.38,-1.22,60.0,MEDIUM
2023-11-03,IDFCFIRSTB,SHORT,09:20,82.71,6045,499981.95,85.84,76.44999999999997,2.0,"ADX-FILTER,BEAR-ENGULF,BOLLINGER,CAMARILLA,DAILY-BIAS,FAILED-BO,FIRST-CANDLE,MACD,PIN-BAR,REL-STR,RSI-EXT,SR-BREAK,VPOC,VWAP-STDDEV",14,14.0,SR-BREAK,SR-BREAK: breakdown below support 82.71,15:15,82.8,TIME_EXIT,LOSS,-1273.25,-0.25,60.0,MEDIUM
2023-11-06,COALINDIA,LONG,09:15,292.555,1709,499976.49,291.4275,297.065,4.0,"ADX-FILTER,ASC-TRI,CAMARILLA,DAILY-BIAS,FIRST-CANDLE,INTRADAY-STRUCT,PDH-PDL,PIN-BAR,REL-STR,SR-BREAK,STOCHASTIC,VPOC",12,12.0,CAMARILLA,CAMARILLA: breakout above H4=292.56,09:20,297.065,TARGET_HIT,EXACT_WIN,6972.61,1.39,60.0,MEDIUM
2023-11-06,MANAPPURAM,SHORT,13:25,142.9,3498,499864.2,144.0165,137.55,4.79,"BEAR-ENGULF,BOLLINGER,CAMARILLA,DAILY-BIAS,FAILED-BO,FIRST-CANDLE,MACD,ORB-15,PIN-BAR,REL-STR,RSI-EXT,SUPERTREND,VWAP-REV,VWAP-STDDEV",14,14.0,BEAR-ENGULF,"Bear Engulf at resistance 142.00, vol 2.5×",15:15,142.95,TIME_EXIT,LOSS,-903.72,-0.18,60.0,MEDIUM
2023-11-07,INDUSINDBK,LONG,09:30,1474.8,339,499957.2,1464.25,1495.8999999999999,2.0,"ADX-FILTER,ASC-TRI,CAMARILLA,CPR,DAILY-BIAS,FIRST-CANDLE,INTRADAY-STRUCT,MACD,ORB-15,ORB-30,PDH-PDL,REL-STR,SR-BREAK,STOCHASTIC,VPOC,VWAP-STDDEV",16,16.0,ORB-15,ORB-15: breakout above 1474.80 (range=10.55),15:15,1486.8,TIME_EXIT,WIN,3335.93,0.67,60.0,MEDIUM
2023-11-07,SAMMAANCAP,SHORT,13:20,148.75,3361,499948.75,149.94599999999997,145.85,2.42,"CAMARILLA,DAILY-BIAS,DBL-TOP,FAILED-BO,FIRST-CANDLE,ORB-15,ORB-30,PDH-PDL,REL-STR,RSI-EXT,STOCHASTIC,SUPERTREND,VWAP-REV,VWAP-STDDEV",14,14.0,FAILED-BO,"Failed BO: bull trap above 149.15, reversed on vol 3.3×",13:30,149.94599999999997,STOP_HIT,LOSS,-4750.89,-0.95,60.0,MEDIUM
2023-11-08,TVSMOTOR,LONG,09:55,1620.35,308,499067.8,1612.0,1637.0499999999997,2.0,"ADX-FILTER,ASC-TRI,CPR,DAILY-BIAS,DBL-BTM,FIRST-CANDLE,INTRADAY-STRUCT,ORB-15,ORB-30,PDH-PDL,PIN-BAR,SR-BREAK,STOCHASTIC,VPOC",14,14.0,ORB-15,ORB-15: breakout above 1620.35 (range=8.35),10:25,1637.0499999999997,TARGET_HIT,EXACT_WIN,4411.89,0.88,60.0,MEDIUM
2023-11-08,CUMMINSIND,SHORT,10:05,1707.85,292,498692.2,1752.6,1618.35,2.0,"BOLLINGER,DAILY-BIAS,FAILED-BO,FIRST-CANDLE,MACD,ORB-15,ORB-30,PDH-PDL,PIN-BAR,RSI-EXT,SR-BREAK,SUPERTREND,VPOC,VWAP-REV,VWAP-STDDEV",15,15.0,ORB-15,ORB-15: breakdown below 1707.85,10:30,1752.6,STOP_HIT,LOSS,-13801.6,-2.77,60.0,MEDIUM
2023-11-09,POWERGRID,LONG,10:35,207.85,2405,499879.25,206.1,211.35,2.0,"ADX-FILTER,CAMARILLA,DAILY-BIAS,DBL-BTM,FIRST-CANDLE,INTRADAY-STRUCT,MACD,ORB-15,ORB-30,SR-BREAK,STOCHASTIC,SUPERTREND,VPOC",13,13.0,ORB-15,ORB-15: breakout above 207.85 (range=1.75),15:15,209.95,TIME_EXIT,WIN,4317.76,0.86,60.0,MEDIUM
2023-11-09,JINDALSTEL,SHORT,12:55,628.1,796,499967.6,633.55,617.2000000000002,2.0,"BOLLINGER,CAMARILLA,DAILY-BIAS,FAILED-BO,FIRST-CANDLE,MACD,ORB-15,ORB-30,PDH-PDL,PIN-BAR,RSI-EXT,SUPERTREND,VPOC",13,13.0,ORB-15,ORB-15: breakdown below 628.10,15:15,624.45,TIME_EXIT,WIN,2178.2,0.44,60.0,MEDIUM
2023-11-10,COCHINSHIP,LONG,09:35,519.45,962,499710.9,515.0,528.3500000000001,2.0,"CAMARILLA,DAILY-BIAS,EMA-CROSS,FIRST-CANDLE,MACD,ORB-15,ORB-30,PDH-PDL,PIN-BAR,REL-STR,SR-BREAK,STOCHASTIC,SUPERTREND,VPOC",14,14.0,ORB-15,ORB-15: breakout above 519.45 (range=4.45),10:00,528.3500000000001,TARGET_HIT,EXACT_WIN,7826.51,1.57,60.0,MEDIUM
2023-11-10,M&M,SHORT,09:15,1540.0,324,498960.0,1555.7897959183674,1499.0408163265306,2.59,"ADX-FILTER,CPR,DAILY-BIAS,DBL-TOP,FAILED-BO,FIRST-CANDLE,INTRADAY-STRUCT,ORB-15,ORB-30,PIN-BAR,REL-STR,STOCHASTIC,VPOC",13,13.0,VPOC,VPOC: rejection at VPOC=1539.06,15:15,1524.45,TIME_EXIT,WIN,4313.59,0.86,60.0,MEDIUM
2023-11-13,RPOWER,LONG,09:40,20.85,23980,499983.0,20.25,22.050000000000004,2.0,"CAMARILLA,CPR,DAILY-BIAS,FIRST-CANDLE,INTRADAY-STRUCT,ORB-15,ORB-30,PDH-PDL,PIN-BAR,REL-STR,SR-BREAK,STOCHASTIC,SUPERTREND,VOL-SPIKE,VPOC",15,15.0,ORB-15,ORB-15: breakout above 20.85 (range=0.60),10:55,22.050000000000004,TARGET_HIT,EXACT_WIN,28024.33,5.61,60.0,MEDIUM
2023-11-13,DIXON,SHORT,10:55,5230.0,95,496850.0,5274.45,5141.1,2.0,"ADX-FILTER,BEAR-ENGULF,DAILY-BIAS,DBL-TOP,INTRADAY-STRUCT,OPEN-WEAK,ORB-15,ORB-30,PDH-PDL,PIN-BAR,SR-BREAK,STOCHASTIC,VWAP-STDDEV",13,13.0,ORB-15,ORB-15: breakdown below 5230.00,15:15,5236.15,TIME_EXIT,LOSS,-1309.2,-0.26,60.0,MEDIUM
2023-11-15,ANGELONE,LONG,09:25,286.64500000000004,1744,499908.88,283.3725,299.73500000000007,4.0,"ADX-FILTER,BULL-FLAG,CAMARILLA,DAILY-BIAS,FIRST-CANDLE,GAP-CONT,ORB-15,ORB-30,PDH-PDL,REL-STR,SR-BREAK,STOCHASTIC,VPOC",13,13.0,CAMARILLA,CAMARILLA: breakout above H4=286.65,15:05,299.73500000000007,TARGET_HIT,EXACT_WIN,22082.1,4.42,60.0,MEDIUM
2023-11-15,CGPOWER,SHORT,10:50,382.4,1307,499796.8,388.4,370.4,2.0,"BOLLINGER,CAMARILLA,DAILY-BIAS,FIRST-CANDLE,MACD,ORB-15,ORB-30,PDH-PDL,REL-STR,RSI-EXT,STOCHASTIC,SUPERTREND,VPOC,VWAP-STDDEV",14,14.0,ORB-15,ORB-15: breakdown below 382.40,14:00,388.4,STOP_HIT,LOSS,-8575.12,-1.72,60.0,MEDIUM
2023-11-16,BAJAJ-AUTO,LONG,09:15,5376.5,92,494638.0,5164.83,5850.75,2.24,"ASC-TRI,CAMARILLA,CPR,DAILY-BIAS,DBL-BTM,FIRST-CANDLE,MACD,ORB-15,ORB-30,PDH-PDL,PIN-BAR,SR-BREAK,STOCHASTIC,SUPERTREND,VPOC",15,15.0,ASC-TRI,Ascending Triangle: breakout above resistance 5316.38,15:15,5408.0,TIME_EXIT,WIN,2174.11,0.44,60.0,MEDIUM
2023-11-16,ADANIENT,SHORT,09:30,2132.3,234,498958.2,2225.333,1817.2000000000003,3.39,"CAMARILLA,DAILY-BIAS,DBL-TOP,DESC-TRI,FIRST-CANDLE,INTRADAY-STRUCT,OPEN-WEAK,ORB-15,PDH-PDL,PIN-BAR,REL-STR,SR-BREAK,STOCHASTIC,SUPERTREND,VWAP-STDDEV",15,15.0,DESC-TRI,Descending Triangle: breakdown below support 2138.90,15:15,2137.1,TIME_EXIT,LOSS,-1851.33,-0.37,60.0,MEDIUM
2023-11-17,MFSL,LONG,09:25,934.6510204081633,534,499103.64,930.0147959183673,956.7622448979592,4.77,"ASC-TRI,CAMARILLA,DAILY-BIAS,DBL-BTM,EMA-CROSS,FIRST-CANDLE,MACD,ORB-15,ORB-30,PDH-PDL,PIN-BAR,REL-STR,SR-BREAK,STOCHASTIC,VOL-SPIKE,VPOC",16,16.0,VPOC,VPOC: breakout above VAH=934.65,09:35,956.7622448979592,TARGET_HIT,EXACT_WIN,11070.36,2.22,60.0,MEDIUM
2023-11-17,IGL,SHORT,11:20,194.3,2573,499933.9,195.86098447537378,191.17803104925247,2.0,"ADX-FILTER,BEAR-ENGULF,BOLLINGER,CAMARILLA,DAILY-BIAS,DBL-TOP,FAILED-BO,INTRADAY-STRUCT,MACD,PIN-BAR,SUPERTREND",11,11.0,SUPERTREND,"SUPERTREND: flipped bearish, ST=195.47",12:35,195.86098447537378,STOP_HIT,LOSS,-4747.53,-0.95,60.0,MEDIUM
2023-11-20,HCLTECH,LONG,09:15,1319.6425,378,498824.86,1314.32125,1340.9274999999998,4.0,"ASC-TRI,CAMARILLA,DAILY-BIAS,DBL-BTM,FIRST-CANDLE,ORB-15,ORB-30,PDH-PDL,PIN-BAR,REL-STR,SR-BREAK,STOCHASTIC,VPOC",13,13.0,CAMARILLA,CAMARILLA: breakout above H4=1319.64,15:15,1327.65,TIME_EXIT,WIN,2297.13,0.46,60.0,MEDIUM
2023-11-20,SUNPHARMA,SHORT,11:55,1193.4,418,498841.2,1198.25,1183.7000000000003,2.0,"ADX-FILTER,CAMARILLA,FIRST-CANDLE,INTRADAY-STRUCT,MACD,ORB-15,ORB-30,PDH-PDL,PIN-BAR,STOCHASTIC,SUPERTREND,VPOC",12,12.0,ORB-15,ORB-15: breakdown below 1193.40,15:15,1187.5,TIME_EXIT,WIN,1740.28,0.35,60.0,MEDIUM
2023-11-21,PRESTIGE,LONG,12:15,899.95,555,499472.25,891.0,917.8500000000001,2.0,"CPR,DAILY-BIAS,EMA-CROSS,FIRST-CANDLE,MACD,ORB-15,ORB-30,PDH-PDL,PIN-BAR,REL-STR,SR-BREAK,STOCHASTIC,SUPERTREND,VPOC",14,14.0,ORB-15,ORB-15: breakout above 899.95 (range=8.95),15:15,909.75,TIME_EXIT,WIN,4706.5,0.94,60.0,MEDIUM
2023-11-21,BANDHANBNK,SHORT,09:20,215.1,2324,499892.4,226.745,176.45,3.32,"ADX-FILTER,BOLLINGER,CAMARILLA,DAILY-BIAS,DBL-TOP,DESC-TRI,FIRST-CANDLE,INTRADAY-STRUCT,MACD,ORB-15,ORB-30,PDH-PDL,SR-BREAK,STOCHASTIC,SUPERTREND,VPOC",16,16.0,DESC-TRI,Descending Triangle: breakdown below support 215.12,15:15,213.9,TIME_EXIT,WIN,2061.63,0.41,60.0,MEDIUM
2023-11-22,PAGEIND,LONG,09:35,38013.0225,13,494169.29,37856.56125,38638.8675,4.0,"ADX-FILTER,CAMARILLA,DAILY-BIAS,EMA-CROSS,FIRST-CANDLE,INTRADAY-STRUCT,ORB-15,ORB-30,PDH-PDL,PIN-BAR,REL-STR,SR-BREAK,STOCHASTIC,VPOC,VWAP-STDDEV",15,15.0,CAMARILLA,CAMARILLA: breakout above H4=38013.02,11:15,37856.56125,STOP_HIT,LOSS,-2753.35,-0.56,60.0,MEDIUM
2023-11-22,BANDHANBNK,SHORT,09:15,214.5,2331,499999.5,226.745,176.45,3.11,"ADX-FILTER,BEAR-ENGULF,BOLLINGER,DAILY-BIAS,DBL-TOP,DESC-TRI,FAILED-BO,MACD,ORB-15,PDH-PDL,PIN-BAR,SR-BREAK,VWAP-STDDEV",13,13.0,DESC-TRI,Descending Triangle: breakdown below support 215.12,15:15,212.35,TIME_EXIT,WIN,4285.61,0.86,60.0,MEDIUM
2023-11-23,PRESTIGE,LONG,09:20,915.735,546,499991.31,910.8675,935.205,4.0,"BULL-FLAG,CAMARILLA,CPR,DAILY-BIAS,FIRST-CANDLE,ORB-15,ORB-30,PDH-PDL,REL-STR,SR-BREAK,STOCHASTIC,VPOC,VWAP-REV,VWAP-STDDEV",14,14.0,CAMARILLA,CAMARILLA: breakout above H4=915.74,09:30,935.205,TARGET_HIT,EXACT_WIN,9893.31,1.98,60.0,MEDIUM
2023-11-23,AMBUJACEM,SHORT,10:35,413.3,1209,499679.7,416.75,406.40000000000003,2.0,"CAMARILLA,DAILY-BIAS,DBL-TOP,FIRST-CANDLE,MACD,ORB-15,ORB-30,PDH-PDL,REL-STR,SR-BREAK,STOCHASTIC,SUPERTREND,VPOC",13,13.0,ORB-15,ORB-15: breakdown below 413.30,15:15,415.5,TIME_EXIT,LOSS,-3389.79,-0.68,60.0,MEDIUM
2023-11-24,PPLPHARMA,LONG,09:20,125.18571428571428,3994,499991.74,123.75714285714287,130.21428571428572,3.52,"ADX-FILTER,BOLLINGER,BULL-FLAG,DAILY-BIAS,FIRST-CANDLE,ORB-15,PDH-PDL,REL-STR,RSI-EXT,SR-BREAK,STOCHASTIC,VPOC,VWAP-REV,VWAP-STDDEV",14,14.0,VPOC,VPOC: breakout above VAH=125.19,11:55,123.75714285714287,STOP_HIT,LOSS,-6430.1,-1.29,60.0,MEDIUM
2023-11-24,BRITANNIA,SHORT,11:00,4690.0,106,497140.0,4715.0,4640.0,2.0,"BEAR-ENGULF,CPR,FAILED-BO,FIRST-CANDLE,INTRADAY-STRUCT,ORB-15,ORB-30,PDH-PDL,PIN-BAR,SR-BREAK,SUPERTREND,VPOC",12,12.0,ORB-15,ORB-15: breakdown below 4690.00,15:15,4644.85,TIME_EXIT,WIN,4063.63,0.82,60.0,MEDIUM
2023-11-28,M&M,LONG,09:35,1555.0,321,499155.0,1542.15,1580.6999999999998,2.0,"ADX-FILTER,BOLLINGER,CAMARILLA,DAILY-BIAS,EMA-CROSS,FIRST-CANDLE,MACD,ORB-15,PDH-PDL,PIN-BAR,REL-STR,SR-BREAK,STOCHASTIC,SUPERTREND,VPOC,VWAP-STDDEV",16,16.0,ORB-15,ORB-15: breakout above 1555.00 (range=12.85),15:15,1567.05,TIME_EXIT,WIN,3137.23,0.63,60.0,MEDIUM
2023-11-28,SBICARD,SHORT,10:40,737.6,677,499355.2,744.7,723.4,2.0,"BEAR-ENGULF,BOLLINGER,CAMARILLA,DAILY-BIAS,DBL-TOP,FAILED-BO,FIRST-CANDLE,MACD,ORB-15,ORB-30,PDH-PDL,PIN-BAR,REL-STR,SR-BREAK,STOCHASTIC,SUPERTREND,VPOC",17,17.0,ORB-15,ORB-15: breakdown below 737.60,15:15,733.85,TIME_EXIT,WIN,1812.17,0.36,60.0,MEDIUM
2023-11-29,TATACONSUM,LONG,09:15,922.6295918367348,541,499142.61,920.4760204081633,930.218367346939,3.52,"ASC-TRI,CPR,DAILY-BIAS,FIRST-CANDLE,MACD,ORB-15,ORB-30,PDH-PDL,PIN-BAR,SR-BREAK,STOCHASTIC,VPOC,VWAP-STDDEV",13,13.0,VPOC,VPOC: breakout above VAH=922.63,09:55,920.4760204081633,STOP_HIT,LOSS,-1891.9,-0.38,60.0,MEDIUM
2023-11-29,SRF,SHORT,12:55,2351.8,212,498581.6,2365.0,2325.4000000000005,2.0,"ADX-FILTER,BEAR-ENGULF,BOLLINGER,CAMARILLA,FIRST-CANDLE,MACD,ORB-15,ORB-30,PIN-BAR,REL-STR,SUPERTREND,VPOC,VWAP-STDDEV",13,13.0,ORB-15,ORB-15: breakdown below 2351.80,15:15,2351.45,TIME_EXIT,LOSS,-652.73,-0.13,60.0,MEDIUM
2023-11-30,PIDILITIND,LONG,10:40,1253.4,398,498853.2,1226.61,1358.8,3.93,"ADX-FILTER,ASC-TRI,BOLLINGER,DAILY-BIAS,EMA-CROSS,MACD,ORB-15,ORB-30,PDH-PDL,SR-BREAK,STOCHASTIC,SUPERTREND,VPOC,VWAP-STDDEV",14,14.0,ASC-TRI,Ascending Triangle: breakout above resistance 1252.55,15:15,1278.4,TIME_EXIT,WIN,9214.78,1.85,60.0,MEDIUM
2023-11-30,VEDL,SHORT,09:30,101.95,4904,499962.8,102.8,100.25000000000001,2.0,"ADX-FILTER,CAMARILLA,FIRST-CANDLE,MACD,ORB-15,ORB-30,PDH-PDL,REL-STR,SR-BREAK,STOCHASTIC,SUPERTREND,VPOC",12,12.0,ORB-15,ORB-15: breakdown below 101.95,15:15,102.05,TIME_EXIT,LOSS,-1219.54,-0.24,60.0,MEDIUM
2023-12-01,POLICYBZR,LONG,11:20,837.5350000000001,596,499170.86,828.2675,874.6050000000002,4.0,"BULL-FLAG,CAMARILLA,DAILY-BIAS,FIRST-CANDLE,GAP-CONT,MACD,ORB-15,ORB-30,PDH-PDL,PIN-BAR,SR-BREAK,STOCHASTIC,SUPERTREND,VPOC",14,14.0,CAMARILLA,CAMARILLA: breakout above H4=837.54,15:15,861.2,TIME_EXIT,WIN,13365.39,2.68,60.0,MEDIUM
2023-12-01,RBLBANK,SHORT,11:10,235.05,2127,499951.35,237.60261371515696,229.9447725696861,2.0,"ADX-FILTER,BEAR-ENGULF,BOLLINGER,CAMARILLA,DAILY-BIAS,FIRST-CANDLE,MACD,PDH-PDL,PIN-BAR,RSI-EXT,SUPERTREND,VPOC,VWAP-STDDEV",13,13.0,SUPERTREND,"SUPERTREND: flipped bearish, ST=237.13",15:15,233.05,TIME_EXIT,WIN,3527.59,0.71,60.0,MEDIUM
2023-12-04,HINDPETRO,LONG,09:15,210.83775510204083,2371,499896.32,209.29642857142858,217.97653061224491,4.63,"ADX-FILTER,CAMARILLA,DAILY-BIAS,DBL-BTM,FIRST-CANDLE,GAP-CONT,INTRADAY-STRUCT,ORB-30,PDH-PDL,REL-STR,SR-BREAK,STOCHASTIC,VOL-SPIKE,VPOC",14,16.8,VPOC,VPOC: breakout above VAH=210.84,10:05,217.97653061224491,TARGET_HIT,EXACT_WIN,16183.87,3.24,60.0,MEDIUM
2023-12-04,BALKRISIND,SHORT,09:50,2558.0,195,498810.0,2592.0,2490.0,2.0,"ADX-FILTER,BOLLINGER,CAMARILLA,DAILY-BIAS,FIRST-CANDLE,INTRADAY-STRUCT,MACD,ORB-15,PDH-PDL,REL-STR,RSI-EXT,SR-BREAK,STOCHASTIC,SUPERTREND",14,14.0,ORB-15,ORB-15: breakdown below 2558.00,15:15,2558.7,TIME_EXIT,LOSS,-863.87,-0.17,60.0,MEDIUM
2023-12-05,COLPAL,LONG,09:20,2310.1474999999996,216,498991.86,2296.54875,2364.542499999999,4.0,"ADX-FILTER,CAMARILLA,DAILY-BIAS,DBL-BTM,FIRST-CANDLE,MACD,ORB-15,PDH-PDL,REL-STR,SR-BREAK,STOCHASTIC,SUPERTREND,VPOC,VWAP-STDDEV",14,14.0,CAMARILLA,CAMARILLA: breakout above H4=2310.15,12:40,2296.54875,STOP_HIT,LOSS,-3662.54,-0.73,60.0,MEDIUM
2023-12-05,RBLBANK,SHORT,12:50,245.15,2039,499860.85,247.33049999999997,235.95,4.22,"ADX-FILTER,BEAR-ENGULF,BOLLINGER,CPR,FAILED-BO,FIRST-CANDLE,MACD,PIN-BAR,RSI-EXT,SUPERTREND,VWAP-STDDEV",11,11.0,BEAR-ENGULF,"Bear Engulf at resistance 244.00, vol 2.2×",13:30,247.33049999999997,STOP_HIT,LOSS,-5177.3,-1.04,60.0,MEDIUM
2023-12-06,RBLBANK,LONG,09:45,250.535,1995,499817.33,248.41750000000002,259.005,4.0,"CAMARILLA,CPR,DAILY-BIAS,DBL-BTM,FIRST-CANDLE,ORB-15,ORB-30,PDH-PDL,PIN-BAR,REL-STR,SR-BREAK,STOCHASTIC,VPOC",13,13.0,CAMARILLA,CAMARILLA: breakout above H4=250.53,15:15,253.2,TIME_EXIT,WIN,4583.8,0.92,60.0,MEDIUM
2023-12-06,ETERNAL,SHORT,10:50,116.8,4280,499904.0,117.85,114.7,2.0,"BOLLINGER,CAMARILLA,DAILY-BIAS,FAILED-BO,FIRST-CANDLE,MACD,PIN-BAR,RSI-EXT,STOCHASTIC,VPOC,VWAP-STDDEV",11,11.0,FIRST-CANDLE,FIRST-CANDLE: break below first candle low=116.80,12:40,117.85,STOP_HIT,LOSS,-5225.35,-1.05,60.0,MEDIUM
2023-12-07,HUDCO,LONG,09:20,87.73265306122448,5699,499988.39,87.60408163265305,88.79795918367346,8.29,"CAMARILLA,DAILY-BIAS,DBL-BTM,FIRST-CANDLE,ORB-15,ORB-30,PDH-PDL,PIN-BAR,REL-STR,SR-BREAK,STOCHASTIC,VOL-SPIKE,VPOC",13,13.0,VPOC,VPOC: breakout above VAH=87.73,09:25,88.79795918367346,TARGET_HIT,EXACT_WIN,5337.48,1.07,60.0,MEDIUM
2023-12-07,MARUTI,SHORT,10:55,10775.1,46,495654.6,10928.248063767507,10468.803872464987,2.0,"ADX-FILTER,BOLLINGER,CAMARILLA,FAILED-BO,FIRST-CANDLE,MACD,REL-STR,RSI-EXT,SUPERTREND,VWAP-STDDEV",10,10.0,SUPERTREND,"SUPERTREND: flipped bearish, ST=10906.44",15:15,10705.05,TIME_EXIT,WIN,2501.16,0.5,60.0,MEDIUM
2023-12-08,INDUSINDBK,LONG,09:15,1516.645,329,498976.21,1511.4475,1537.435,4.0,"ADX-FILTER,ASC-TRI,CAMARILLA,CPR,DAILY-BIAS,DBL-BTM,FIRST-CANDLE,INTRADAY-STRUCT,ORB-15,ORB-30,PDH-PDL,SR-BREAK,STOCHASTIC,VPOC,VWAP-STDDEV",15,15.0,CAMARILLA,CAMARILLA: breakout above H4=1516.64,11:05,1511.4475,STOP_HIT,LOSS,-2436.14,-0.49,60.0,MEDIUM
2023-12-08,M&M,SHORT,10:10,1688.0,296,499648.0,1708.15,1647.6999999999998,2.0,"ADX-FILTER,CAMARILLA,FAILED-BO,FIRST-CANDLE,INTRADAY-STRUCT,MACD,ORB-30,PDH-PDL,PIN-BAR,REL-STR,SR-BREAK,STOCHASTIC,VPOC",13,13.0,ORB-30,ORB-30: breakdown below 1688.00,15:15,1667.95,TIME_EXIT,WIN,5209.76,1.04,60.0,MEDIUM
2023-12-11,POLYCAB,LONG,09:35,5505.5650000000005,90,495500.85,5470.2825,5646.6950000000015,4.0,"ADX-FILTER,CAMARILLA,DAILY-BIAS,DBL-BTM,FIRST-CANDLE,INTRADAY-STRUCT,ORB-15,ORB-30,PDH-PDL,PIN-BAR,REL-STR,SR-BREAK,STOCHASTIC,VPOC",14,14.0,CAMARILLA,CAMARILLA: breakout above H4=5505.57,13:10,5646.6950000000015,TARGET_HIT,EXACT_WIN,11968.87,2.42,60.0,MEDIUM
2023-12-11,CIPLA,SHORT,11:20,1204.6,415,499909.0,1218.95,1175.8999999999996,2.0,"CPR,DAILY-BIAS,DBL-TOP,FIRST-CANDLE,ORB-15,ORB-30,PDH-PDL,PIN-BAR,REL-STR,SR-BREAK,VWAP-STDDEV",11,11.0,ORB-15,ORB-15: breakdown below 1204.60,15:15,1201.9,TIME_EXIT,WIN,392.35,0.08,60.0,MEDIUM
2023-12-12,RRKABEL,LONG,09:35,1730.9,288,498499.2,1720.45,1772.7000000000003,4.0,"CAMARILLA,DAILY-BIAS,EMA-CROSS,FIRST-CANDLE,MACD,ORB-15,PDH-PDL,REL-STR,RSI-EXT,SR-BREAK,STOCHASTIC,SUPERTREND,VPOC,VWAP-REV,VWAP-STDDEV",15,15.0,CAMARILLA,CAMARILLA: breakout above H4=1730.90,10:15,1720.45,STOP_HIT,LOSS,-3734.08,-0.75,60.0,MEDIUM
2023-12-12,BALRAMCHIN,SHORT,10:10,395.4,1264,499785.6,400.1870927608507,385.8258144782985,2.0,"BOLLINGER,CAMARILLA,DAILY-BIAS,FAILED-BO,FIRST-CANDLE,INTRADAY-STRUCT,MACD,PDH-PDL,PIN-BAR,SR-BREAK,SUPERTREND,VPOC",12,12.0,SUPERTREND,"SUPERTREND: flipped bearish, ST=399.39",15:15,389.45,TIME_EXIT,WIN,6796.48,1.36,60.0,MEDIUM
2023-12-13,TRENT,LONG,09:15,1932.534693877551,258,498593.95,1930.488775510204,1959.5408163265306,13.2,"ADX-FILTER,CAMARILLA,CPR,DAILY-BIAS,FIRST-CANDLE,ORB-15,ORB-30,PDH-PDL,PIN-BAR,REL-STR,SR-BREAK,STOCHASTIC,VPOC",13,13.0,VPOC,VPOC: breakout above VAH=1932.53,09:45,1959.5408163265306,TARGET_HIT,EXACT_WIN,6235.07,1.25,60.0,MEDIUM
2023-12-13,LALPATHLAB,SHORT,10:50,1250.0,400,500000.0,1266.5,1217.0,2.0,"BOLLINGER,DAILY-BIAS,DBL-TOP,OPEN-WEAK,ORB-15,ORB-30,PDH-PDL,PIN-BAR,SR-BREAK,STOCHASTIC,VPOC,VWAP-STDDEV",12,12.0,ORB-15,ORB-15: breakdown below 1250.00,13:45,1266.5,STOP_HIT,LOSS,-7332.68,-1.47,60.0,MEDIUM
2023-12-14,INDUSINDBK,LONG,09:15,1514.0075,330,499622.47,1509.15375,1533.4225,4.0,"ASC-TRI,CAMARILLA,CPR,DAILY-BIAS,DBL-BTM,FIRST-CANDLE,GAP-CONT,INTRADAY-STRUCT,ORB-15,ORB-30,PDH-PDL,PIN-BAR,SR-BREAK,VPOC",14,14.0,CAMARILLA,CAMARILLA: breakout above H4=1514.01,10:00,1533.4225,TARGET_HIT,EXACT_WIN,5673.48,1.14,60.0,MEDIUM
2023-12-14,EXIDEIND,SHORT,13:35,288.55,1732,499768.6,290.0,285.65000000000003,2.0,"BEAR-ENGULF,BOLLINGER,CAMARILLA,FIRST-CANDLE,MACD,ORB-15,PIN-BAR,REL-STR,RSI-EXT,SR-BREAK,SUPERTREND,VWAP-STDDEV",12,12.0,ORB-15,ORB-15: breakdown below 288.55,14:25,290.0,STOP_HIT,LOSS,-3241.43,-0.65,60.0,MEDIUM
2023-12-15,HINDPETRO,LONG,09:55,222.65,2245,499849.25,217.65,232.65,2.0,"BOLLINGER,CAMARILLA,DAILY-BIAS,EMA-CROSS,FIRST-CANDLE,MACD,ORB-15,ORB-30,PDH-PDL,REL-STR,SR-BREAK,SUPERTREND,VPOC",13,13.0,ORB-15,ORB-15: breakout above 222.65 (range=5.00),14:20,232.65,TARGET_HIT,EXACT_WIN,21703.52,4.34,60.0,MEDIUM
2023-12-15,CAMS,SHORT,09:25,545.6,916,499769.6,553.380546696643,530.038906606714,2.0,"ADX-FILTER,BEAR-ENGULF,CAMARILLA,DAILY-BIAS,DBL-TOP,FAILED-BO,FIRST-CANDLE,MACD,PDH-PDL,PIN-BAR,REL-STR,SR-BREAK,STOCHASTIC,SUPERTREND,VPOC",15,15.0,SUPERTREND,"SUPERTREND: flipped bearish, ST=552.28",15:15,544.1,TIME_EXIT,WIN,646.19,0.13,60.0,MEDIUM
2023-12-18,HINDCOPPER,LONG,09:40,191.60816326530613,2609,499905.7,191.54285714285714,196.8326530612245,80.0,"ADX-FILTER,BOLLINGER,BULL-FLAG,CAMARILLA,DAILY-BIAS,DBL-BTM,EMA-CROSS,FIRST-CANDLE,MACD,ORB-15,ORB-30,PDH-PDL,REL-STR,SR-BREAK,SUPERTREND,VPOC",16,16.0,VPOC,VPOC: breakout above VAH=191.61,09:45,191.54285714285714,STOP_HIT,LOSS,-899.03,-0.18,60.0,MEDIUM
2023-12-18,ABCAPITAL,SHORT,09:15,165.22,3026,499955.72,166.49,162.67999999999998,2.0,"ADX-FILTER,BEAR-ENGULF,CAMARILLA,DAILY-BIAS,DBL-TOP,FAILED-BO,FIRST-CANDLE,INTRADAY-STRUCT,PDH-PDL,REL-STR,SR-BREAK,VWAP-STDDEV",12,12.0,SR-BREAK,SR-BREAK: breakdown below support 165.22,10:45,166.49,STOP_HIT,LOSS,-4574.07,-0.91,60.0,MEDIUM
2023-12-19,TATACONSUM,LONG,09:25,942.3625000000001,530,499452.13,938.85625,956.3875000000002,4.0,"ASC-TRI,CAMARILLA,DAILY-BIAS,EMA-CROSS,FIRST-CANDLE,MACD,ORB-15,ORB-30,PDH-PDL,REL-STR,SR-BREAK,STOCHASTIC,VOL-SPIKE,VPOC",14,14.0,CAMARILLA,CAMARILLA: breakout above H4=942.36,09:35,956.3875000000002,TARGET_HIT,EXACT_WIN,6699.2,1.34,60.0,MEDIUM
2023-12-19,GAIL,SHORT,11:15,130.92,3819,499983.48,132.08,128.59999999999994,2.0,"BEAR-ENGULF,BOLLINGER,CAMARILLA,FIRST-CANDLE,INTRADAY-STRUCT,MACD,ORB-15,ORB-30,PDH-PDL,PIN-BAR,RSI-EXT,STOCHASTIC,SUPERTREND,VPOC",14,14.0,ORB-15,ORB-15: breakdown below 130.92,11:20,128.59999999999994,TARGET_HIT,EXACT_WIN,8136.26,1.63,60.0,MEDIUM
2023-12-20,POONAWALLA,LONG,10:45,449.45,1112,499788.4,444.5,459.34999999999997,2.0,"BOLLINGER,BULL-FLAG,CPR,DAILY-BIAS,DBL-BTM,EMA-CROSS,FIRST-CANDLE,MACD,ORB-15,ORB-30,PDH-PDL,RSI-EXT,SR-BREAK,STOCHASTIC,SUPERTREND,VPOC,VWAP-REV,VWAP-STDDEV",18,18.0,ORB-15,ORB-15: breakout above 449.45 (range=4.95),13:25,444.5,STOP_HIT,LOSS,-6228.66,-1.25,60.0,MEDIUM
2023-12-20,SBILIFE,SHORT,12:05,1426.15,350,499152.5,1437.0,1404.4500000000003,2.0,"BOLLINGER,CAMARILLA,FIRST-CANDLE,MACD,ORB-15,ORB-30,PDH-PDL,PIN-BAR,RSI-EXT,SR-BREAK,STOCHASTIC,SUPERTREND,VPOC",13,13.0,ORB-15,ORB-15: breakdown below 1426.15,14:45,1404.4500000000003,TARGET_HIT,EXACT_WIN,6871.59,1.38,60.0,MEDIUM
2023-12-21,BRITANNIA,LONG,10:10,4935.0,101,498435.0,4877.55,5049.9,2.0,"BOLLINGER,CAMARILLA,DAILY-BIAS,FIRST-CANDLE,MACD,ORB-15,ORB-30,PIN-BAR,REL-STR,RSI-EXT,STOCHASTIC,SUPERTREND,VOL-SPIKE,VPOC",14,14.0,ORB-15,ORB-15: breakout above 4935.00 (range=57.45),11:35,5049.9,TARGET_HIT,EXACT_WIN,10868.94,2.18,60.0,MEDIUM
2023-12-21,APLAPOLLO,SHORT,09:20,1557.06,321,499816.26,1631.29,1408.6,2.0,"ADX-FILTER,DAILY-BIAS,MACD,PDH-PDL,PIN-BAR,REL-STR,RSI-EXT,SR-BREAK,STOCHASTIC,VWAP-REV,VWAP-STDDEV",11,11.0,SR-BREAK,SR-BREAK: breakdown below support 1557.06,15:15,1587.35,TIME_EXIT,LOSS,-10457.31,-2.09,60.0,MEDIUM
2023-12-22,ITI,LONG,09:15,299.6075,1668,499745.31,295.57875,315.7225,4.0,"ADX-FILTER,CAMARILLA,DAILY-BIAS,DBL-BTM,FIRST-CANDLE,INTRADAY-STRUCT,PDH-PDL,PIN-BAR,REL-STR,SR-BREAK,STOCHASTIC,VPOC,VWAP-REV,VWAP-STDDEV",14,14.0,CAMARILLA,CAMARILLA: breakout above H4=299.61,15:15,304.5,TIME_EXIT,WIN,7425.67,1.49,60.0,MEDIUM
2023-12-22,PIIND,SHORT,12:30,3428.0,145,497060.0,3456.3959999999993,3329.55,3.47,"ADX-FILTER,BEAR-ENGULF,BOLLINGER,CAMARILLA,CPR,DAILY-BIAS,FAILED-BO,FIRST-CANDLE,MACD,REL-STR,SUPERTREND,VPOC",12,12.0,BEAR-ENGULF,"Bear Engulf at resistance 3428.00, vol 2.5×",15:15,3430.7,TIME_EXIT,LOSS,-1116.63,-0.22,60.0,MEDIUM
2023-12-26,LODHA,LONG,10:10,949.75,526,499568.5,946.45,964.75,4.55,"ASC-TRI,BOLLINGER,CAMARILLA,DAILY-BIAS,INTRADAY-STRUCT,MACD,ORB-15,ORB-30,PDH-PDL,RSI-EXT,STOCHASTIC,SUPERTREND,VPOC",13,13.0,VPOC,VPOC: breakout above VAH=949.75,15:15,952.5,TIME_EXIT,WIN,717.03,0.14,60.0,MEDIUM
2023-12-26,ESCORTS,SHORT,11:45,2967.6,168,498556.8,2988.0,2926.7999999999997,2.0,"CAMARILLA,DAILY-BIAS,FIRST-CANDLE,INTRADAY-STRUCT,MACD,ORB-15,ORB-30,PDH-PDL,PIN-BAR,SR-BREAK,STOCHASTIC,VWAP-STDDEV",12,12.0,ORB-15,ORB-15: breakdown below 2967.60,15:15,2977.65,TIME_EXIT,LOSS,-2416.31,-0.48,60.0,MEDIUM
2023-12-27,HINDPETRO,LONG,09:40,230.55,2168,499832.4,228.20038548881112,235.2492290223778,2.0,"ADX-FILTER,BOLLINGER,CAMARILLA,DAILY-BIAS,EMA-CROSS,FIRST-CANDLE,INTRADAY-STRUCT,MACD,PIN-BAR,RSI-EXT,SR-BREAK,STOCHASTIC,VPOC,VWAP-STDDEV",14,14.0,EMA-CROSS,"EMA-CROSS: 9EMA crossed above 21EMA, price above VWAP",09:50,228.20038548881112,STOP_HIT,LOSS,-5818.61,-1.16,60.0,MEDIUM
2023-12-27,SYNGENE,SHORT,09:50,701.65,712,499574.8,707.1,690.7499999999999,2.0,"ADX-FILTER,BOLLINGER,CAMARILLA,DAILY-BIAS,FIRST-CANDLE,MACD,ORB-15,ORB-30,PDH-PDL,REL-STR,SR-BREAK,STOCHASTIC,SUPERTREND",13,13.0,ORB-15,ORB-15: breakdown below 701.65,15:15,696.4,TIME_EXIT,WIN,3011.81,0.6,60.0,MEDIUM
2023-12-28,ENGINERSIN,LONG,10:15,168.0285714285714,2975,499885.0,167.3857142857143,174.0285714285714,9.33,"DAILY-BIAS,DBL-BTM,FIRST-CANDLE,MACD,ORB-15,ORB-30,PDH-PDL,PIN-BAR,REL-STR,SR-BREAK,SUPERTREND,VOL-SPIKE,VPOC",13,13.0,VPOC,VPOC: breakout above VAH=168.03,10:30,174.0285714285714,TARGET_HIT,EXACT_WIN,17107.11,3.42,60.0,MEDIUM
2023-12-28,BANDHANBNK,SHORT,10:20,238.8,2093,499808.4,240.2,236.00000000000006,2.0,"BOLLINGER,CAMARILLA,FIRST-CANDLE,INTRADAY-STRUCT,MACD,ORB-15,ORB-30,PDH-PDL,PIN-BAR,RSI-EXT,SR-BREAK,SUPERTREND,VPOC",13,13.0,ORB-15,ORB-15: breakdown below 238.80,11:25,236.00000000000006,TARGET_HIT,EXACT_WIN,5135.1,1.03,60.0,MEDIUM
2023-12-29,IGL,LONG,09:25,207.60408163265308,2408,499910.63,207.5744897959184,208.49183673469392,30.0,"BOLLINGER,CAMARILLA,DAILY-BIAS,DBL-BTM,EMA-CROSS,FIRST-CANDLE,MACD,ORB-15,ORB-30,PDH-PDL,PIN-BAR,REL-STR,RSI-EXT,STOCHASTIC,SUPERTREND,VPOC",16,16.0,VPOC,VPOC: breakout above VAH=207.60,09:30,208.49183673469392,TARGET_HIT,EXACT_WIN,1407.23,0.28,60.0,MEDIUM
2023-12-29,PVRINOX,SHORT,10:40,1655.75,301,498380.75,1670.0,1627.25,2.0,"BOLLINGER,CAMARILLA,DAILY-BIAS,MACD,ORB-15,ORB-30,PDH-PDL,PIN-BAR,SR-BREAK,STOCHASTIC,SUPERTREND",11,11.0,ORB-15,ORB-15: breakdown below 1655.75,15:15,1660.4,TIME_EXIT,LOSS,-2127.15,-0.43,60.0,MEDIUM
2024-01-01,FLUOROCHEM,LONG,11:10,3699.25,135,499398.75,3653.0,3791.75,2.0,"ADX-FILTER,BULL-FLAG,CAMARILLA,DAILY-BIAS,FIRST-CANDLE,INTRADAY-STRUCT,ORB-15,ORB-30,PDH-PDL,REL-STR,SR-BREAK,STOCHASTIC,VPOC",13,13.0,ORB-15,ORB-15: breakout above 3699.25 (range=46.25),14:40,3791.75,TARGET_HIT,EXACT_WIN,11749.52,2.35,60.0,MEDIUM
2024-01-01,MANKIND,SHORT,11:35,1980.0,252,498960.0,1994.95,1950.1,2.0,"ADX-FILTER,CAMARILLA,FAILED-BO,FIRST-CANDLE,MACD,ORB-15,ORB-30,PDH-PDL,REL-STR,SR-BREAK,STOCHASTIC,SUPERTREND,VPOC",13,13.0,ORB-15,ORB-15: breakdown below 1980.00,12:05,1994.95,STOP_HIT,LOSS,-4497.05,-0.9,60.0,MEDIUM
2024-01-02,BPCL,LONG,12:35,209.25,2389,499898.25,207.65,212.45,2.0,"ADX-FILTER,DAILY-BIAS,DBL-BTM,EMA-CROSS,FIRST-CANDLE,MACD,ORB-15,ORB-30,PIN-BAR,REL-STR,SR-BREAK,SUPERTREND,VPOC,VWAP-STDDEV",14,14.0,ORB-15,ORB-15: breakout above 209.25 (range=1.60),15:15,210.55,TIME_EXIT,WIN,2374.47,0.47,60.0,MEDIUM
2024-01-02,PIIND,SHORT,10:15,3475.05,143,496932.15,3500.0,3425.1500000000005,2.0,"BOLLINGER,CAMARILLA,DAILY-BIAS,MACD,ORB-15,ORB-30,PDH-PDL,PIN-BAR,SR-BREAK,STOCHASTIC,VPOC",11,11.0,ORB-15,ORB-15: breakdown below 3475.05,15:15,3487.0,TIME_EXIT,LOSS,-2434.55,-0.49,60.0,MEDIUM
2024-01-03,HAL,LONG,12:15,2851.65,175,499038.75,2720.9655,3591.125,5.66,"ADX-FILTER,ASC-TRI,BOLLINGER,CAMARILLA,DAILY-BIAS,EMA-CROSS,FIRST-CANDLE,INTRADAY-STRUCT,MACD,ORB-15,ORB-30,PDH-PDL,REL-STR,SR-BREAK,SUPERTREND,VPOC",16,16.0,ASC-TRI,Ascending Triangle: breakout above resistance 2840.04,15:15,2868.2,TIME_EXIT,WIN,2166.36,0.43,60.0,MEDIUM
2024-01-03,BALKRISIND,SHORT,11:00,2521.15,198,499187.7,2534.75,2493.9500000000003,2.0,"ADX-FILTER,DAILY-BIAS,FIRST-CANDLE,INTRADAY-STRUCT,MACD,ORB-15,ORB-30,PDH-PDL,SR-BREAK,STOCHASTIC,VPOC",11,11.0,ORB-15,ORB-15: breakdown below 2521.15,11:25,2493.9500000000003,TARGET_HIT,EXACT_WIN,4660.88,0.93,60.0,MEDIUM
2024-01-04,PRESTIGE,LONG,09:20,1295.7325,385,498857.01,1261.86625,1431.1975000000002,4.0,"ADX-FILTER,CAMARILLA,DAILY-BIAS,DBL-BTM,FIRST-CANDLE,GAP-CONT,ORB-15,ORB-30,PDH-PDL,REL-STR,SR-BREAK,STOCHASTIC,VPOC",13,13.0,CAMARILLA,CAMARILLA: breakout above H4=1295.73,15:15,1348.7,TIME_EXIT,WIN,19648.99,3.94,60.0,MEDIUM
2024-01-04,TCS,SHORT,09:40,3696.15,135,498980.25,3719.0,3650.4500000000003,2.0,"ADX-FILTER,CAMARILLA,DBL-TOP,FIRST-CANDLE,MACD,ORB-15,PDH-PDL,PIN-BAR,REL-STR,SR-BREAK,STOCHASTIC,SUPERTREND,VPOC",13,13.0,ORB-15,ORB-15: breakdown below 3696.15,15:15,3664.5,TIME_EXIT,WIN,3547.67,0.71,60.0,MEDIUM
2024-01-05,OFSS,LONG,09:15,3876.122448979592,128,496143.67,3872.7040816326535,3900.734693877551,7.2,"CAMARILLA,DAILY-BIAS,DBL-BTM,FIRST-CANDLE,ORB-15,ORB-30,PDH-PDL,PIN-BAR,REL-STR,SR-BREAK,STOCHASTIC,VOL-SPIKE,VPOC",13,13.0,VPOC,VPOC: breakout above VAH=3876.12,09:20,3900.734693877551,TARGET_HIT,EXACT_WIN,2424.22,0.49,60.0,MEDIUM
2024-01-05,TRENT,SHORT,10:05,2050.5,243,498271.5,2064.4,2022.6999999999998,2.0,"ADX-FILTER,BOLLINGER,CAMARILLA,FIRST-CANDLE,MACD,ORB-15,ORB-30,PDH-PDL,PIN-BAR,STOCHASTIC,SUPERTREND,VPOC",12,12.0,ORB-15,ORB-15: breakdown below 2050.50,15:15,2044.7,TIME_EXIT,WIN,683.65,0.14,60.0,MEDIUM
2024-01-08,VBL,LONG,09:45,512.4,975,499590.0,504.0,529.1999999999999,2.0,"BOLLINGER,CAMARILLA,DAILY-BIAS,EMA-CROSS,FIRST-CANDLE,MACD,ORB-30,PDH-PDL,PIN-BAR,SR-BREAK,STOCHASTIC,SUPERTREND,VPOC",13,13.0,ORB-30,ORB-30: breakout above 512.40 (range=8.40),15:15,507.1,TIME_EXIT,LOSS,-5891.76,-1.18,60.0,MEDIUM
2024-01-08,YESBANK,SHORT,11:05,23.55,21231,499990.05,24.009262859975454,22.631474280049094,2.0,"BEAR-ENGULF,BOLLINGER,CAMARILLA,FAILED-BO,FIRST-CANDLE,MACD,PIN-BAR,REL-STR,RSI-EXT,STOCHASTIC,SUPERTREND,VPOC,VWAP-REV,VWAP-STDDEV",14,14.0,SUPERTREND,"SUPERTREND: flipped bearish, ST=23.96",13:20,24.009262859975454,STOP_HIT,LOSS,-10485.08,-2.1,60.0,MEDIUM
2024-01-09,TRENT,LONG,09:25,2051.2,243,498441.6,1940.895,2326.75,2.5,"ASC-TRI,DAILY-BIAS,DBL-BTM,EMA-CROSS,FIRST-CANDLE,ORB-15,ORB-30,PDH-PDL,PIN-BAR,REL-STR,SR-BREAK,SUPERTREND",12,12.0,ASC-TRI,Ascending Triangle: breakout above resistance 2043.38,15:15,2077.9,TIME_EXIT,WIN,5756.18,1.15,60.0,MEDIUM
2024-01-09,BALRAMCHIN,SHORT,12:35,401.45,1245,499805.25,404.00999999999993,395.0,2.52,"BEAR-ENGULF,CAMARILLA,DAILY-BIAS,FAILED-BO,FIRST-CANDLE,INTRADAY-STRUCT,MACD,ORB-30,PDH-PDL,PIN-BAR,RSI-EXT,SR-BREAK,STOCHASTIC,SUPERTREND,VWAP-STDDEV",15,15.0,FAILED-BO,"Failed BO: bull trap above 401.50, reversed on vol 2.1×",12:45,404.00999999999993,STOP_HIT,LOSS,-3917.67,-0.78,60.0,MEDIUM
2024-01-10,NAUKRI,LONG,09:45,1050.142857142857,476,499868.0,1049.938775510204,1061.9795918367347,58.0,"ASC-TRI,CAMARILLA,CPR,DAILY-BIAS,DBL-BTM,EMA-CROSS,FIRST-CANDLE,ORB-15,ORB-30,PDH-PDL,PIN-BAR,REL-STR,RSI-EXT,SR-BREAK,STOCHASTIC,SUPERTREND,VPOC",17,17.0,VPOC,VPOC: breakout above VAH=1050.14,09:50,1049.938775510204,STOP_HIT,LOSS,-825.8,-0.17,60.0,MEDIUM
2024-01-10,BATAINDIA,SHORT,11:45,1568.0,318,498624.0,1581.0,1542.0,2.0,"ADX-FILTER,CAMARILLA,DAILY-BIAS,DBL-TOP,FIRST-CANDLE,MACD,ORB-15,ORB-30,PDH-PDL,PIN-BAR,SR-BREAK,STOCHASTIC,SUPERTREND",13,13.0,ORB-15,ORB-15: breakdown below 1568.00,15:15,1565.45,TIME_EXIT,WIN,84.33,0.02,60.0,MEDIUM
2024-01-11,GRAPHITE,LONG,09:35,561.1,891,499940.1,554.5,574.3000000000001,2.0,"ASC-TRI,DAILY-BIAS,FIRST-CANDLE,GAP-CONT,ORB-15,ORB-30,PDH-PDL,PIN-BAR,REL-STR,SR-BREAK,STOCHASTIC,SUPERTREND,VPOC,VWAP-STDDEV",14,14.0,ORB-15,ORB-15: breakout above 561.10 (range=6.60),10:05,574.3000000000001,TARGET_HIT,EXACT_WIN,11023.06,2.2,60.0,MEDIUM
2024-01-11,ASTRAL,SHORT,10:15,1812.4,275,498410.0,1829.0,1779.2000000000003,2.0,"ADX-FILTER,BEAR-ENGULF,BOLLINGER,CAMARILLA,DAILY-BIAS,DBL-TOP,FIRST-CANDLE,MACD,ORB-15,ORB-30,SR-BREAK,STOCHASTIC,SUPERTREND",13,13.0,ORB-15,ORB-15: breakdown below 1812.40,15:15,1810.5,TIME_EXIT,LOSS,-203.94,-0.04,60.0,MEDIUM
2024-01-12,APLAPOLLO,LONG,11:25,1574.0,317,498958.0,1558.3,1605.4,2.0,"BOLLINGER,CAMARILLA,EMA-CROSS,FIRST-CANDLE,MACD,ORB-15,ORB-30,PDH-PDL,PIN-BAR,REL-STR,RSI-EXT,SR-BREAK,STOCHASTIC,SUPERTREND,VPOC,VWAP-STDDEV",16,16.0,ORB-15,ORB-15: breakout above 1574.00 (range=15.70),14:15,1558.3,STOP_HIT,LOSS,-5700.45,-1.14,60.0,MEDIUM
2024-01-12,DMART,SHORT,10:00,3823.5,130,497055.0,3840.0,3790.5,2.0,"BEAR-ENGULF,BOLLINGER,CAMARILLA,DAILY-BIAS,DBL-TOP,FIRST-CANDLE,MACD,ORB-15,ORB-30,PDH-PDL,RSI-EXT,SR-BREAK,SUPERTREND,VPOC",14,14.0,ORB-15,ORB-15: breakdown below 3823.50,14:25,3840.0,STOP_HIT,LOSS,-2871.12,-0.58,60.0,MEDIUM
2024-01-15,IOB,LONG,09:25,44.7025,11185,499997.46,44.27625,46.4075,4.0,"ASC-TRI,CAMARILLA,DAILY-BIAS,EMA-CROSS,FIRST-CANDLE,GAP-CONT,MACD,PDH-PDL,REL-STR,SR-BREAK,STOCHASTIC,SUPERTREND,VPOC,VWAP-REV",14,14.0,CAMARILLA,CAMARILLA: breakout above H4=44.70,10:55,44.27625,STOP_HIT,LOSS,-5492.74,-1.1,60.0,MEDIUM
2024-01-15,BAJAJFINSV,SHORT,10:50,1646.8,303,498980.4,1664.15,1612.0999999999997,2.0,"ADX-FILTER,CAMARILLA,DAILY-BIAS,DBL-TOP,DESC-TRI,FIRST-CANDLE,INTRADAY-STRUCT,MACD,ORB-15,ORB-30,PDH-PDL,PIN-BAR,SR-BREAK,STOCHASTIC,SUPERTREND",15,15.0,ORB-15,ORB-15: breakdown below 1646.80,15:15,1631.3,TIME_EXIT,WIN,3971.67,0.8,60.0,MEDIUM
2024-01-16,PFC,LONG,09:30,411.8275510204082,1214,499958.65,408.03979591836736,423.06020408163266,2.97,"CAMARILLA,DAILY-BIAS,DBL-BTM,EMA-CROSS,FIRST-CANDLE,MACD,ORB-15,PDH-PDL,PIN-BAR,REL-STR,RSI-EXT,SR-BREAK,STOCHASTIC,SUPERTREND,VPOC,VWAP-REV,VWAP-STDDEV",17,17.0,VPOC,VPOC: breakout above VAH=411.83,10:20,408.03979591836736,STOP_HIT,LOSS,-5323.55,-1.06,60.0,MEDIUM
2024-01-16,COALINDIA,SHORT,11:45,360.3,1387,499736.1,363.35,354.2,2.0,"ADX-FILTER,BOLLINGER,CAMARILLA,FIRST-CANDLE,MACD,ORB-15,ORB-30,PDH-PDL,SR-BREAK,SUPERTREND,VPOC",11,11.0,ORB-15,ORB-15: breakdown below 360.30,13:35,354.2,TARGET_HIT,EXACT_WIN,7736.99,1.55,60.0,MEDIUM
2024-01-17,MRF,LONG,12:45,136475.0,3,409425.0,135339.1,138746.8,2.0,"BOLLINGER,BULL-FLAG,CAMARILLA,DAILY-BIAS,EMA-CROSS,FIRST-CANDLE,MACD,ORB-15,ORB-30,RSI-EXT,SR-BREAK,SUPERTREND,VOL-SPIKE,VPOC,VWAP-REV,VWAP-STDDEV",16,16.0,ORB-15,ORB-15: breakout above 136475.00 (range=1135.90),12:50,138746.8,TARGET_HIT,EXACT_WIN,6204.59,1.52,60.0,MEDIUM
2024-01-17,SUNPHARMA,SHORT,10:35,1308.0,382,499656.0,1320.45,1283.1,2.0,"BOLLINGER,CAMARILLA,FIRST-CANDLE,MACD,ORB-15,ORB-30,PDH-PDL,REL-STR,SR-BREAK,STOCHASTIC,SUPERTREND",11,13.2,ORB-15,ORB-15: breakdown below 1308.00,15:15,1303.15,TIME_EXIT,WIN,1125.32,0.23,60.0,MEDIUM
2024-01-18,OIL,LONG,10:05,253.2,1974,499816.8,251.05,257.49999999999994,2.0,"ADX-FILTER,BOLLINGER,CAMARILLA,DAILY-BIAS,DBL-BTM,FIRST-CANDLE,MACD,ORB-15,ORB-30,RSI-EXT,SR-BREAK,SUPERTREND,VPOC",13,13.0,ORB-15,ORB-15: breakout above 253.20 (range=2.15),10:45,257.49999999999994,TARGET_HIT,EXACT_WIN,7752.82,1.55,60.0,MEDIUM
2024-01-18,ASTRAL,SHORT,12:15,1791.5,279,499828.5,1800.6173469387754,1772.9744897959183,2.03,"CAMARILLA,DAILY-BIAS,FIRST-CANDLE,MACD,ORB-15,PDH-PDL,REL-STR,SR-BREAK,STOCHASTIC,SUPERTREND,VPOC,VWAP-REV,VWAP-STDDEV",13,13.0,VPOC,VPOC: rejection at VPOC=1791.07,15:15,1792.2,TIME_EXIT,LOSS,-924.09,-0.18,60.0,MEDIUM
2024-01-19,HBLENGINE,LONG,09:20,488.51020408163265,1023,499745.94,484.6765306122449,506.2040816326531,4.62,"ASC-TRI,CAMARILLA,DAILY-BIAS,FIRST-CANDLE,GAP-CONT,ORB-30,PDH-PDL,PIN-BAR,REL-STR,SR-BREAK,STOCHASTIC,VPOC,VWAP-REV,VWAP-STDDEV",14,14.0,VPOC,VPOC: breakout above VAH=488.51,11:05,484.6765306122449,STOP_HIT,LOSS,-4647.31,-0.93,60.0,MEDIUM
2024-01-19,IDFCFIRSTB,SHORT,09:15,86.8,5760,499968.0,87.636,84.45,2.81,"BEAR-ENGULF,BOLLINGER,DAILY-BIAS,FAILED-BO,FIRST-CANDLE,MACD,ORB-15,ORB-30,REL-STR,SR-BREAK,STOCHASTIC,SUPERTREND",12,12.0,FAILED-BO,"Failed BO: bull trap above 87.15, reversed on vol 1.5×",15:15,85.8,TIME_EXIT,WIN,5034.43,1.01,60.0,MEDIUM
2024-01-20,SOLARINDS,LONG,09:15,6958.8125,71,494075.69,6934.40625,7056.4375,4.0,"CAMARILLA,DAILY-BIAS,EMA-CROSS,FIRST-CANDLE,MACD,ORB-15,ORB-30,PDH-PDL,PIN-BAR,REL-STR,SR-BREAK,STOCHASTIC,SUPERTREND",13,13.0,CAMARILLA,CAMARILLA: breakout above H4=6958.81,11:40,6934.40625,STOP_HIT,LOSS,-2452.3,-0.5,60.0,MEDIUM
2024-01-20,FEDERALBNK,SHORT,12:40,146.95,3402,499923.9,148.1,144.64999999999998,2.0,"BOLLINGER,CAMARILLA,DAILY-BIAS,DBL-TOP,FIRST-CANDLE,MACD,ORB-15,ORB-30,PDH-PDL,PIN-BAR,SR-BREAK,STOCHASTIC,SUPERTREND,VPOC",14,14.0,ORB-15,ORB-15: breakdown below 146.95,15:15,145.75,TIME_EXIT,WIN,3355.93,0.67,60.0,MEDIUM
2024-01-23,BEML,LONG,09:20,1604.55,311,499015.05,1596.025,1638.6499999999999,4.0,"CAMARILLA,DAILY-BIAS,DBL-BTM,FIRST-CANDLE,INTRADAY-STRUCT,ORB-15,ORB-30,PDH-PDL,PIN-BAR,REL-STR,SR-BREAK,VPOC,VWAP-REV,VWAP-STDDEV",14,14.0,CAMARILLA,CAMARILLA: breakout above H4=1604.55,10:20,1596.025,STOP_HIT,LOSS,-3376.74,-0.68,60.0,MEDIUM
2024-01-23,FEDERALBNK,SHORT,09:55,146.05,3423,499929.15,148.35,141.45000000000005,2.0,"BOLLINGER,CAMARILLA,DAILY-BIAS,DBL-TOP,FAILED-BO,FIRST-CANDLE,INTRADAY-STRUCT,MACD,ORB-15,ORB-30,PDH-PDL,REL-STR,SR-BREAK,SUPERTREND",14,14.0,ORB-15,ORB-15: breakdown below 146.05,12:00,141.45000000000005,TARGET_HIT,EXACT_WIN,15025.99,3.01,60.0,MEDIUM
2024-01-24,LUPIN,LONG,09:35,1458.6,342,498841.2,1447.325,1503.6999999999998,4.0,"BULL-FLAG,CAMARILLA,CPR,DAILY-BIAS,DBL-BTM,EMA-CROSS,FIRST-CANDLE,MACD,ORB-15,PDH-PDL,PIN-BAR,SR-BREAK,STOCHASTIC,SUPERTREND,VPOC,VWAP-STDDEV",16,16.0,CAMARILLA,CAMARILLA: breakout above H4=1458.60,11:25,1447.325,STOP_HIT,LOSS,-4580.33,-0.92,60.0,MEDIUM
2024-01-24,KOTAKBANK,SHORT,10:45,356.2,1403,499748.6,360.3,347.99999999999994,2.0,"CAMARILLA,DAILY-BIAS,FIRST-CANDLE,MACD,ORB-15,ORB-30,PIN-BAR,SR-BREAK,STOCHASTIC,SUPERTREND,VWAP-STDDEV",11,11.0,ORB-15,ORB-15: breakdown below 356.20,15:15,358.1,TIME_EXIT,LOSS,-3395.79,-0.68,60.0,MEDIUM
2024-01-25,CENTRALBK,LONG,09:55,55.31,7978,441263.18,51.55,62.83000000000001,2.0,"CAMARILLA,DAILY-BIAS,DBL-BTM,FIRST-CANDLE,INTRADAY-STRUCT,MACD,PDH-PDL,PIN-BAR,REL-STR,SR-BREAK,STOCHASTIC,VPOC,VWAP-STDDEV",13,13.0,SR-BREAK,SR-BREAK: breakout above resistance 55.31,15:15,54.45,TIME_EXIT,LOSS,-7504.48,-1.7,60.0,MEDIUM
2024-01-25,AUBANK,SHORT,09:15,734.55,680,499494.0,745.15725,709.05,2.4,"CPR,DAILY-BIAS,FAILED-BO,FIRST-CANDLE,MACD,ORB-15,ORB-30,PDH-PDL,REL-STR,SR-BREAK,STOCHASTIC,SUPERTREND,VPOC",13,13.0,FAILED-BO,"Failed BO: bull trap above 739.00, reversed on vol 2.8×",11:05,709.05,TARGET_HIT,EXACT_WIN,16621.69,3.33,60.0,MEDIUM
2024-01-29,AMBER,LONG,09:15,4209.626530612245,118,496735.93,4172.1709183673465,4525.91836734694,8.44,"ADX-FILTER,BULL-FLAG,CAMARILLA,DAILY-BIAS,EMA-CROSS,GAP-CONT,PDH-PDL,PIN-BAR,REL-STR,SR-BREAK,STOCHASTIC,VOL-SPIKE,VPOC,VWAP-REV,VWAP-STDDEV",15,15.0,VPOC,VPOC: breakout above VAH=4209.63,15:15,4369.35,TIME_EXIT,WIN,18107.99,3.65,60.0,MEDIUM
2024-01-29,BALKRISIND,SHORT,11:20,2500.0,200,500000.0,2550.0,2400.0,2.0,"ADX-FILTER,DAILY-BIAS,DBL-TOP,FIRST-CANDLE,MACD,ORB-15,ORB-30,PDH-PDL,PIN-BAR,REL-STR,SR-BREAK,STOCHASTIC,VPOC",13,13.0,ORB-15,ORB-15: breakdown below 2500.00,15:15,2495.65,TIME_EXIT,WIN,141.59,0.03,60.0,MEDIUM
2024-01-30,DALBHARAT,LONG,12:40,2268.35,220,499037.0,2237.65,2329.7499999999995,2.0,"CAMARILLA,CPR,FIRST-CANDLE,MACD,ORB-15,ORB-30,PDH-PDL,PIN-BAR,REL-STR,SR-BREAK,STOCHASTIC,SUPERTREND,VPOC",13,13.0,ORB-15,ORB-15: breakout above 2268.35 (range=30.70),15:15,2260.6,TIME_EXIT,LOSS,-2431.25,-0.49,60.0,MEDIUM
2024-01-30,JSWINFRA,SHORT,09:15,212.0,2358,499896.0,213.05999999999997,207.1,4.62,"ADX-FILTER,CPR,DAILY-BIAS,FAILED-BO,FIRST-CANDLE,INTRADAY-STRUCT,MACD,REL-STR,RSI-EXT,SUPERTREND,VPOC,VWAP-REV,VWAP-STDDEV",13,13.0,VPOC,VPOC: rejection at VPOC=211.98,10:20,213.05999999999997,STOP_HIT,LOSS,-3229.68,-0.65,60.0,MEDIUM
2024-01-31,EXIDEIND,LONG,09:20,321.72,1554,499952.88,319.96,328.7600000000001,4.0,"ADX-FILTER,CAMARILLA,DBL-BTM,EMA-CROSS,FIRST-CANDLE,INTRADAY-STRUCT,ORB-15,ORB-30,PDH-PDL,PIN-BAR,REL-STR,SR-BREAK,STOCHASTIC,VPOC",14,14.0,CAMARILLA,CAMARILLA: breakout above H4=321.72,13:10,328.7600000000001,TARGET_HIT,EXACT_WIN,10202.65,2.04,60.0,MEDIUM
2024-01-31,ACC,SHORT,09:55,2549.45,196,499692.2,2570.9407499999998,2496.85,2.45,"ADX-FILTER,BEAR-ENGULF,BOLLINGER,CAMARILLA,FAILED-BO,INTRADAY-STRUCT,MACD,ORB-15,ORB-30,PDH-PDL,PIN-BAR,SUPERTREND,VWAP-STDDEV",13,13.0,FAILED-BO,"Failed BO: bull trap above 2557.00, reversed on vol 1.5×",12:55,2496.85,TARGET_HIT,EXACT_WIN,9587.0,1.92,60.0,MEDIUM
2024-02-01,MPHASIS,LONG,09:45,2496.1938775510203,200,499238.78,2480.5989795918367,2540.463265306122,2.84,"BOLLINGER,CAMARILLA,DAILY-BIAS,DBL-BTM,MACD,ORB-15,ORB-30,PDH-PDL,PIN-BAR,RSI-EXT,SR-BREAK,STOCHASTIC,SUPERTREND,VPOC",14,14.0,VPOC,VPOC: breakout above VAH=2496.19,13:30,2480.5989795918367,STOP_HIT,LOSS,-3844.38,-0.77,60.0,MEDIUM
2024-02-01,HDFCLIFE,SHORT,11:00,575.35,869,499979.15,578.5,569.0500000000001,2.0,"CAMARILLA,DAILY-BIAS,FAILED-BO,FIRST-CANDLE,INTRADAY-STRUCT,ORB-15,ORB-30,PDH-PDL,PIN-BAR,SR-BREAK,SUPERTREND,VPOC,VWAP-REV",13,13.0,ORB-15,ORB-15: breakdown below 575.35,11:05,569.0500000000001,TARGET_HIT,EXACT_WIN,4748.95,0.95,60.0,MEDIUM
2024-02-02,CENTRALBK,LONG,09:15,59.864285714285714,8352,499986.51,59.47857142857143,62.52142857142857,6.89,"ADX-FILTER,CAMARILLA,DAILY-BIAS,FIRST-CANDLE,GAP-CONT,INTRADAY-STRUCT,ORB-30,PDH-PDL,PIN-BAR,REL-STR,STOCHASTIC,VPOC,VWAP-STDDEV",13,13.0,VPOC,VPOC: breakout above VAH=59.86,09:20,62.52142857142857,TARGET_HIT,EXACT_WIN,21446.0,4.29,60.0,MEDIUM
2024-02-02,SOLARINDS,SHORT,09:30,6286.65,79,496645.35,6408.931248730756,6042.087502538487,2.0,"ADX-FILTER,BEAR-ENGULF,CAMARILLA,DAILY-BIAS,FIRST-CANDLE,MACD,PDH-PDL,REL-STR,SR-BREAK,STOCHASTIC,SUPERTREND,VWAP-REV,VWAP-STDDEV",13,13.0,SUPERTREND,"SUPERTREND: flipped bearish, ST=6396.14",11:40,6408.931248730756,STOP_HIT,LOSS,-10390.08,-2.09,60.0,MEDIUM
2024-02-05,CONCOR,LONG,10:50,744.2,671,499358.2,730.45,771.7,2.0,"CAMARILLA,DAILY-BIAS,DBL-BTM,EMA-CROSS,FIRST-CANDLE,MACD,ORB-15,ORB-30,PDH-PDL,PIN-BAR,REL-STR,SR-BREAK,STOCHASTIC,SUPERTREND,VPOC",15,15.0,ORB-15,ORB-15: breakout above 744.20 (range=13.75),15:15,745.45,TIME_EXIT,WIN,110.05,0.02,60.0,MEDIUM
2024-02-05,UNITDSPR,SHORT,11:50,1084.9,460,499054.0,1093.95,1066.8000000000002,2.0,"BOLLINGER,CAMARILLA,DAILY-BIAS,FIRST-CANDLE,INTRADAY-STRUCT,MACD,ORB-15,ORB-30,PDH-PDL,SR-BREAK,STOCHASTIC,SUPERTREND,VPOC",13,13.0,ORB-15,ORB-15: breakdown below 1084.90,14:40,1066.8000000000002,TARGET_HIT,EXACT_WIN,7603.14,1.52,60.0,MEDIUM
2024-02-06,MAHABANK,LONG,09:55,63.40816326530612,7885,499973.37,60.99183673469388,68.63265306122449,2.16,"BULL-FLAG,DAILY-BIAS,EMA-CROSS,FIRST-CANDLE,GAP-CONT,INTRADAY-STRUCT,MACD,ORB-15,ORB-30,PDH-PDL,REL-STR,SR-BREAK,STOCHASTIC,SUPERTREND,VPOC",15,15.0,VPOC,VPOC: breakout above VAH=63.41,13:40,60.99183673469388,STOP_HIT,LOSS,-19766.52,-3.95,60.0,MEDIUM
2024-02-06,KALYANKJIL,SHORT,09:50,339.05,1474,499759.7,344.85,327.45,2.0,"ADX-FILTER,BOLLINGER,CAMARILLA,DAILY-BIAS,FIRST-CANDLE,MACD,ORB-15,ORB-30,PDH-PDL,REL-STR,SR-BREAK,STOCHASTIC,SUPERTREND",13,13.0,ORB-15,ORB-15: breakdown below 339.05,15:15,330.0,TIME_EXIT,WIN,12618.74,2.52,60.0,MEDIUM
2024-02-07,TORNTPHARM,LONG,09:20,2647.8,188,497786.4,2631.025,2714.9000000000005,4.0,"CAMARILLA,CPR,DAILY-BIAS,DBL-BTM,FIRST-CANDLE,MACD,ORB-15,ORB-30,PDH-PDL,PIN-BAR,REL-STR,SR-BREAK,STOCHASTIC,VPOC",14,14.0,CAMARILLA,CAMARILLA: breakout above H4=2647.80,15:15,2648.45,TIME_EXIT,LOSS,-603.79,-0.12,60.0,MEDIUM
2024-02-07,BRITANNIA,SHORT,09:25,5022.0,99,497178.0,5180.108188726398,4705.783622547204,2.0,"ADX-FILTER,BOLLINGER,DAILY-BIAS,DESC-TRI,FAILED-BO,FIRST-CANDLE,MACD,PIN-BAR,REL-STR,RSI-EXT,SR-BREAK,STOCHASTIC,SUPERTREND",13,13.0,SUPERTREND,"SUPERTREND: flipped bearish, ST=5169.77",15:15,5074.9,TIME_EXIT,LOSS,-5965.16,-1.2,60.0,MEDIUM
2024-02-08,PIIND,LONG,09:15,3361.4375,148,497492.75,3343.21875,3434.3125,4.0,"ADX-FILTER,CAMARILLA,CPR,DBL-BTM,FIRST-CANDLE,ORB-15,ORB-30,PDH-PDL,PIN-BAR,REL-STR,SR-BREAK,STOCHASTIC,VPOC,VWAP-STDDEV",14,14.0,CAMARILLA,CAMARILLA: breakout above H4=3361.44,09:50,3434.3125,TARGET_HIT,EXACT_WIN,10051.47,2.02,60.0,MEDIUM
2024-02-08,HINDUNILVR,SHORT,10:10,2426.0,206,499756.0,2441.8,2394.3999999999996,2.0,"ADX-FILTER,BOLLINGER,CAMARILLA,DAILY-BIAS,FAILED-BO,FIRST-CANDLE,MACD,ORB-15,ORB-30,PDH-PDL,PIN-BAR,REL-STR,SR-BREAK,STOCHASTIC,SUPERTREND",15,15.0,ORB-15,ORB-15: breakdown below 2426.00,15:15,2419.35,TIME_EXIT,WIN,642.11,0.13,60.0,MEDIUM
2024-02-09,OFSS,LONG,09:25,6667.244897959184,74,493376.12,6622.010204081633,6792.510204081633,2.77,"ADX-FILTER,BULL-FLAG,DAILY-BIAS,DBL-BTM,FIRST-CANDLE,MACD,PDH-PDL,PIN-BAR,SR-BREAK,STOCHASTIC,VPOC,VWAP-REV,VWAP-STDDEV",13,13.0,VPOC,VPOC: breakout above VAH=6667.24,09:35,6622.010204081633,STOP_HIT,LOSS,-4064.6,-0.82,60.0,MEDIUM
2024-02-09,PVRINOX,SHORT,10:00,1414.65,353,499371.45,1440.95,1362.0500000000002,2.0,"ADX-FILTER,CPR,DAILY-BIAS,FAILED-BO,FIRST-CANDLE,ORB-15,ORB-30,PDH-PDL,PIN-BAR,REL-STR,SR-BREAK,STOCHASTIC,SUPERTREND",13,13.0,ORB-15,ORB-15: breakdown below 1414.65,15:15,1404.8,TIME_EXIT,WIN,2750.98,0.55,60.0,MEDIUM
2024-02-12,LTTS,LONG,09:30,5634.0425,88,495795.74,5592.14625,5801.627499999999,4.0,"ASC-TRI,CAMARILLA,CPR,DAILY-BIAS,DBL-BTM,EMA-CROSS,FIRST-CANDLE,ORB-15,ORB-30,PDH-PDL,PIN-BAR,REL-STR,SR-BREAK,STOCHASTIC,VPOC",15,15.0,CAMARILLA,CAMARILLA: breakout above H4=5634.04,10:15,5592.14625,STOP_HIT,LOSS,-4407.13,-0.89,60.0,MEDIUM
2024-02-12,INDUSINDBK,SHORT,11:35,1481.05,337,499113.85,1497.0,1449.1499999999999,2.0,"ADX-FILTER,CAMARILLA,DAILY-BIAS,FAILED-BO,FIRST-CANDLE,MACD,ORB-15,ORB-30,PDH-PDL,PIN-BAR,SR-BREAK,STOCHASTIC,SUPERTREND,VPOC",14,14.0,ORB-15,ORB-15: breakdown below 1481.05,13:00,1449.1499999999999,TARGET_HIT,EXACT_WIN,10028.74,2.01,60.0,MEDIUM
2024-02-13,DRREDDY,LONG,09:45,1276.0,391,498916.0,1262.2,1303.6,2.0,"ADX-FILTER,CPR,DAILY-BIAS,EMA-CROSS,FIRST-CANDLE,MACD,ORB-15,PDH-PDL,PIN-BAR,REL-STR,SR-BREAK,STOCHASTIC,SUPERTREND,VPOC",14,14.0,ORB-15,ORB-15: breakout above 1276.00 (range=13.80),15:15,1266.55,TIME_EXIT,LOSS,-4419.46,-0.89,60.0,MEDIUM
2024-02-13,PVRINOX,SHORT,12:40,1355.6,368,498860.8,1377.15,1312.4999999999995,2.0,"ADX-FILTER,DAILY-BIAS,FIRST-CANDLE,MACD,OPEN-WEAK,ORB-15,ORB-30,PDH-PDL,REL-STR,SR-BREAK,STOCHASTIC,VPOC",12,12.0,ORB-15,ORB-15: breakdown below 1355.60,15:15,1361.85,TIME_EXIT,LOSS,-3028.67,-0.61,60.0,MEDIUM
2024-02-14,ZEEL,LONG,10:50,185.58448979591836,2694,499964.62,185.26061224489797,191.41428571428568,18.0,"ADX-FILTER,BOLLINGER,CAMARILLA,CPR,FIRST-CANDLE,GAP-FADE,MACD,ORB-15,ORB-30,PDH-PDL,PIN-BAR,REL-STR,SR-BREAK,STOCHASTIC,SUPERTREND,VPOC",16,16.0,VPOC,VPOC: breakout above VAH=185.58,12:10,191.41428571428568,TARGET_HIT,EXACT_WIN,14964.17,2.99,60.0,MEDIUM
2024-02-14,AUROPHARMA,SHORT,09:40,986.75,506,499295.5,1019.9,920.45,2.0,"ADX-FILTER,DAILY-BIAS,DBL-TOP,FIRST-CANDLE,OPEN-WEAK,ORB-15,ORB-30,PDH-PDL,REL-STR,SR-BREAK,VWAP-STDDEV",11,11.0,ORB-15,ORB-15: breakdown below 986.75,15:15,994.8,TIME_EXIT,LOSS,-4803.58,-0.96,60.0,MEDIUM
2024-02-15,INOXWIND,LONG,09:30,135.044,3702,499932.89,132.877,143.71200000000002,4.0,"ADX-FILTER,CAMARILLA,DAILY-BIAS,FIRST-CANDLE,ORB-15,ORB-30,PDH-PDL,PIN-BAR,REL-STR,SR-BREAK,STOCHASTIC,VPOC",12,12.0,CAMARILLA,CAMARILLA: breakout above H4=135.04,15:15,142.34,TIME_EXIT,WIN,26259.59,5.25,60.0,MEDIUM
2024-02-15,SBILIFE,SHORT,11:40,1450.05,344,498817.2,1464.35,1421.45,2.0,"ADX-FILTER,BEAR-ENGULF,BOLLINGER,CPR,FAILED-BO,FIRST-CANDLE,MACD,ORB-15,ORB-30,REL-STR,STOCHASTIC,SUPERTREND,VPOC,VWAP-STDDEV",14,14.0,ORB-15,ORB-15: breakdown below 1450.05,15:15,1453.6,TIME_EXIT,LOSS,-1949.2,-0.39,60.0,MEDIUM
2024-02-16,LICHSGFIN,LONG,09:55,646.495,773,499740.64,642.3975,662.8850000000001,4.0,"CAMARILLA,CPR,DAILY-BIAS,EMA-CROSS,FIRST-CANDLE,MACD,PDH-PDL,PIN-BAR,REL-STR,SR-BREAK,STOCHASTIC,SUPERTREND,VPOC,VWAP-STDDEV",14,14.0,CAMARILLA,CAMARILLA: breakout above H4=646.50,11:40,642.3975,STOP_HIT,LOSS,-3893.42,-0.78,60.0,MEDIUM
2024-02-16,OBEROIRLTY,SHORT,09:30,1305.5,382,498701.0,1324.25,1268.0,2.0,"CAMARILLA,DAILY-BIAS,FAILED-BO,FIRST-CANDLE,MACD,ORB-15,PDH-PDL,PIN-BAR,REL-STR,RSI-EXT,SR-BREAK,STOCHASTIC,VPOC,VWAP-STDDEV",14,14.0,ORB-15,ORB-15: breakdown below 1305.50,13:35,1324.25,STOP_HIT,LOSS,-7893.73,-1.58,60.0,MEDIUM
2024-02-19,NIACL,LONG,09:35,291.06938775510207,1717,499766.14,288.6127551020408,308.7571428571429,7.2,"ADX-FILTER,DAILY-BIAS,EMA-CROSS,FIRST-CANDLE,GAP-CONT,MACD,ORB-15,PDH-PDL,PIN-BAR,REL-STR,SR-BREAK,STOCHASTIC,SUPERTREND,VPOC",14,14.0,VPOC,VPOC: breakout above VAH=291.07,15:15,296.6,TIME_EXIT,WIN,8759.95,1.75,60.0,MEDIUM
2024-02-19,BHARATFORG,SHORT,10:00,1124.6,444,499322.4,1150.0,1073.7999999999997,2.0,"ADX-FILTER,CAMARILLA,CPR,DAILY-BIAS,FIRST-CANDLE,INTRADAY-STRUCT,MACD,ORB-15,ORB-30,PIN-BAR,REL-STR,SUPERTREND",12,12.0,ORB-15,ORB-15: breakdown below 1124.60,15:15,1125.9,TIME_EXIT,LOSS,-1305.52,-0.26,60.0,MEDIUM
2024-02-20,RBLBANK,LONG,09:35,263.7725,1895,499848.89,262.13625,270.31749999999994,4.0,"ADX-FILTER,CAMARILLA,DAILY-BIAS,EMA-CROSS,FIRST-CANDLE,MACD,ORB-15,ORB-30,PDH-PDL,PIN-BAR,REL-STR,SR-BREAK,STOCHASTIC,SUPERTREND,VPOC",15,15.0,CAMARILLA,CAMARILLA: breakout above H4=263.77,10:40,262.13625,STOP_HIT,LOSS,-3826.94,-0.77,60.0,MEDIUM
2024-02-20,BRITANNIA,SHORT,09:45,4910.15,101,495925.15,4931.25,4867.949999999999,2.0,"BEAR-ENGULF,CPR,DAILY-BIAS,FIRST-CANDLE,MACD,ORB-15,ORB-30,PDH-PDL,SR-BREAK,STOCHASTIC,SUPERTREND",11,11.0,ORB-15,ORB-15: breakdown below 4910.15,15:15,4921.15,TIME_EXIT,LOSS,-1834.99,-0.37,60.0,MEDIUM
2024-02-21,MEDANTA,LONG,09:35,1438.8025,347,499264.47,1419.40125,1516.4075,4.0,"ADX-FILTER,CAMARILLA,DAILY-BIAS,FIRST-CANDLE,ORB-15,PDH-PDL,REL-STR,SR-BREAK,STOCHASTIC,SUPERTREND,VPOC,VWAP-STDDEV",12,12.0,CAMARILLA,CAMARILLA: breakout above H4=1438.80,13:45,1419.40125,STOP_HIT,LOSS,-7454.81,-1.49,60.0,MEDIUM
2024-02-21,IDFCFIRSTB,SHORT,10:45,81.55,6131,499983.05,82.2,80.24999999999999,2.0,"CAMARILLA,DAILY-BIAS,FIRST-CANDLE,INTRADAY-STRUCT,MACD,ORB-30,PDH-PDL,PIN-BAR,SR-BREAK,STOCHASTIC,SUPERTREND,VPOC",12,12.0,ORB-30,ORB-30: breakdown below 81.55,15:15,81.1,TIME_EXIT,WIN,2031.64,0.41,60.0,MEDIUM
2024-02-22,APARINDS,LONG,11:40,6316.490816326531,79,499002.77,6314.236224489796,6505.876530612245,84.0,"CAMARILLA,DAILY-BIAS,EMA-CROSS,FIRST-CANDLE,INTRADAY-STRUCT,ORB-15,ORB-30,PDH-PDL,PIN-BAR,REL-STR,SR-BREAK,VPOC",12,12.0,VPOC,VPOC: breakout above VAH=6316.49,11:45,6314.236224489796,STOP_HIT,LOSS,-905.52,-0.18,60.0,MEDIUM
2024-02-22,MUTHOOTFIN,SHORT,09:30,1318.85,379,499844.15,1334.0,1288.5499999999997,2.0,"ADX-FILTER,CAMARILLA,DAILY-BIAS,DBL-TOP,FIRST-CANDLE,MACD,OPEN-WEAK,ORB-15,PDH-PDL,SR-BREAK,STOCHASTIC,VPOC",12,12.0,ORB-15,ORB-15: breakdown below 1318.85,14:00,1334.0,STOP_HIT,LOSS,-6473.83,-1.3,60.0,MEDIUM
2024-02-23,ASTRAL,LONG,09:15,1967.204081632653,254,499669.84,1963.0852040816326,2008.392857142857,10.0,"ADX-FILTER,CAMARILLA,DAILY-BIAS,DBL-BTM,FIRST-CANDLE,ORB-15,ORB-30,PDH-PDL,PIN-BAR,REL-STR,SR-BREAK,STOCHASTIC,VOL-SPIKE,VPOC,VWAP-STDDEV",15,15.0,VPOC,VPOC: breakout above VAH=1967.20,09:20,2008.392857142857,TARGET_HIT,EXACT_WIN,9725.21,1.95,60.0,MEDIUM
2024-02-23,ABFRL,SHORT,09:20,171.95,2907,499858.65,172.80974999999998,170.12857142857143,2.12,"ADX-FILTER,BEAR-ENGULF,BOLLINGER,CAMARILLA,DAILY-BIAS,FIRST-CANDLE,INTRADAY-STRUCT,MACD,ORB-15,ORB-30,PIN-BAR,SR-BREAK,VPOC,VWAP-STDDEV",14,14.0,VPOC,VPOC: rejection at VPOC=171.82,13:45,172.80974999999998,STOP_HIT,LOSS,-3229.44,-0.65,60.0,MEDIUM
2024-02-26,AMBUJACEM,LONG,09:45,608.95,821,499947.95,602.6,621.6500000000001,2.0,"DAILY-BIAS,DBL-BTM,EMA-CROSS,FIRST-CANDLE,MACD,ORB-15,ORB-30,PDH-PDL,PIN-BAR,REL-STR,SR-BREAK,STOCHASTIC,SUPERTREND,VPOC",14,14.0,ORB-15,ORB-15: breakout above 608.95 (range=6.35),15:15,610.35,TIME_EXIT,WIN,419.65,0.08,60.0,MEDIUM
2024-02-26,TATACOMM,SHORT,10:30,1822.85,274,499460.9,1835.25,1798.0499999999997,2.0,"BOLLINGER,CAMARILLA,FIRST-CANDLE,INTRADAY-STRUCT,ORB-15,ORB-30,PDH-PDL,PIN-BAR,RSI-EXT,VPOC,VWAP-REV,VWAP-STDDEV",12,12.0,ORB-15,ORB-15: breakdown below 1822.85,11:05,1835.25,STOP_HIT,LOSS,-4127.72,-0.83,60.0,MEDIUM
2024-02-27,ICICIGI,LONG,09:15,1660.7204081632653,301,499876.84,1660.363775510204,1684.9714285714288,68.0,"BULL-FLAG,CAMARILLA,CPR,DAILY-BIAS,DBL-BTM,EMA-CROSS,FIRST-CANDLE,ORB-15,ORB-30,PDH-PDL,PIN-BAR,REL-STR,SR-BREAK,STOCHASTIC,VOL-SPIKE,VPOC",16,16.0,VPOC,VPOC: breakout above VAH=1660.72,09:20,1684.9714285714288,TARGET_HIT,EXACT_WIN,6565.04,1.31,60.0,MEDIUM
2024-02-27,JUBLFOOD,SHORT,11:35,487.0,1026,499662.0,492.35,476.29999999999995,2.0,"ADX-FILTER,BOLLINGER,CAMARILLA,DAILY-BIAS,FIRST-CANDLE,MACD,ORB-15,ORB-30,PDH-PDL,PIN-BAR,REL-STR,SR-BREAK,STOCHASTIC,SUPERTREND,VPOC",15,15.0,ORB-15,ORB-15: breakdown below 487.00,15:15,483.4,TIME_EXIT,WIN,2967.26,0.59,60.0,MEDIUM
2024-02-28,JSWINFRA,LONG,09:35,249.8,2001,499849.8,245.95,257.50000000000006,2.0,"BOLLINGER,CAMARILLA,DAILY-BIAS,EMA-CROSS,FIRST-CANDLE,MACD,ORB-15,ORB-30,REL-STR,RSI-EXT,SR-BREAK,SUPERTREND,VPOC,VWAP-STDDEV",14,14.0,ORB-15,ORB-15: breakout above 249.80 (range=3.85),09:45,257.50000000000006,TARGET_HIT,EXACT_WIN,14666.8,2.93,60.0,MEDIUM
2024-02-28,LTM,SHORT,09:25,5411.9,92,497894.8,5610.7015,4510.025,4.54,"ADX-FILTER,CAMARILLA,DAILY-BIAS,DBL-TOP,DESC-TRI,FIRST-CANDLE,MACD,ORB-15,ORB-30,PDH-PDL,PIN-BAR,REL-STR,SR-BREAK,STOCHASTIC,SUPERTREND,VPOC",16,16.0,DESC-TRI,Descending Triangle: breakdown below support 5417.01,15:15,5415.0,TIME_EXIT,LOSS,-1011.4,-0.2,60.0,MEDIUM
2024-02-29,SONACOMS,LONG,09:30,676.725,738,499423.05,666.6875,716.8750000000001,4.0,"CAMARILLA,DAILY-BIAS,EMA-CROSS,FIRST-CANDLE,MACD,ORB-15,ORB-30,PDH-PDL,PIN-BAR,REL-STR,SR-BREAK,STOCHASTIC,SUPERTREND,VOL-SPIKE,VPOC",15,15.0,CAMARILLA,CAMARILLA: breakout above H4=676.73,09:45,716.8750000000001,TARGET_HIT,EXACT_WIN,28879.12,5.78,60.0,MEDIUM
2024-02-29,SIGNATURE,SHORT,09:40,1331.0,375,499125.0,1350.0,1293.0,2.0,"CAMARILLA,FIRST-CANDLE,ORB-15,ORB-30,PDH-PDL,PIN-BAR,REL-STR,RSI-EXT,SR-BREAK,STOCHASTIC,VPOC,VWAP-REV,VWAP-STDDEV",13,13.0,ORB-15,ORB-15: breakdown below 1331.00,13:05,1350.0,STOP_HIT,LOSS,-7856.79,-1.57,60.0,MEDIUM
2024-03-01,TITAN,LONG,09:50,3677.785,135,496500.97,3658.8925,3753.3549999999996,4.0,"ADX-FILTER,CAMARILLA,DAILY-BIAS,DBL-BTM,FIRST-CANDLE,INTRADAY-STRUCT,ORB-15,ORB-30,PDH-PDL,PIN-BAR,SR-BREAK,STOCHASTIC",12,12.0,CAMARILLA,CAMARILLA: breakout above H4=3677.78,13:45,3753.3549999999996,TARGET_HIT,EXACT_WIN,9469.73,1.91,60.0,MEDIUM
2024-03-01,DIVISLAB,SHORT,12:40,3489.95,143,499062.85,3519.0,3431.8499999999995,2.0,"ADX-FILTER,BOLLINGER,CAMARILLA,DAILY-BIAS,FIRST-CANDLE,MACD,ORB-15,ORB-30,PIN-BAR,REL-STR,STOCHASTIC,SUPERTREND,VPOC",13,13.0,ORB-15,ORB-15: breakdown below 3489.95,15:15,3482.05,TIME_EXIT,WIN,402.71,0.08,60.0,MEDIUM
2024-03-02,JPPOWER,LONG,12:10,18.6,26881,499986.6,17.9,20.000000000000007,2.0,"ADX-FILTER,BOLLINGER,CAMARILLA,FIRST-CANDLE,GAP-CONT,INTRADAY-STRUCT,MACD,ORB-15,ORB-30,PDH-PDL,PIN-BAR,SUPERTREND,VPOC",13,13.0,ORB-15,ORB-15: breakout above 18.60 (range=0.70),12:25,18.95,TIME_EXIT,WIN,8672.01,1.73,60.0,MEDIUM
2024-03-02,TECHM,SHORT,09:15,1228.5,407,499999.5,1286.336,1098.9,2.24,"ADX-FILTER,BOLLINGER,CAMARILLA,DAILY-BIAS,DBL-TOP,DESC-TRI,FIRST-CANDLE,MACD,ORB-15,ORB-30,PIN-BAR,SR-BREAK,VPOC",13,13.0,DESC-TRI,Descending Triangle: breakdown below support 1231.15,12:25,1221.6,TIME_EXIT,WIN,2081.0,0.42,60.0,MEDIUM
2024-03-04,HDFCAMC,LONG,13:15,1829.0,273,499317.0,1810.9,1865.1999999999998,2.0,"ADX-FILTER,DAILY-BIAS,EMA-CROSS,FIRST-CANDLE,MACD,ORB-15,ORB-30,PIN-BAR,REL-STR,SR-BREAK,STOCHASTIC,SUPERTREND,VPOC",13,13.0,ORB-15,ORB-15: breakout above 1829.00 (range=18.10),15:15,1850.5,TIME_EXIT,WIN,5136.87,1.03,60.0,MEDIUM
2024-03-04,MRF,SHORT,09:35,144820.4,3,434461.2,146405.6749735031,141649.85005299377,2.0,"ADX-FILTER,BEAR-ENGULF,BOLLINGER,CAMARILLA,DBL-TOP,FIRST-CANDLE,MACD,PDH-PDL,PIN-BAR,RSI-EXT,SR-BREAK,SUPERTREND,VPOC,VWAP-STDDEV",14,14.0,SUPERTREND,"SUPERTREND: flipped bearish, ST=146113.45",12:35,146405.6749735031,STOP_HIT,LOSS,-5398.1,-1.24,60.0,MEDIUM
2024-03-05,TATACHEM,LONG,09:25,1028.9450000000002,485,499038.33,1017.9725000000001,1072.8350000000005,4.0,"CAMARILLA,DAILY-BIAS,DBL-BTM,FIRST-CANDLE,GAP-CONT,INTRADAY-STRUCT,ORB-15,ORB-30,PDH-PDL,PIN-BAR,REL-STR,STOCHASTIC,VOL-SPIKE,VPOC",14,14.0,CAMARILLA,CAMARILLA: breakout above H4=1028.95,10:10,1072.8350000000005,TARGET_HIT,EXACT_WIN,20542.2,4.12,60.0,MEDIUM
2024-03-05,DALBHARAT,SHORT,10:15,2025.0,246,498150.0,2049.95,1975.1000000000004,2.0,"BOLLINGER,CAMARILLA,DAILY-BIAS,DBL-TOP,FIRST-CANDLE,INTRADAY-STRUCT,MACD,ORB-15,ORB-30,PDH-PDL,REL-STR,SR-BREAK,STOCHASTIC,SUPERTREND",14,14.0,ORB-15,ORB-15: breakdown below 2025.00,15:15,1996.6,TIME_EXIT,WIN,6264.01,1.26,60.0,MEDIUM
2024-03-06,AXISBANK,LONG,09:40,1103.65,453,499953.45,1095.35,1120.2500000000005,2.0,"CAMARILLA,DAILY-BIAS,DBL-BTM,EMA-CROSS,FIRST-CANDLE,MACD,ORB-15,ORB-30,PDH-PDL,PIN-BAR,REL-STR,SR-BREAK,STOCHASTIC,SUPERTREND,VPOC",15,15.0,ORB-15,ORB-15: breakout above 1103.65 (range=8.30),10:05,1120.2500000000005,TARGET_HIT,EXACT_WIN,6785.0,1.36,60.0,MEDIUM
2024-03-06,ITC,SHORT,09:55,332.2,1505,499961.0,344.10699999999997,279.425,4.43,"DAILY-BIAS,DBL-TOP,DESC-TRI,FIRST-CANDLE,MACD,ORB-15,ORB-30,PDH-PDL,PIN-BAR,RSI-EXT,SR-BREAK,STOCHASTIC,VPOC,VWAP-STDDEV",14,14.0,DESC-TRI,Descending Triangle: breakdown below support 332.44,15:15,336.75,TIME_EXIT,LOSS,-7580.52,-1.52,60.0,MEDIUM
2024-03-07,SUNDARMFIN,LONG,09:15,4200.473469387755,119,499856.34,4200.153571428571,4206.231632653062,18.0,"ADX-FILTER,ASC-TRI,CAMARILLA,CPR,DAILY-BIAS,PDH-PDL,PIN-BAR,REL-STR,SR-BREAK,STOCHASTIC,VPOC,VWAP-REV,VWAP-STDDEV",13,13.0,VPOC,VPOC: breakout above VAH=4200.47,09:20,4206.231632653062,TARGET_HIT,EXACT_WIN,-44.04,-0.01,60.0,MEDIUM
2024-03-07,PCBL,SHORT,09:40,275.25,1816,499854.0,279.7,266.35,2.0,"CPR,DAILY-BIAS,FIRST-CANDLE,INTRADAY-STRUCT,MACD,ORB-15,ORB-30,PDH-PDL,PIN-BAR,REL-STR,SR-BREAK,STOCHASTIC,SUPERTREND",13,13.0,ORB-15,ORB-15: breakdown below 275.25,15:15,268.7,TIME_EXIT,WIN,11172.89,2.24,60.0,MEDIUM
2024-03-11,GRASIM,LONG,09:50,2246.5925,222,498743.54,2234.94625,2293.1775000000002,4.0,"ASC-TRI,CAMARILLA,DAILY-BIAS,DBL-BTM,EMA-CROSS,FIRST-CANDLE,MACD,ORB-15,ORB-30,PDH-PDL,REL-STR,SR-BREAK,STOCHASTIC,SUPERTREND,VPOC",15,15.0,CAMARILLA,CAMARILLA: breakout above H4=2246.59,12:20,2234.94625,STOP_HIT,LOSS,-3310.62,-0.66,60.0,MEDIUM
2024-03-11,SIGNATURE,SHORT,12:55,1407.95,355,499822.25,1420.0,1383.8500000000001,2.0,"ADX-FILTER,BEAR-ENGULF,BOLLINGER,FAILED-BO,FIRST-CANDLE,MACD,ORB-15,ORB-30,PIN-BAR,SR-BREAK,STOCHASTIC,SUPERTREND,VPOC",13,13.0,ORB-15,ORB-15: breakdown below 1407.95,15:15,1397.55,TIME_EXIT,WIN,2965.44,0.59,60.0,MEDIUM
2024-03-12,HDFCLIFE,LONG,09:45,627.3510204081632,797,499998.76,624.9806122448979,634.7714285714285,3.13,"BOLLINGER,CAMARILLA,DAILY-BIAS,EMA-CROSS,FIRST-CANDLE,INTRADAY-STRUCT,MACD,ORB-15,PIN-BAR,REL-STR,SR-BREAK,SUPERTREND,VPOC",13,13.0,VPOC,VPOC: breakout above VAH=627.35,10:40,624.9806122448979,STOP_HIT,LOSS,-2616.63,-0.52,60.0,MEDIUM
2024-03-12,AXISBANK,SHORT,10:40,1100.0,454,499400.0,1118.9,1062.1999999999998,2.0,"ADX-FILTER,BOLLINGER,FAILED-BO,INTRADAY-STRUCT,OPEN-WEAK,ORB-30,PDH-PDL,PIN-BAR,RISE-WEDGE,RSI-EXT,STOCHASTIC,SUPERTREND",12,12.0,ORB-30,ORB-30: breakdown below 1100.00,15:15,1095.0,TIME_EXIT,WIN,1543.21,0.31,60.0,MEDIUM
2024-03-13,NESTLEIND,LONG,09:40,1310.865,381,499439.57,1304.1825,1337.595,4.0,"ADX-FILTER,CAMARILLA,CPR,DAILY-BIAS,DBL-BTM,FIRST-CANDLE,INTRADAY-STRUCT,ORB-15,ORB-30,PDH-PDL,PIN-BAR,REL-STR,SR-BREAK,STOCHASTIC,VPOC,VWAP-REV,VWAP-STDDEV",17,17.0,CAMARILLA,CAMARILLA: breakout above H4=1310.87,11:30,1304.1825,STOP_HIT,LOSS,-3272.16,-0.66,60.0,MEDIUM
2024-03-13,CROMPTON,SHORT,10:50,285.9,1748,499753.2,289.4,278.9,2.0,"BOLLINGER,CAMARILLA,DAILY-BIAS,DBL-TOP,DESC-TRI,FIRST-CANDLE,MACD,ORB-15,ORB-30,PDH-PDL,PIN-BAR,SR-BREAK,SUPERTREND,VPOC",14,14.0,ORB-15,ORB-15: breakdown below 285.90,14:10,278.9,TARGET_HIT,EXACT_WIN,11514.42,2.3,60.0,MEDIUM
2024-03-14,IFCI,LONG,09:15,36.35,13755,499994.25,35.80475,37.585,2.27,"ADX-FILTER,BOLLINGER,CAMARILLA,EMA-CROSS,FIRST-CANDLE,GAP-FADE,MACD,ORB-15,ORB-30,PIN-BAR,REL-STR,RSI-EXT,SR-BREAK,SUPERTREND",14,14.0,BOLLINGER,"BOLLINGER: price at lower band 37.00, RSI=1",09:35,37.585,TARGET_HIT,EXACT_WIN,16245.07,3.25,60.0,MEDIUM
2024-03-14,MAXHEALTH,SHORT,09:20,731.0,683,499273.0,754.0727565749595,684.854486850081,2.0,"DAILY-BIAS,FIRST-CANDLE,INTRADAY-STRUCT,MACD,PDH-PDL,PIN-BAR,REL-STR,SR-BREAK,STOCHASTIC,SUPERTREND,VWAP-STDDEV",11,11.0,SUPERTREND,"SUPERTREND: flipped bearish, ST=752.57",15:15,732.2,TIME_EXIT,LOSS,-1547.99,-0.31,60.0,MEDIUM
2024-03-15,FORCEMOT,LONG,12:00,6360.3675,78,496108.67,6245.18375,6821.102500000001,4.0,"ADX-FILTER,CAMARILLA,CPR,DAILY-BIAS,EMA-CROSS,FIRST-CANDLE,INTRADAY-STRUCT,ORB-15,ORB-30,PDH-PDL,REL-STR,SR-BREAK,VPOC",13,13.0,CAMARILLA,CAMARILLA: breakout above H4=6360.37,15:15,6533.0,TIME_EXIT,WIN,12731.07,2.57,60.0,MEDIUM
2024-03-15,BHARATFORG,SHORT,09:45,1107.65,451,499550.15,1125.0,1072.9500000000003,2.0,"CAMARILLA,DAILY-BIAS,DBL-TOP,FIRST-CANDLE,MACD,ORB-15,ORB-30,REL-STR,RSI-EXT,SR-BREAK,STOCHASTIC,SUPERTREND,VPOC,VWAP-REV,VWAP-STDDEV",15,15.0,ORB-15,ORB-15: breakdown below 1107.65,13:35,1125.0,STOP_HIT,LOSS,-8557.62,-1.71,60.0,MEDIUM
2024-03-18,TORNTPOWER,LONG,09:20,1218.6525000000001,410,499647.53,1199.5262500000001,1295.1575000000003,4.0,"CAMARILLA,DAILY-BIAS,FIRST-CANDLE,ORB-15,ORB-30,PDH-PDL,PIN-BAR,REL-STR,SR-BREAK,STOCHASTIC,VPOC,VWAP-REV,VWAP-STDDEV",13,13.0,CAMARILLA,CAMARILLA: breakout above H4=1218.65,10:50,1199.5262500000001,STOP_HIT,LOSS,-8563.98,-1.71,60.0,MEDIUM
2024-03-18,CROMPTON,SHORT,10:30,274.65,1820,499863.0,278.25,267.44999999999993,2.0,"BOLLINGER,DAILY-BIAS,DBL-TOP,FIRST-CANDLE,MACD,ORB-15,ORB-30,PDH-PDL,REL-STR,SR-BREAK,STOCHASTIC,SUPERTREND,VPOC",13,13.0,ORB-15,ORB-15: breakdown below 274.65,15:15,271.35,TIME_EXIT,WIN,5280.71,1.06,60.0,MEDIUM
2024-03-19,NATIONALUM,LONG,09:50,139.129,3593,499890.5,137.53949999999998,145.487,4.0,"BOLLINGER,CAMARILLA,CPR,EMA-CROSS,FIRST-CANDLE,MACD,PDH-PDL,PIN-BAR,REL-STR,SR-BREAK,STOCHASTIC,SUPERTREND,VPOC,VWAP-REV,VWAP-STDDEV",15,15.0,CAMARILLA,CAMARILLA: breakout above H4=139.13,10:05,137.53949999999998,STOP_HIT,LOSS,-6435.31,-1.29,60.0,MEDIUM
2024-03-19,DABUR,SHORT,11:35,518.75,963,499556.25,530.0,496.25,2.0,"CAMARILLA,DAILY-BIAS,DBL-TOP,FAILED-BO,FIRST-CANDLE,INTRADAY-STRUCT,OPEN-WEAK,ORB-15,ORB-30,PDH-PDL,PIN-BAR,REL-STR,SR-BREAK,STOCHASTIC",14,14.0,ORB-15,ORB-15: breakdown below 518.75,15:15,517.45,TIME_EXIT,WIN,524.31,0.1,60.0,MEDIUM
2024-03-20,DMART,LONG,09:35,4040.65,123,496999.95,4023.325,4109.950000000001,4.0,"ADX-FILTER,BOLLINGER,CAMARILLA,DAILY-BIAS,DBL-BTM,FIRST-CANDLE,MACD,ORB-15,PDH-PDL,REL-STR,SR-BREAK,STOCHASTIC,SUPERTREND,VPOC,VWAP-STDDEV",15,15.0,CAMARILLA,CAMARILLA: breakout above H4=4040.65,12:50,4023.325,STOP_HIT,LOSS,-2854.11,-0.57,60.0,MEDIUM
2024-03-20,KAYNES,SHORT,10:10,2600.75,192,499344.0,2650.0,2502.25,2.0,"BEAR-ENGULF,CAMARILLA,DAILY-BIAS,FIRST-CANDLE,INTRADAY-STRUCT,MACD,ORB-15,ORB-30,PDH-PDL,REL-STR,SR-BREAK,STOCHASTIC,SUPERTREND,VPOC",14,14.0,ORB-15,ORB-15: breakdown below 2600.75,15:15,2594.0,TIME_EXIT,WIN,568.73,0.11,60.0,MEDIUM
2024-03-21,COCHINSHIP,LONG,09:30,898.6326530612246,556,499639.76,898.3372448979592,920.4928571428574,74.0,"CAMARILLA,DAILY-BIAS,FIRST-CANDLE,GAP-CONT,ORB-15,ORB-30,PDH-PDL,REL-STR,SR-BREAK,STOCHASTIC,VPOC,VWAP-REV",12,12.0,VPOC,VPOC: breakout above VAH=898.63,09:40,898.3372448979592,STOP_HIT,LOSS,-892.54,-0.18,60.0,MEDIUM
2024-03-21,INFY,SHORT,09:45,1556.2,321,499540.2,1572.4676879045785,1523.6646241908431,2.0,"ADX-FILTER,BOLLINGER,CAMARILLA,DAILY-BIAS,DBL-TOP,FAILED-BO,FIRST-CANDLE,MACD,PDH-PDL,PIN-BAR,STOCHASTIC,SUPERTREND,VPOC",13,13.0,SUPERTREND,"SUPERTREND: flipped bearish, ST=1569.33",15:15,1555.05,TIME_EXIT,LOSS,-358.92,-0.07,60.0,MEDIUM
2024-03-22,GRAPHITE,LONG,09:40,632.3204081632653,790,499533.12,629.6025510204081,643.9683673469386,4.29,"CAMARILLA,DAILY-BIAS,EMA-CROSS,FIRST-CANDLE,ORB-15,ORB-30,PDH-PDL,PIN-BAR,REL-STR,SR-BREAK,STOCHASTIC,SUPERTREND,VPOC",13,13.0,VPOC,VPOC: breakout above VAH=632.32,10:35,643.9683673469386,TARGET_HIT,EXACT_WIN,8466.33,1.69,60.0,MEDIUM
2024-03-22,TRENT,SHORT,09:50,2644.2,189,499753.8,2683.3,2565.999999999999,2.0,"ADX-FILTER,CAMARILLA,CPR,FIRST-CANDLE,ORB-15,ORB-30,PDH-PDL,PIN-BAR,REL-STR,SR-BREAK,STOCHASTIC,SUPERTREND",12,12.0,ORB-15,ORB-15: breakdown below 2644.20,15:15,2632.0,TIME_EXIT,WIN,1578.54,0.32,60.0,MEDIUM
2024-03-26,DIXON,LONG,09:25,7189.85,69,496099.65,7151.630102040816,7329.435714285715,3.65,"ADX-FILTER,ASC-TRI,BOLLINGER,CAMARILLA,DAILY-BIAS,EMA-CROSS,FIRST-CANDLE,MACD,ORB-30,PDH-PDL,SR-BREAK,SUPERTREND,VPOC",13,13.0,VPOC,VPOC: breakout above VAH=7189.85,09:30,7151.630102040816,STOP_HIT,LOSS,-3358.68,-0.68,60.0,MEDIUM
2024-03-26,BLS,SHORT,12:55,325.0,1538,499850.0,327.5294999999999,318.5,2.57,"CPR,DAILY-BIAS,FAILED-BO,FIRST-CANDLE,INTRADAY-STRUCT,MACD,ORB-15,PIN-BAR,REL-STR,SR-BREAK,STOCHASTIC,SUPERTREND,VWAP-STDDEV",13,13.0,FAILED-BO,"Failed BO: bull trap above 325.50, reversed on vol 2.2×",15:10,318.5,TARGET_HIT,EXACT_WIN,9274.01,1.86,60.0,MEDIUM
2024-03-27,KALYANKJIL,LONG,13:50,412.1075,1213,499886.4,405.05375,440.32250000000005,4.0,"ADX-FILTER,CAMARILLA,CPR,DAILY-BIAS,DBL-BTM,FIRST-CANDLE,MACD,ORB-15,ORB-30,PDH-PDL,SR-BREAK,STOCHASTIC,SUPERTREND,VPOC",14,14.0,CAMARILLA,CAMARILLA: breakout above H4=412.11,15:15,416.0,TIME_EXIT,WIN,3989.11,0.8,60.0,MEDIUM
2024-03-27,DIVISLAB,SHORT,09:15,3395.95,147,499204.65,3550.0995,3043.7749999999996,2.28,"DAILY-BIAS,DBL-TOP,DESC-TRI,FAILED-BO,FIRST-CANDLE,INTRADAY-STRUCT,MACD,PDH-PDL,PIN-BAR,REL-STR,SR-BREAK,STOCHASTIC,SUPERTREND",13,13.0,DESC-TRI,Descending Triangle: breakdown below support 3438.29,15:15,3370.0,TIME_EXIT,WIN,3089.01,0.62,60.0,MEDIUM
2024-03-28,MUTHOOTFIN,LONG,11:50,1484.0,336,498624.0,1465.8,1520.4,2.0,"BOLLINGER,CPR,DAILY-BIAS,EMA-CROSS,FIRST-CANDLE,MACD,ORB-15,ORB-30,PDH-PDL,PIN-BAR,SR-BREAK,STOCHASTIC,SUPERTREND,VPOC",14,14.0,ORB-15,ORB-15: breakout above 1484.00 (range=18.20),15:15,1474.6,TIME_EXIT,LOSS,-3882.93,-0.78,60.0,MEDIUM
2024-03-28,HINDALCO,SHORT,09:50,558.65,895,499991.75,562.95,550.0499999999998,2.0,"BOLLINGER,CAMARILLA,FIRST-CANDLE,INTRADAY-STRUCT,MACD,ORB-15,PDH-PDL,PIN-BAR,REL-STR,SR-BREAK,SUPERTREND,VPOC,VWAP-STDDEV",13,13.0,ORB-15,ORB-15: breakdown below 558.65,13:35,562.95,STOP_HIT,LOSS,-4579.6,-0.92,60.0,MEDIUM
2024-04-01,COCHINSHIP,LONG,09:15,882.9857142857143,566,499769.91,882.7321428571429,892.6214285714285,38.0,"ADX-FILTER,CAMARILLA,DAILY-BIAS,FIRST-CANDLE,GAP-CONT,INTRADAY-STRUCT,ORB-15,ORB-30,PDH-PDL,REL-STR,SR-BREAK,STOCHASTIC,VOL-SPIKE,VPOC",14,14.0,VPOC,VPOC: breakout above VAH=882.99,09:20,892.6214285714285,TARGET_HIT,EXACT_WIN,4720.9,0.94,60.0,MEDIUM
2024-04-01,HINDPETRO,SHORT,10:30,296.4,1686,499730.4,300.15,288.9,2.0,"ADX-FILTER,CAMARILLA,DAILY-BIAS,FIRST-CANDLE,ORB-15,ORB-30,PDH-PDL,PIN-BAR,REL-STR,SR-BREAK,STOCHASTIC,VPOC",12,12.0,ORB-15,ORB-15: breakdown below 296.40,15:15,293.85,TIME_EXIT,WIN,3573.22,0.72,60.0,MEDIUM
2024-04-02,AMBUJACEM,LONG,09:40,625.0,800,500000.0,619.65,635.7,2.0,"ADX-FILTER,CAMARILLA,DAILY-BIAS,DBL-BTM,EMA-CROSS,MACD,ORB-15,PDH-PDL,REL-STR,SR-BREAK,STOCHASTIC,SUPERTREND,VPOC",13,13.0,ORB-15,ORB-15: breakout above 625.00 (range=5.35),15:00,635.7,TARGET_HIT,EXACT_WIN,7824.31,1.56,60.0,MEDIUM
2024-04-02,APOLLOTYRE,SHORT,10:25,466.13,1072,499691.36,468.53,461.33000000000004,2.0,"ADX-FILTER,BEAR-ENGULF,BOLLINGER,CAMARILLA,DAILY-BIAS,FAILED-BO,MACD,PIN-BAR,RSI-EXT,SR-BREAK,VPOC,VWAP-STDDEV",12,12.0,SR-BREAK,SR-BREAK: breakdown below support 466.13,11:30,468.53,STOP_HIT,LOSS,-3302.76,-0.66,60.0,MEDIUM
2024-04-03,COLPAL,LONG,12:30,2786.25,179,498738.75,2754.0,2850.75,2.0,"CAMARILLA,CPR,DAILY-BIAS,DBL-BTM,EMA-CROSS,FIRST-CANDLE,MACD,ORB-15,ORB-30,PDH-PDL,PIN-BAR,SR-BREAK,STOCHASTIC,VPOC",14,14.0,ORB-15,ORB-15: breakout above 2786.25 (range=32.25),15:15,2794.0,TIME_EXIT,WIN,658.96,0.13,60.0,MEDIUM
2024-04-03,SBILIFE,SHORT,11:15,1461.45,342,499815.9,1470.1139999999998,1417.6065,5.06,"ADX-FILTER,DAILY-BIAS,DESC-TRI,FAILED-BO,FIRST-CANDLE,OPEN-WEAK,ORB-15,ORB-30,PDH-PDL,SR-BREAK,STOCHASTIC,VWAP-STDDEV",12,12.0,FAILED-BO,"Failed BO: bull trap above 1472.75, reversed on vol 4.8×",15:15,1460.95,TIME_EXIT,LOSS,-557.56,-0.11,60.0,MEDIUM
2024-04-04,ETERNAL,LONG,09:15,181.5765306122449,2753,499880.19,180.94132653061223,185.2183673469388,5.73,"ADX-FILTER,CAMARILLA,DAILY-BIAS,EMA-CROSS,FIRST-CANDLE,INTRADAY-STRUCT,ORB-15,PDH-PDL,REL-STR,SR-BREAK,STOCHASTIC,VPOC",12,12.0,VPOC,VPOC: breakout above VAH=181.58,09:25,180.94132653061223,STOP_HIT,LOSS,-2476.08,-0.5,60.0,MEDIUM
2024-04-04,BATAINDIA,SHORT,13:40,1373.65,363,498634.95,1381.95,1357.0500000000002,2.0,"ADX-FILTER,BEAR-ENGULF,BOLLINGER,CAMARILLA,DAILY-BIAS,FAILED-BO,FIRST-CANDLE,MACD,ORB-15,ORB-30,SR-BREAK,STOCHASTIC,SUPERTREND,VPOC",14,14.0,ORB-15,ORB-15: breakdown below 1373.65,15:15,1372.25,TIME_EXIT,LOSS,-218.56,-0.04,60.0,MEDIUM
2024-04-05,BALKRISIND,LONG,11:50,2349.0,212,497988.0,2315.15,2416.7,2.0,"ADX-FILTER,BOLLINGER,CAMARILLA,DAILY-BIAS,DBL-BTM,FIRST-CANDLE,INTRADAY-STRUCT,MACD,ORB-15,ORB-30,SR-BREAK,SUPERTREND,VPOC,VWAP-STDDEV",14,14.0,ORB-15,ORB-15: breakout above 2349.00 (range=33.85),12:50,2416.7,TARGET_HIT,EXACT_WIN,13614.87,2.73,60.0,MEDIUM
2024-04-05,INDIANB,SHORT,09:35,510.7,979,499975.3,519.5597880478068,492.9804239043863,2.0,"BOLLINGER,FIRST-CANDLE,MACD,PDH-PDL,PIN-BAR,REL-STR,RSI-EXT,SR-BREAK,STOCHASTIC,SUPERTREND,VWAP-REV,VWAP-STDDEV",12,12.0,SUPERTREND,"SUPERTREND: flipped bearish, ST=518.52",12:00,519.5597880478068,STOP_HIT,LOSS,-9407.57,-1.88,60.0,MEDIUM
2024-04-08,HEG,LONG,13:45,425.45714285714286,1175,499912.14,425.2857142857143,440.54285714285714,88.0,"ADX-FILTER,CAMARILLA,DAILY-BIAS,EMA-CROSS,INTRADAY-STRUCT,MACD,ORB-15,ORB-30,PDH-PDL,PIN-BAR,SR-BREAK,SUPERTREND,VPOC",13,13.0,VPOC,VPOC: breakout above VAH=425.46,13:50,425.2857142857143,STOP_HIT,LOSS,-930.06,-0.19,60.0,MEDIUM
2024-04-08,LUPIN,SHORT,13:25,1599.05,312,498903.6,1619.95,1557.2499999999998,2.0,"ADX-FILTER,BOLLINGER,CAMARILLA,DAILY-BIAS,FAILED-BO,FIRST-CANDLE,MACD,ORB-15,ORB-30,PIN-BAR,REL-STR,RSI-EXT,SR-BREAK,SUPERTREND,VPOC,VWAP-STDDEV",16,16.0,ORB-15,ORB-15: breakdown below 1599.05,15:15,1613.4,TIME_EXIT,LOSS,-5207.17,-1.04,60.0,MEDIUM
2024-04-09,SBIN,LONG,10:00,769.9,649,499665.1,766.25,777.1999999999999,2.0,"ADX-FILTER,CPR,DAILY-BIAS,FIRST-CANDLE,MACD,ORB-30,PDH-PDL,PIN-BAR,RSI-EXT,SR-BREAK,STOCHASTIC,VPOC,VWAP-STDDEV",13,13.0,ORB-30,ORB-30: breakout above 769.90 (range=3.65),12:50,766.25,STOP_HIT,LOSS,-3095.43,-0.62,60.0,MEDIUM
2024-04-09,DRREDDY,SHORT,11:20,1233.9,405,499729.5,1241.7038117219734,1218.2923765560536,2.0,"ADX-FILTER,BEAR-ENGULF,BOLLINGER,CAMARILLA,DAILY-BIAS,FAILED-BO,FIRST-CANDLE,INTRADAY-STRUCT,PIN-BAR,SR-BREAK,SUPERTREND",11,11.0,SUPERTREND,"SUPERTREND: flipped bearish, ST=1239.23",15:15,1232.9,TIME_EXIT,LOSS,-323.31,-0.06,60.0,MEDIUM
2024-04-10,GAIL,LONG,10:15,193.841,2579,499915.94,192.1855,200.46300000000002,4.0,"CAMARILLA,CPR,DAILY-BIAS,EMA-CROSS,FIRST-CANDLE,ORB-15,ORB-30,PDH-PDL,PIN-BAR,REL-STR,SR-BREAK,STOCHASTIC,SUPERTREND,VPOC",14,14.0,CAMARILLA,CAMARILLA: breakout above H4=193.84,12:35,192.1855,STOP_HIT,LOSS,-4994.95,-1.0,60.0,MEDIUM
2024-04-10,ABFRL,SHORT,10:55,178.7,2797,499823.9,181.15,173.79999999999995,2.0,"ADX-FILTER,BOLLINGER,CAMARILLA,FAILED-BO,FIRST-CANDLE,MACD,ORB-30,PIN-BAR,REL-STR,RSI-EXT,SR-BREAK,STOCHASTIC,SUPERTREND,VWAP-REV",14,14.0,ORB-30,ORB-30: breakdown below 178.70,12:00,181.15,STOP_HIT,LOSS,-7585.24,-1.52,60.0,MEDIUM
2024-04-12,BHEL,LONG,10:15,263.9642857142857,1894,499948.36,263.48724489795916,267.20816326530615,6.8,"BOLLINGER,BULL-FLAG,CAMARILLA,DAILY-BIAS,EMA-CROSS,FIRST-CANDLE,MACD,ORB-30,PDH-PDL,REL-STR,SR-BREAK,STOCHASTIC,VPOC,VWAP-STDDEV",14,14.0,VPOC,VPOC: breakout above VAH=263.96,11:25,267.20816326530615,TARGET_HIT,EXACT_WIN,5410.2,1.08,60.0,MEDIUM
2024-04-12,TITAN,SHORT,12:15,3654.3,136,496984.8,3694.8,3573.3,2.0,"CPR,DBL-TOP,FIRST-CANDLE,INTRADAY-STRUCT,OPEN-WEAK,ORB-30,PDH-PDL,PIN-BAR,REL-STR,SR-BREAK,STOCHASTIC",11,11.0,ORB-30,ORB-30: breakdown below 3654.30,15:15,3620.1,TIME_EXIT,WIN,3929.06,0.79,60.0,MEDIUM
2024-04-15,GAIL,LONG,09:45,187.54,2666,499981.64,186.60229999999999,191.4522448979592,4.17,"BOLLINGER,CAMARILLA,DAILY-BIAS,EMA-CROSS,FIRST-CANDLE,MACD,ORB-15,ORB-30,REL-STR,RSI-EXT,SR-BREAK,SUPERTREND,VPOC",13,13.0,VPOC,VPOC: rejection below VPOC=187.84,10:40,191.4522448979592,TARGET_HIT,EXACT_WIN,9692.9,1.94,60.0,MEDIUM
2024-04-15,HINDALCO,SHORT,13:35,614.25,814,499999.5,622.6063609162723,597.5372781674555,2.0,"ADX-FILTER,BOLLINGER,FIRST-CANDLE,GAP-FADE,MACD,PIN-BAR,REL-STR,RSI-EXT,SUPERTREND,VWAP-REV,VWAP-STDDEV",11,11.0,SUPERTREND,"SUPERTREND: flipped bearish, ST=621.36",15:15,612.75,TIME_EXIT,WIN,492.79,0.1,60.0,MEDIUM
2024-04-16,BHARATFORG,LONG,09:35,1179.7250000000001,423,499023.68,1173.8125,1203.3750000000002,4.0,"CAMARILLA,CPR,DAILY-BIAS,FIRST-CANDLE,MACD,ORB-15,ORB-30,PDH-PDL,PIN-BAR,REL-STR,SR-BREAK,STOCHASTIC,SUPERTREND,VPOC,VWAP-STDDEV",15,15.0,CAMARILLA,CAMARILLA: breakout above H4=1179.73,15:15,1183.9,TIME_EXIT,WIN,1037.05,0.21,60.0,MEDIUM
2024-04-16,TORNTPHARM,SHORT,10:15,2514.01,198,497773.98,2583.75,2374.5300000000007,2.0,"ADX-FILTER,BOLLINGER,CAMARILLA,DAILY-BIAS,DBL-TOP,DESC-TRI,FIRST-CANDLE,MACD,PDH-PDL,SR-BREAK,STOCHASTIC,VPOC",12,12.0,SR-BREAK,SR-BREAK: breakdown below support 2514.01,15:15,2540.0,TIME_EXIT,LOSS,-5874.84,-1.18,60.0,MEDIUM
2024-04-18,CAMS,LONG,09:20,636.5550000000001,785,499695.68,628.2775,669.6650000000002,4.0,"ASC-TRI,CAMARILLA,DAILY-BIAS,DBL-BTM,FIRST-CANDLE,ORB-15,PDH-PDL,PIN-BAR,REL-STR,SR-BREAK,STOCHASTIC,VOL-SPIKE,VPOC",13,13.0,CAMARILLA,CAMARILLA: breakout above H4=636.56,15:15,636.7,TIME_EXIT,LOSS,-614.76,-0.12,60.0,MEDIUM
2024-04-18,INDUSINDBK,SHORT,13:25,1498.0,333,498834.0,1508.35,1477.3000000000002,2.0,"CAMARILLA,DAILY-BIAS,DBL-TOP,FIRST-CANDLE,MACD,ORB-15,ORB-30,PDH-PDL,SR-BREAK,STOCHASTIC,SUPERTREND,VPOC,VWAP-STDDEV",13,13.0,ORB-15,ORB-15: breakdown below 1498.00,14:30,1477.3000000000002,TARGET_HIT,EXACT_WIN,6169.72,1.24,60.0,MEDIUM
2024-04-19,INDUSTOWER,LONG,09:30,350.77244897959184,1425,499850.74,349.8107142857143,358.85102040816327,8.4,"BOLLINGER,BULL-FLAG,CAMARILLA,DAILY-BIAS,EMA-CROSS,FIRST-CANDLE,MACD,ORB-15,PDH-PDL,REL-STR,SR-BREAK,STOCHASTIC,SUPERTREND,VPOC",14,14.0,VPOC,VPOC: breakout above VAH=350.77,10:00,358.85102040816327,TARGET_HIT,EXACT_WIN,10774.14,2.16,60.0,MEDIUM
2024-04-19,GODREJCP,SHORT,09:15,1158.18,431,499175.58,1177.76,1119.0200000000002,2.0,"ADX-FILTER,DAILY-BIAS,DBL-TOP,DESC-TRI,FIRST-CANDLE,OPEN-WEAK,PDH-PDL,PIN-BAR,REL-STR,SR-BREAK,STOCHASTIC,VWAP-REV,VWAP-STDDEV",13,13.0,SR-BREAK,SR-BREAK: breakdown below support 1158.18,15:15,1169.05,TIME_EXIT,LOSS,-5415.43,-1.08,60.0,MEDIUM
2024-04-22,NATIONALUM,LONG,09:25,186.436,2681,499834.92,183.543,198.008,4.0,"BULL-FLAG,CAMARILLA,DAILY-BIAS,FIRST-CANDLE,GAP-CONT,INTRADAY-STRUCT,PDH-PDL,PIN-BAR,REL-STR,SR-BREAK,STOCHASTIC,VPOC,VWAP-REV,VWAP-STDDEV",14,14.0,CAMARILLA,CAMARILLA: breakout above H4=186.44,09:50,183.543,STOP_HIT,LOSS,-8478.68,-1.7,60.0,MEDIUM
2024-04-22,INDUSINDBK,SHORT,10:15,1490.0,335,499150.0,1501.0,1468.0,2.0,"ADX-FILTER,BOLLINGER,CAMARILLA,DAILY-BIAS,DBL-TOP,FIRST-CANDLE,MACD,ORB-15,ORB-30,PIN-BAR,SR-BREAK,SUPERTREND",12,12.0,ORB-15,ORB-15: breakdown below 1490.00,15:15,1479.45,TIME_EXIT,WIN,2808.52,0.56,60.0,MEDIUM
2024-04-23,MAZDOCK,LONG,09:15,1086.7,460,499882.0,1081.2665,1104.626530612245,3.3,"ASC-TRI,BULL-FLAG,DAILY-BIAS,EMA-CROSS,FIRST-CANDLE,INTRADAY-STRUCT,MACD,ORB-15,ORB-30,PDH-PDL,PIN-BAR,REL-STR,SR-BREAK,STOCHASTIC,SUPERTREND,VPOC",16,16.0,VPOC,VPOC: rejection below VPOC=1087.12,09:40,1104.626530612245,TARGET_HIT,EXACT_WIN,7510.93,1.5,60.0,MEDIUM
2024-04-23,SUNPHARMA,SHORT,10:45,1542.2,324,499672.8,1562.45,1501.7,2.0,"BOLLINGER,CAMARILLA,DAILY-BIAS,DBL-TOP,FIRST-CANDLE,MACD,ORB-15,ORB-30,PIN-BAR,REL-STR,RSI-EXT,SR-BREAK,STOCHASTIC,SUPERTREND",14,14.0,ORB-15,ORB-15: breakdown below 1542.20,12:15,1501.7,TARGET_HIT,EXACT_WIN,12401.04,2.48,60.0,MEDIUM
2024-04-24,DATAPATTNS,LONG,09:15,2927.1525,170,497615.93,2908.57625,3001.4575000000004,4.0,"BULL-FLAG,CAMARILLA,CPR,DAILY-BIAS,DBL-BTM,FIRST-CANDLE,ORB-15,ORB-30,PDH-PDL,REL-STR,SR-BREAK,STOCHASTIC,VOL-SPIKE,VPOC",14,14.0,CAMARILLA,CAMARILLA: breakout above H4=2927.15,09:25,3001.4575000000004,TARGET_HIT,EXACT_WIN,11896.19,2.39,60.0,MEDIUM
2024-04-24,AUBANK,SHORT,10:10,608.4,821,499496.4,613.7,597.7999999999998,2.0,"BOLLINGER,CAMARILLA,FIRST-CANDLE,ORB-15,ORB-30,PDH-PDL,PIN-BAR,REL-STR,RSI-EXT,SR-BREAK,SUPERTREND,VWAP-STDDEV",12,12.0,ORB-15,ORB-15: breakdown below 608.40,11:15,613.7,STOP_HIT,LOSS,-5082.01,-1.02,60.0,MEDIUM
2024-04-25,COCHINSHIP,LONG,09:35,1317.6857142857143,379,499402.89,1317.0214285714287,1372.1571428571428,82.0,"BULL-FLAG,CAMARILLA,DAILY-BIAS,EMA-CROSS,FIRST-CANDLE,MACD,ORB-15,ORB-30,PDH-PDL,PIN-BAR,REL-STR,SR-BREAK,STOCHASTIC,SUPERTREND,VOL-SPIKE,VPOC",16,16.0,VPOC,VPOC: breakout above VAH=1317.69,10:00,1372.1571428571428,TARGET_HIT,EXACT_WIN,19900.23,3.98,60.0,MEDIUM
2024-04-25,MPHASIS,SHORT,10:30,2142.2,233,499132.6,2156.9,2112.7999999999993,2.0,"ADX-FILTER,DAILY-BIAS,DBL-TOP,FIRST-CANDLE,MACD,ORB-15,ORB-30,PDH-PDL,PIN-BAR,SR-BREAK,STOCHASTIC",11,11.0,ORB-15,ORB-15: breakdown below 2142.20,11:20,2112.7999999999993,TARGET_HIT,EXACT_WIN,6126.39,1.23,60.0,MEDIUM
2024-04-26,MANKIND,LONG,09:55,2416.15,206,497726.9,2381.1,2486.2500000000005,2.0,"BOLLINGER,DAILY-BIAS,DBL-BTM,EMA-CROSS,FIRST-CANDLE,MACD,ORB-15,ORB-30,PDH-PDL,RSI-EXT,SR-BREAK,STOCHASTIC,SUPERTREND,VPOC",14,14.0,ORB-15,ORB-15: breakout above 2416.15 (range=35.05),14:35,2381.1,STOP_HIT,LOSS,-7940.39,-1.6,60.0,MEDIUM
2024-04-26,TVSMOTOR,SHORT,11:10,2019.1,247,498717.7,2041.0545,1951.3,3.09,"ADX-FILTER,BEAR-ENGULF,BOLLINGER,CAMARILLA,CPR,DAILY-BIAS,DBL-TOP,FAILED-BO,FIRST-CANDLE,INTRADAY-STRUCT,MACD,PIN-BAR,RSI-EXT,SUPERTREND,VWAP-STDDEV",15,15.0,BEAR-ENGULF,"Bear Engulf at resistance 2014.10, vol 1.9×",15:15,2015.3,TIME_EXIT,WIN,211.97,0.04,60.0,MEDIUM
2024-04-29,ZEEL,LONG,09:25,146.369,3416,499996.5,144.77949999999998,152.727,4.0,"CAMARILLA,CPR,DBL-BTM,EMA-CROSS,FIRST-CANDLE,MACD,ORB-15,PDH-PDL,PIN-BAR,REL-STR,SR-BREAK,STOCHASTIC,SUPERTREND,VPOC,VWAP-STDDEV",15,15.0,CAMARILLA,CAMARILLA: breakout above H4=146.37,11:35,144.77949999999998,STOP_HIT,LOSS,-6154.34,-1.23,60.0,MEDIUM
2024-04-29,JSL,SHORT,12:55,700.0,714,499800.0,709.3685519561305,681.2628960877389,2.0,"BOLLINGER,CAMARILLA,DAILY-BIAS,FAILED-BO,FIRST-CANDLE,MACD,PDH-PDL,PIN-BAR,REL-STR,RSI-EXT,SUPERTREND,VPOC,VWAP-REV,VWAP-STDDEV",14,14.0,SUPERTREND,"SUPERTREND: flipped bearish, ST=707.95",15:15,700.0,TIME_EXIT,LOSS,-728.64,-0.15,60.0,MEDIUM
2024-04-30,TRENT,LONG,09:40,3066.3199999999997,163,499810.16,2981.5099999999998,3405.5599999999995,4.0,"CAMARILLA,DAILY-BIAS,EMA-CROSS,FIRST-CANDLE,GAP-CONT,PDH-PDL,PIN-BAR,REL-STR,SR-BREAK,STOCHASTIC,VOL-SPIKE,VPOC,VWAP-REV,VWAP-STDDEV",14,14.0,CAMARILLA,CAMARILLA: breakout above H4=3066.32,10:30,2981.5099999999998,STOP_HIT,LOSS,-14541.74,-2.91,60.0,MEDIUM
2024-04-30,GRAPHITE,SHORT,13:10,688.7,726,499996.2,694.5554999999999,675.05,2.33,"BEAR-ENGULF,BOLLINGER,CAMARILLA,FAILED-BO,FIRST-CANDLE,INTRADAY-STRUCT,MACD,PIN-BAR,REL-STR,RSI-EXT,SR-BREAK,STOCHASTIC,SUPERTREND,VPOC,VWAP-STDDEV",15,15.0,BEAR-ENGULF,"Bear Engulf at resistance 694.90, vol 2.0×",15:15,679.15,TIME_EXIT,WIN,6208.36,1.24,60.0,MEDIUM
2024-05-02,ESCORTS,LONG,10:40,3358.0,148,496984.0,3341.21,3393.0142857142855,2.09,"ADX-FILTER,BOLLINGER,CAMARILLA,CPR,DAILY-BIAS,INTRADAY-STRUCT,MACD,ORB-15,ORB-30,PDH-PDL,PIN-BAR,SR-BREAK,SUPERTREND,VPOC,VWAP-STDDEV",15,15.0,VPOC,VPOC: rejection below VPOC=3360.26,11:15,3393.0142857142855,TARGET_HIT,EXACT_WIN,4453.21,0.9,60.0,MEDIUM
2024-05-02,DALBHARAT,SHORT,09:45,1822.9,274,499474.6,1844.9,1778.9,2.0,"BEAR-ENGULF,CAMARILLA,CPR,DAILY-BIAS,FIRST-CANDLE,INTRADAY-STRUCT,ORB-15,ORB-30,PDH-PDL,REL-STR,SR-BREAK,STOCHASTIC",12,12.0,ORB-15,ORB-15: breakdown below 1822.90,15:15,1790.4,TIME_EXIT,WIN,8181.9,1.64,60.0,MEDIUM
2024-05-03,COALINDIA,LONG,10:05,430.0,1162,499660.0,422.0,446.0,2.0,"BOLLINGER,DAILY-BIAS,DBL-BTM,EMA-CROSS,FIRST-CANDLE,GAP-CONT,INTRADAY-STRUCT,MACD,ORB-15,ORB-30,PDH-PDL,STOCHASTIC,SUPERTREND,VOL-SPIKE",14,14.0,ORB-15,ORB-15: breakout above 430.00 (range=8.00),15:05,446.0,TARGET_HIT,EXACT_WIN,17848.83,3.57,60.0,MEDIUM
2024-05-03,LTTS,SHORT,11:15,4619.0,108,498852.0,4664.5,4528.0,2.0,"ADX-FILTER,BEAR-ENGULF,BOLLINGER,CAMARILLA,DAILY-BIAS,FAILED-BO,FIRST-CANDLE,MACD,ORB-30,PDH-PDL,SR-BREAK,STOCHASTIC,SUPERTREND,VPOC",14,14.0,ORB-30,ORB-30: breakdown below 4619.00,15:15,4580.0,TIME_EXIT,WIN,3487.06,0.7,60.0,MEDIUM
2024-05-06,ASTRAL,LONG,09:50,2091.8900000000003,239,499961.71,2080.945,2135.670000000001,4.0,"ADX-FILTER,CAMARILLA,CPR,DAILY-BIAS,FIRST-CANDLE,ORB-15,ORB-30,PDH-PDL,REL-STR,SR-BREAK,STOCHASTIC,VPOC,VWAP-STDDEV",13,13.0,CAMARILLA,CAMARILLA: breakout above H4=2091.89,10:30,2080.945,STOP_HIT,LOSS,-3342.64,-0.67,60.0,MEDIUM
2024-05-06,ARE&M,SHORT,09:55,1122.0,445,499290.0,1139.0,1088.0,2.0,"ADX-FILTER,BEAR-ENGULF,CAMARILLA,FAILED-BO,FIRST-CANDLE,INTRADAY-STRUCT,MACD,ORB-15,ORB-30,PDH-PDL,PIN-BAR,REL-STR,SR-BREAK,STOCHASTIC,SUPERTREND",15,15.0,ORB-15,ORB-15: breakdown below 1122.00,10:00,1088.0,TARGET_HIT,EXACT_WIN,14410.71,2.89,60.0,MEDIUM
2024-05-07,SHRIRAMFIN,LONG,09:25,512.0,976,499712.0,505.5815345481363,524.8369309037274,2.0,"ADX-FILTER,BOLLINGER,CAMARILLA,DAILY-BIAS,DBL-BTM,FIRST-CANDLE,INTRADAY-STRUCT,MACD,PIN-BAR,REL-STR,RSI-EXT,SR-BREAK,SUPERTREND,VPOC,VWAP-REV,VWAP-STDDEV",16,16.0,SUPERTREND,"SUPERTREND: flipped bullish, ST=506.59",10:10,505.5815345481363,STOP_HIT,LOSS,-6987.98,-1.4,60.0,MEDIUM
2024-05-07,LTTS,SHORT,10:00,4499.0,111,499389.0,4549.032987913628,4398.934024172744,2.0,"ADX-FILTER,BOLLINGER,CAMARILLA,DAILY-BIAS,FIRST-CANDLE,INTRADAY-STRUCT,MACD,PDH-PDL,REL-STR,SR-BREAK,STOCHASTIC,SUPERTREND,VPOC",13,13.0,SUPERTREND,"SUPERTREND: flipped bearish, ST=4539.95",14:10,4549.032987913628,STOP_HIT,LOSS,-6284.91,-1.26,60.0,MEDIUM
2024-05-08,OIL,LONG,09:45,429.95,979,420921.05,399.3165,495.34999999999997,2.13,"ASC-TRI,BOLLINGER,CAMARILLA,DAILY-BIAS,DBL-BTM,EMA-CROSS,FIRST-CANDLE,MACD,ORB-15,PIN-BAR,REL-STR,SR-BREAK,STOCHASTIC,SUPERTREND",14,14.0,ASC-TRI,Ascending Triangle: breakout above resistance 429.27,15:15,426.75,TIME_EXIT,LOSS,-3751.41,-0.89,60.0,MEDIUM
2024-05-08,ABFRL,SHORT,09:35,190.5,2624,499872.0,192.50775,184.65,2.91,"ADX-FILTER,BEAR-ENGULF,BOLLINGER,CPR,FIRST-CANDLE,MACD,REL-STR,RSI-EXT,SR-BREAK,SUPERTREND,VPOC",11,11.0,BEAR-ENGULF,"Bear Engulf at resistance 193.35, vol 1.8×",12:50,192.50775,STOP_HIT,LOSS,-6000.08,-1.2,60.0,MEDIUM
2024-05-09,AUROPHARMA,LONG,09:35,1139.85,438,499254.3,1126.6,1166.35,2.0,"BOLLINGER,CPR,DAILY-BIAS,MACD,ORB-15,ORB-30,PDH-PDL,SR-BREAK,STOCHASTIC,SUPERTREND,VWAP-REV,VWAP-STDDEV",12,12.0,ORB-15,ORB-15: breakout above 1139.85 (range=13.25),13:10,1126.6,STOP_HIT,LOSS,-6526.8,-1.31,60.0,MEDIUM
2024-05-09,INDUSINDBK,SHORT,12:55,1445.5,345,498697.5,1456.6,1423.3000000000002,2.0,"BOLLINGER,CAMARILLA,DAILY-BIAS,DBL-TOP,DESC-TRI,FAILED-BO,FIRST-CANDLE,MACD,ORB-15,ORB-30,PDH-PDL,SR-BREAK,SUPERTREND",13,13.0,ORB-15,ORB-15: breakdown below 1445.50,13:00,1423.3000000000002,TARGET_HIT,EXACT_WIN,6936.24,1.39,60.0,MEDIUM
2024-05-10,BHARTIARTL,LONG,09:50,1291.8875,387,499960.46,1284.94375,1319.6625000000001,4.0,"CAMARILLA,DAILY-BIAS,EMA-CROSS,FIRST-CANDLE,ORB-15,ORB-30,PDH-PDL,PIN-BAR,REL-STR,SR-BREAK,STOCHASTIC,SUPERTREND,VPOC",13,13.0,CAMARILLA,CAMARILLA: breakout above H4=1291.89,15:15,1298.8,TIME_EXIT,WIN,1944.16,0.39,60.0,MEDIUM
2024-05-10,THERMAX,SHORT,09:35,4429.3,112,496081.6,4575.245403322268,4137.409193355464,2.0,"ADX-FILTER,BOLLINGER,DAILY-BIAS,FAILED-BO,FIRST-CANDLE,MACD,PDH-PDL,REL-STR,SR-BREAK,STOCHASTIC,SUPERTREND,VWAP-STDDEV",12,12.0,SUPERTREND,"SUPERTREND: flipped bearish, ST=4566.11",12:10,4575.245403322268,STOP_HIT,LOSS,-17078.8,-3.44,60.0,MEDIUM
2024-05-13,CUMMINSIND,LONG,09:15,3439.7125,145,498758.31,3426.85625,3491.1375000000003,4.0,"CAMARILLA,CPR,DAILY-BIAS,FIRST-CANDLE,INTRADAY-STRUCT,ORB-15,ORB-30,PDH-PDL,PIN-BAR,SR-BREAK,STOCHASTIC,VPOC,VWAP-STDDEV",13,13.0,CAMARILLA,CAMARILLA: breakout above H4=3439.71,09:20,3426.85625,STOP_HIT,LOSS,-2589.9,-0.52,60.0,MEDIUM
2024-05-13,APARINDS,SHORT,09:20,7610.9,65,494708.5,7694.83275,7310.0,3.59,"ADX-FILTER,BEAR-ENGULF,BOLLINGER,CPR,DBL-TOP,FAILED-BO,FIRST-CANDLE,MACD,PIN-BAR,REL-STR,RSI-EXT,SUPERTREND,VPOC,VWAP-STDDEV",14,14.0,BEAR-ENGULF,"Bear Engulf at resistance 7700.00, vol 1.5×",09:55,7694.83275,STOP_HIT,LOSS,-6180.44,-1.25,60.0,MEDIUM
2024-05-14,IFCI,LONG,09:50,52.35,9551,499994.85,51.525000000000006,55.65,4.0,"ADX-FILTER,CAMARILLA,DAILY-BIAS,EMA-CROSS,FIRST-CANDLE,GAP-CONT,ORB-15,ORB-30,PDH-PDL,REL-STR,SR-BREAK,STOCHASTIC,VPOC",13,13.0,CAMARILLA,CAMARILLA: breakout above H4=52.35,15:15,53.25,TIME_EXIT,WIN,7860.19,1.57,60.0,MEDIUM
2024-05-14,TECHM,SHORT,10:00,1208.2,413,498986.6,1219.7,1185.2,2.0,"BOLLINGER,CAMARILLA,FAILED-BO,FIRST-CANDLE,MACD,ORB-30,RSI-EXT,SR-BREAK,STOCHASTIC,SUPERTREND,VPOC,VWAP-REV,VWAP-STDDEV",13,13.0,ORB-30,ORB-30: breakdown below 1208.20,13:45,1219.7,STOP_HIT,LOSS,-5479.74,-1.1,60.0,MEDIUM
2024-05-15,BHARATFORG,LONG,11:05,1461.935,342,499981.77,1450.4675,1507.8049999999998,4.0,"ADX-FILTER,CAMARILLA,DAILY-BIAS,EMA-CROSS,FIRST-CANDLE,INTRADAY-STRUCT,MACD,ORB-15,ORB-30,PDH-PDL,SR-BREAK,STOCHASTIC,SUPERTREND,VPOC",14,14.0,CAMARILLA,CAMARILLA: breakout above H4=1461.93,12:15,1450.4675,STOP_HIT,LOSS,-4647.67,-0.93,60.0,MEDIUM
2024-05-15,PAYTM,SHORT,12:35,341.25,1465,499931.25,345.2175,333.05,2.07,"BEAR-ENGULF,DAILY-BIAS,FAILED-BO,FIRST-CANDLE,INTRADAY-STRUCT,MACD,ORB-15,PDH-PDL,REL-STR,RSI-EXT,SR-BREAK,STOCHASTIC,SUPERTREND,VWAP-REV,VWAP-STDDEV",15,15.0,FAILED-BO,"Failed BO: bull trap above 342.90, reversed on vol 3.0×",12:45,345.2175,STOP_HIT,LOSS,-6544.53,-1.31,60.0,MEDIUM
2024-05-16,INDIANB,LONG,12:20,522.5,956,499510.0,517.4,532.7,2.0,"BOLLINGER,CAMARILLA,DAILY-BIAS,EMA-CROSS,INTRADAY-STRUCT,MACD,ORB-15,PDH-PDL,REL-STR,RSI-EXT,SR-BREAK,STOCHASTIC,SUPERTREND,VPOC,VWAP-STDDEV",15,15.0,ORB-15,ORB-15: breakout above 522.50 (range=5.10),15:15,527.25,TIME_EXIT,WIN,3809.16,0.76,60.0,MEDIUM
2024-05-16,NESTLEIND,SHORT,09:30,1228.9,406,498933.4,1240.0,1206.7000000000003,2.0,"CAMARILLA,DAILY-BIAS,DBL-TOP,DESC-TRI,FIRST-CANDLE,MACD,ORB-15,ORB-30,PDH-PDL,REL-STR,SR-BREAK,STOCHASTIC,VPOC",13,13.0,ORB-15,ORB-15: breakdown below 1228.90,15:15,1233.2,TIME_EXIT,LOSS,-2474.25,-0.5,60.0,MEDIUM
2024-05-17,ZYDUSLIFE,LONG,09:15,1009.7265306122449,495,499814.63,1007.7372448979593,1035.3030612244897,12.86,"ADX-FILTER,DAILY-BIAS,EMA-CROSS,FIRST-CANDLE,INTRADAY-STRUCT,ORB-15,ORB-30,PDH-PDL,PIN-BAR,REL-STR,SR-BREAK,STOCHASTIC,VPOC",13,13.0,VPOC,VPOC: breakout above VAH=1009.73,10:00,1035.3030612244897,TARGET_HIT,EXACT_WIN,11921.7,2.39,60.0,MEDIUM
2024-05-17,DLF,SHORT,09:15,845.4,591,499631.4,853.5967499999999,826.35,2.32,"ADX-FILTER,BOLLINGER,CAMARILLA,DAILY-BIAS,FAILED-BO,FIRST-CANDLE,INTRADAY-STRUCT,MACD,PIN-BAR,RSI-EXT,SUPERTREND,VWAP-STDDEV",12,12.0,FAILED-BO,"Failed BO: bull trap above 846.35, reversed on vol 4.0×",11:55,853.5967499999999,STOP_HIT,LOSS,-5575.46,-1.12,60.0,MEDIUM
2024-05-18,ESCORTS,LONG,11:35,3810.05,131,499116.55,3776.15,3877.8500000000004,2.0,"ADX-FILTER,BULL-FLAG,CAMARILLA,DAILY-BIAS,FIRST-CANDLE,MACD,ORB-15,ORB-30,PDH-PDL,PIN-BAR,REL-STR,SR-BREAK,VPOC",13,13.0,ORB-15,ORB-15: breakout above 3810.05 (range=33.90),11:40,3877.8500000000004,TARGET_HIT,EXACT_WIN,8147.06,1.63,60.0,MEDIUM
2024-05-18,UPL,SHORT,12:20,491.15,1018,499990.7,494.35,484.7499999999999,2.0,"ADX-FILTER,BOLLINGER,CAMARILLA,FAILED-BO,FIRST-CANDLE,MACD,ORB-15,ORB-30,REL-STR,SR-BREAK,VPOC",11,11.0,ORB-15,ORB-15: breakdown below 491.15,12:25,490.65,TIME_EXIT,LOSS,-219.61,-0.04,60.0,MEDIUM
2024-05-21,IRCON,LONG,09:15,277.5025,1801,499782.0,275.15125,286.90749999999997,4.0,"CAMARILLA,CPR,DAILY-BIAS,DBL-BTM,FIRST-CANDLE,GAP-CONT,ORB-15,ORB-30,PDH-PDL,PIN-BAR,REL-STR,SR-BREAK,STOCHASTIC,VOL-SPIKE,VPOC",15,15.0,CAMARILLA,CAMARILLA: breakout above H4=277.50,09:45,286.90749999999997,TARGET_HIT,EXACT_WIN,16196.38,3.24,60.0,MEDIUM
2024-05-21,CANBK,SHORT,09:15,107.41,4655,499993.55,107.42333333333335,107.3833333333333,2.0,"BEAR-ENGULF,BOLLINGER,CPR,DAILY-BIAS,FAILED-BO,INTRADAY-STRUCT,PDH-PDL,PIN-BAR,REL-STR,VPOC,VWAP-STDDEV",11,11.0,CPR,"CPR: narrow CPR, breakdown below BC=107.41",09:20,107.3833333333333,TARGET_HIT,EXACT_WIN,-604.7,-0.12,60.0,MEDIUM
2024-05-22,ABFRL,LONG,09:30,215.33877551020407,2321,499801.3,213.3464285714286,227.6551020408163,6.18,"DAILY-BIAS,EMA-CROSS,FIRST-CANDLE,MACD,ORB-15,PDH-PDL,PIN-BAR,REL-STR,SR-BREAK,STOCHASTIC,SUPERTREND,VPOC,VWAP-REV,VWAP-STDDEV",14,14.0,VPOC,VPOC: breakout above VAH=215.34,09:45,213.3464285714286,STOP_HIT,LOSS,-5349.22,-1.07,60.0,MEDIUM
2024-05-22,SWANCORP,SHORT,09:40,598.1,835,499413.5,608.0,578.3000000000001,2.0,"BOLLINGER,CAMARILLA,DAILY-BIAS,FIRST-CANDLE,INTRADAY-STRUCT,MACD,ORB-15,PIN-BAR,REL-STR,RSI-EXT,SR-BREAK,SUPERTREND,VPOC,VWAP-REV",14,14.0,ORB-15,ORB-15: breakdown below 598.10,10:25,608.0,STOP_HIT,LOSS,-8999.34,-1.8,60.0,MEDIUM
2024-05-23,MPHASIS,LONG,10:50,2279.8,219,499276.2,2264.7,2310.000000000001,2.0,"DAILY-BIAS,DBL-BTM,EMA-CROSS,FIRST-CANDLE,INTRADAY-STRUCT,MACD,ORB-15,ORB-30,PDH-PDL,PIN-BAR,SR-BREAK,STOCHASTIC,SUPERTREND,VPOC",14,14.0,ORB-15,ORB-15: breakout above 2279.80 (range=15.10),11:10,2310.000000000001,TARGET_HIT,EXACT_WIN,5880.64,1.18,60.0,MEDIUM
2024-05-23,INDHOTEL,SHORT,09:15,575.65,868,499664.2,579.5835,565.1,2.68,"ADX-FILTER,BOLLINGER,CAMARILLA,DAILY-BIAS,FAILED-BO,FIRST-CANDLE,MACD,ORB-15,ORB-30,PDH-PDL,REL-STR,STOCHASTIC,SUPERTREND,VPOC",14,14.0,FAILED-BO,"Failed BO: bull trap above 575.70, reversed on vol 2.8×",10:40,565.1,TARGET_HIT,EXACT_WIN,8434.18,1.69,60.0,MEDIUM
2024-05-24,TECHM,LONG,11:10,1287.5,388,499550.0,1277.7,1307.1,2.0,"BOLLINGER,CAMARILLA,DAILY-BIAS,DBL-BTM,FIRST-CANDLE,MACD,ORB-15,ORB-30,PIN-BAR,SR-BREAK,STOCHASTIC,VPOC,VWAP-STDDEV",13,13.0,ORB-15,ORB-15: breakout above 1287.50 (range=9.80),13:40,1277.7,STOP_HIT,LOSS,-4527.69,-0.91,60.0,MEDIUM
2024-05-24,APOLLOTYRE,SHORT,10:25,481.05,1039,499810.95,485.7358329894453,471.6783340211094,2.0,"BOLLINGER,CAMARILLA,DAILY-BIAS,FAILED-BO,FIRST-CANDLE,INTRADAY-STRUCT,MACD,PDH-PDL,STOCHASTIC,SUPERTREND,VPOC,VWAP-STDDEV",12,12.0,SUPERTREND,"SUPERTREND: flipped bearish, ST=484.77",11:10,485.7358329894453,STOP_HIT,LOSS,-5600.02,-1.12,60.0,MEDIUM
2024-05-27,MPHASIS,LONG,09:20,2302.6600000000003,217,499677.22,2293.53,2339.1800000000007,4.0,"CAMARILLA,DAILY-BIAS,DBL-BTM,EMA-CROSS,FIRST-CANDLE,MACD,ORB-15,ORB-30,PDH-PDL,PIN-BAR,REL-STR,SR-BREAK,STOCHASTIC,SUPERTREND,VPOC",15,15.0,CAMARILLA,CAMARILLA: breakout above H4=2302.66,10:30,2339.1800000000007,TARGET_HIT,EXACT_WIN,7190.1,1.44,60.0,MEDIUM
2024-05-27,OFSS,SHORT,09:55,7083.5,70,495845.0,7159.0,6932.5,2.0,"CAMARILLA,DAILY-BIAS,FAILED-BO,FIRST-CANDLE,MACD,ORB-15,ORB-30,PDH-PDL,PIN-BAR,REL-STR,RSI-EXT,SR-BREAK,STOCHASTIC,SUPERTREND,VPOC,VWAP-REV",16,16.0,ORB-15,ORB-15: breakdown below 7083.50,12:55,7159.0,STOP_HIT,LOSS,-6011.27,-1.21,60.0,MEDIUM
2024-05-28,HFCL,LONG,09:25,105.5,4739,499964.5,104.9725,108.25918367346938,5.23,"BOLLINGER,CAMARILLA,DAILY-BIAS,EMA-CROSS,FIRST-CANDLE,MACD,ORB-15,ORB-30,PDH-PDL,SR-BREAK,STOCHASTIC,SUPERTREND,VPOC",13,13.0,VPOC,VPOC: rejection below VPOC=105.61,09:30,104.9725,STOP_HIT,LOSS,-3226.7,-0.65,60.0,MEDIUM
2024-05-28,JIOFIN,SHORT,09:35,358.6,1394,499888.4,363.08584544325674,349.6283091134866,2.0,"ADX-FILTER,BOLLINGER,CAMARILLA,DAILY-BIAS,FIRST-CANDLE,INTRADAY-STRUCT,MACD,PDH-PDL,PIN-BAR,REL-STR,SR-BREAK,STOCHASTIC,SUPERTREND,VPOC",14,14.0,SUPERTREND,"SUPERTREND: flipped bearish, ST=362.36",15:15,357.0,TIME_EXIT,WIN,1502.92,0.3,60.0,MEDIUM
2024-05-29,BANDHANBNK,LONG,09:45,190.5,2624,499872.0,188.3,194.89999999999998,2.0,"BOLLINGER,DAILY-BIAS,DBL-BTM,EMA-CROSS,FIRST-CANDLE,MACD,ORB-15,ORB-30,PDH-PDL,REL-STR,SR-BREAK,STOCHASTIC,SUPERTREND,VPOC",14,14.0,ORB-15,ORB-15: breakout above 190.50 (range=2.20),15:15,192.15,TIME_EXIT,WIN,3597.44,0.72,60.0,MEDIUM
2024-05-29,DMART,SHORT,09:45,4447.65,112,498136.8,4503.854038682507,4335.241922634985,2.0,"BOLLINGER,CAMARILLA,DAILY-BIAS,DBL-TOP,FAILED-BO,FIRST-CANDLE,INTRADAY-STRUCT,MACD,REL-STR,RSI-EXT,SR-BREAK,STOCHASTIC,SUPERTREND,VPOC",14,14.0,SUPERTREND,"SUPERTREND: flipped bearish, ST=4494.86",12:10,4503.854038682507,STOP_HIT,LOSS,-7024.82,-1.41,60.0,MEDIUM
2024-05-30,ABFRL,LONG,09:55,226.5,2207,499885.5,221.7,236.10000000000002,2.0,"CAMARILLA,DAILY-BIAS,EMA-CROSS,FIRST-CANDLE,MACD,ORB-15,ORB-30,PDH-PDL,PIN-BAR,SR-BREAK,STOCHASTIC,SUPERTREND,VPOC",13,13.0,ORB-15,ORB-15: breakout above 226.50 (range=4.80),15:15,224.25,TIME_EXIT,LOSS,-5690.57,-1.14,60.0,MEDIUM
2024-05-30,LUPIN,SHORT,10:05,1592.0,314,499888.0,1614.85,1546.3000000000002,2.0,"CAMARILLA,DAILY-BIAS,FAILED-BO,FIRST-CANDLE,ORB-15,ORB-30,PIN-BAR,REL-STR,SR-BREAK,STOCHASTIC,VPOC",11,11.0,ORB-15,ORB-15: breakdown below 1592.00,15:15,1579.65,TIME_EXIT,WIN,3151.36,0.63,60.0,MEDIUM
2024-05-31,JWL,LONG,09:20,571.35,875,499931.25,568.49325,588.4183673469388,5.97,"ADX-FILTER,BOLLINGER,CAMARILLA,DAILY-BIAS,MACD,ORB-15,ORB-30,RSI-EXT,SR-BREAK,STOCHASTIC,SUPERTREND,VPOC,VWAP-REV,VWAP-STDDEV",14,14.0,VPOC,VPOC: rejection below VPOC=571.95,09:25,568.49325,STOP_HIT,LOSS,-3226.49,-0.65,60.0,MEDIUM
2024-05-31,BLS,SHORT,11:25,313.5,1594,499719.0,315.6,309.29999999999995,2.0,"ADX-FILTER,BOLLINGER,CAMARILLA,DAILY-BIAS,DBL-TOP,DESC-TRI,FIRST-CANDLE,INTRADAY-STRUCT,MACD,ORB-15,ORB-30,REL-STR,SR-BREAK,STOCHASTIC,SUPERTREND,VPOC",16,16.0,ORB-15,ORB-15: breakdown below 313.50,15:15,311.6,TIME_EXIT,WIN,2301.8,0.46,60.0,MEDIUM
2024-06-03,BANDHANBNK,LONG,09:15,190.42749999999998,2625,499872.19,189.31374999999997,194.88249999999996,4.0,"ADX-FILTER,CAMARILLA,DAILY-BIAS,DBL-BTM,FIRST-CANDLE,GAP-CONT,INTRADAY-STRUCT,ORB-30,PDH-PDL,REL-STR,SR-BREAK,STOCHASTIC,VPOC",13,15.6,CAMARILLA,CAMARILLA: breakout above H4=190.43,13:45,194.88249999999996,TARGET_HIT,EXACT_WIN,10956.38,2.19,60.0,MEDIUM
2024-06-03,TATACHEM,SHORT,13:50,1056.85,473,499890.05,1065.1492499999997,1027.0,3.6,"ADX-FILTER,BEAR-ENGULF,BOLLINGER,CAMARILLA,DAILY-BIAS,DBL-TOP,FIRST-CANDLE,GAP-FADE,MACD,PIN-BAR,REL-STR,RSI-EXT,VPOC,VWAP-STDDEV",14,14.0,BEAR-ENGULF,"Bear Engulf at resistance 1055.95, vol 2.1×",15:15,1059.8,TIME_EXIT,LOSS,-2124.91,-0.43,60.0,MEDIUM
2024-06-04,BRITANNIA,LONG,09:45,5259.65,95,499666.75,5059.5435,5799.025000000001,2.7,"ASC-TRI,DAILY-BIAS,DBL-BTM,EMA-CROSS,INTRADAY-STRUCT,ORB-15,ORB-30,PIN-BAR,REL-STR,SUPERTREND,VOL-SPIKE,VPOC",12,12.0,ASC-TRI,Ascending Triangle: breakout above resistance 5230.66,15:15,5326.2,TIME_EXIT,WIN,5588.79,1.12,60.0,MEDIUM
2024-06-04,BRITANNIA,SHORT,12:45,5259.05,95,499609.75,5306.4,5160.0,2.09,"ADX-FILTER,BEAR-ENGULF,BOLLINGER,CAMARILLA,FAILED-BO,FIRST-CANDLE,MACD,PDH-PDL,RSI-EXT,SR-BREAK,VWAP-REV,VWAP-STDDEV",12,12.0,FAILED-BO,"Failed BO: bull trap above 5279.90, reversed on vol 1.4×",13:20,5306.4,STOP_HIT,LOSS,-5229.2,-1.05,60.0,MEDIUM
2024-06-05,SUNTV,LONG,09:25,711.2408163265306,702,499291.05,703.7744897959183,772.630612244898,8.22,"ADX-FILTER,ASC-TRI,DAILY-BIAS,FIRST-CANDLE,GAP-CONT,MACD,PDH-PDL,PIN-BAR,REL-STR,SR-BREAK,STOCHASTIC,VPOC,VWAP-REV,VWAP-STDDEV",14,14.0,VPOC,VPOC: breakout above VAH=711.24,09:45,703.7744897959183,STOP_HIT,LOSS,-5965.15,-1.19,60.0,MEDIUM
2024-06-05,TIMKEN,SHORT,12:15,3851.25,129,496811.25,3889.4002499999997,3731.3,3.14,"CPR,DBL-TOP,FAILED-BO,FIRST-CANDLE,INTRADAY-STRUCT,ORB-15,ORB-30,PIN-BAR,REL-STR,SR-BREAK,STOCHASTIC,VWAP-REV,VWAP-STDDEV",13,13.0,FAILED-BO,"Failed BO: bull trap above 3885.00, reversed on vol 1.8×",14:10,3889.4002499999997,STOP_HIT,LOSS,-5648.76,-1.14,60.0,MEDIUM
2024-06-06,DEEPAKNTR,LONG,09:15,2234.476530612245,223,498288.27,2228.0908163265303,2312.9295918367347,12.29,"ADX-FILTER,CAMARILLA,FIRST-CANDLE,GAP-CONT,MACD,ORB-15,ORB-30,PDH-PDL,PIN-BAR,REL-STR,SR-BREAK,STOCHASTIC,VPOC",13,13.0,VPOC,VPOC: breakout above VAH=2234.48,15:15,2276.2,TIME_EXIT,WIN,8570.39,1.72,60.0,MEDIUM
2024-06-06,DRREDDY,SHORT,12:10,1172.15,426,499335.9,1183.9904999999999,1145.15,2.28,"ADX-FILTER,BEAR-ENGULF,BOLLINGER,CAMARILLA,CPR,DAILY-BIAS,PIN-BAR,RSI-EXT,SR-BREAK,VWAP-STDDEV",10,10.0,BEAR-ENGULF,"Bear Engulf at resistance 1176.35, vol 1.6×",15:15,1177.95,TIME_EXIT,LOSS,-3200.22,-0.64,60.0,MEDIUM
2024-06-07,MPHASIS,LONG,09:15,2378.56,210,499497.6,2358.4300000000003,2459.0799999999995,4.0,"CAMARILLA,CPR,DAILY-BIAS,DBL-BTM,FIRST-CANDLE,PDH-PDL,REL-STR,SR-BREAK,STOCHASTIC,VOL-SPIKE,VPOC,VWAP-REV,VWAP-STDDEV",13,13.0,CAMARILLA,CAMARILLA: breakout above H4=2378.56,14:15,2358.4300000000003,STOP_HIT,LOSS,-4952.18,-0.99,60.0,MEDIUM
2024-06-07,SWANCORP,SHORT,11:20,572.0,874,499928.0,582.0,552.0,2.0,"BOLLINGER,CAMARILLA,CPR,DAILY-BIAS,FIRST-CANDLE,MACD,ORB-30,PIN-BAR,REL-STR,SR-BREAK,SUPERTREND,VWAP-STDDEV",12,12.0,ORB-30,ORB-30: breakdown below 572.00,14:35,582.0,STOP_HIT,LOSS,-9473.81,-1.9,60.0,MEDIUM
2024-06-10,CROMPTON,LONG,09:35,403.9225,1237,499652.13,400.63625,417.0675,4.0,"ASC-TRI,CAMARILLA,DAILY-BIAS,EMA-CROSS,FIRST-CANDLE,MACD,ORB-15,ORB-30,PDH-PDL,PIN-BAR,REL-STR,SR-BREAK,STOCHASTIC,VPOC",14,14.0,CAMARILLA,CAMARILLA: breakout above H4=403.92,15:15,411.65,TIME_EXIT,WIN,8822.91,1.77,60.0,MEDIUM
2024-06-10,INDIANB,SHORT,09:50,519.95,961,499671.95,528.8542019480684,502.1415961038633,2.0,"ADX-FILTER,BEAR-ENGULF,BOLLINGER,CAMARILLA,DAILY-BIAS,FIRST-CANDLE,INTRADAY-STRUCT,MACD,PIN-BAR,RSI-EXT,SR-BREAK,SUPERTREND",12,12.0,SUPERTREND,"SUPERTREND: flipped bearish, ST=527.80",15:15,519.35,TIME_EXIT,LOSS,-151.53,-0.03,60.0,MEDIUM
2024-06-11,SUPREMEIND,LONG,09:40,6039.0,82,495198.0,5961.707771810085,6193.584456379829,2.0,"ADX-FILTER,BOLLINGER,CAMARILLA,CPR,DAILY-BIAS,EMA-CROSS,FIRST-CANDLE,MACD,PDH-PDL,REL-STR,SR-BREAK,STOCHASTIC,SUPERTREND,VPOC",14,14.0,EMA-CROSS,"EMA-CROSS: 9EMA crossed above 21EMA, price above VWAP",11:30,6193.584456379829,TARGET_HIT,EXACT_WIN,11943.53,2.41,60.0,MEDIUM
2024-06-11,INDUSTOWER,SHORT,09:35,345.8,1445,499681.0,350.9,335.6000000000001,2.0,"ADX-FILTER,CAMARILLA,FIRST-CANDLE,ORB-15,PDH-PDL,PIN-BAR,REL-STR,RSI-EXT,SR-BREAK,STOCHASTIC,SUPERTREND,VPOC,VWAP-REV,VWAP-STDDEV",14,14.0,ORB-15,ORB-15: breakdown below 345.80,13:15,350.9,STOP_HIT,LOSS,-8102.19,-1.62,60.0,MEDIUM
2024-06-12,BANDHANBNK,LONG,09:35,199.2,2510,499992.0,198.1,203.59999999999997,4.0,"BOLLINGER,CAMARILLA,DAILY-BIAS,EMA-CROSS,FIRST-CANDLE,INTRADAY-STRUCT,MACD,ORB-15,PIN-BAR,REL-STR,RSI-EXT,SR-BREAK,STOCHASTIC,SUPERTREND,VWAP-STDDEV",15,15.0,CAMARILLA,CAMARILLA: breakout above H4=199.20,12:00,198.1,STOP_HIT,LOSS,-3487.71,-0.7,60.0,MEDIUM
2024-06-12,PIIND,SHORT,10:45,3612.2,138,498483.6,3640.5,3555.5999999999995,2.0,"BOLLINGER,CAMARILLA,DAILY-BIAS,FIRST-CANDLE,MACD,ORB-15,ORB-30,PDH-PDL,REL-STR,SR-BREAK,STOCHASTIC,SUPERTREND,VPOC,VWAP-STDDEV",14,14.0,ORB-15,ORB-15: breakdown below 3612.20,14:40,3640.5,STOP_HIT,LOSS,-4634.48,-0.93,60.0,MEDIUM
2024-06-13,PAYTM,LONG,09:25,415.9387755102041,1202,499958.41,411.4770408163265,449.19897959183675,7.45,"ADX-FILTER,CAMARILLA,DAILY-BIAS,DBL-BTM,FIRST-CANDLE,GAP-CONT,MACD,ORB-15,ORB-30,PDH-PDL,PIN-BAR,REL-STR,SR-BREAK,STOCHASTIC,VOL-SPIKE,VPOC",16,16.0,VPOC,VPOC: breakout above VAH=415.94,15:15,423.4,TIME_EXIT,WIN,8232.44,1.65,60.0,MEDIUM
2024-06-13,IRB,SHORT,09:30,33.5,14925,499987.5,33.99,32.519999999999996,2.0,"ADX-FILTER,BOLLINGER,CAMARILLA,DAILY-BIAS,FIRST-CANDLE,MACD,ORB-15,PDH-PDL,REL-STR,SR-BREAK,STOCHASTIC,SUPERTREND",12,12.0,ORB-15,ORB-15: breakdown below 33.50,15:15,33.26,TIME_EXIT,WIN,2855.15,0.57,60.0,MEDIUM
2024-06-14,INDHOTEL,LONG,09:15,595.45,839,499582.55,592.7,606.45,4.0,"ADX-FILTER,ASC-TRI,CAMARILLA,CPR,DAILY-BIAS,FIRST-CANDLE,INTRADAY-STRUCT,ORB-30,PDH-PDL,PIN-BAR,REL-STR,SR-BREAK,STOCHASTIC,VPOC",14,14.0,CAMARILLA,CAMARILLA: breakout above H4=595.45,10:10,606.45,TARGET_HIT,EXACT_WIN,8493.35,1.7,60.0,MEDIUM
2024-06-14,OBEROIRLTY,SHORT,13:50,1917.45,260,498537.0,1953.05,1846.2500000000002,2.0,"ADX-FILTER,CAMARILLA,FAILED-BO,FIRST-CANDLE,MACD,ORB-30,PDH-PDL,REL-STR,SR-BREAK,STOCHASTIC,SUPERTREND,VPOC",12,12.0,ORB-30,ORB-30: breakdown below 1917.45,15:15,1908.95,TIME_EXIT,WIN,1484.35,0.3,60.0,MEDIUM
2024-06-18,AUROPHARMA,LONG,09:35,1260.7316326530613,396,499249.73,1253.2867346938776,1280.3234693877553,2.63,"BOLLINGER,CAMARILLA,DAILY-BIAS,EMA-CROSS,FIRST-CANDLE,MACD,ORB-15,PDH-PDL,RSI-EXT,SR-BREAK,SUPERTREND,VPOC,VWAP-REV,VWAP-STDDEV",14,14.0,VPOC,VPOC: breakout above VAH=1260.73,09:45,1253.2867346938776,STOP_HIT,LOSS,-3673.73,-0.74,60.0,MEDIUM
2024-06-18,COLPAL,SHORT,12:30,2943.25,169,497409.25,2975.0,2879.75,2.0,"ADX-FILTER,BEAR-ENGULF,CAMARILLA,FAILED-BO,FIRST-CANDLE,MACD,ORB-15,ORB-30,PDH-PDL,SR-BREAK,STOCHASTIC,VPOC",12,12.0,ORB-15,ORB-15: breakdown below 2943.25,15:15,2943.95,TIME_EXIT,LOSS,-843.75,-0.17,60.0,MEDIUM
2024-06-19,ETERNAL,LONG,09:15,191.21499999999997,2614,499836.01,190.0325,195.94499999999994,4.0,"ADX-FILTER,CAMARILLA,DAILY-BIAS,FIRST-CANDLE,INTRADAY-STRUCT,ORB-15,ORB-30,PDH-PDL,REL-STR,STOCHASTIC,VOL-SPIKE,VPOC",12,12.0,CAMARILLA,CAMARILLA: breakout above H4=191.21,10:15,195.94499999999994,TARGET_HIT,EXACT_WIN,11625.74,2.33,60.0,MEDIUM
2024-06-19,UNIONBANK,SHORT,09:25,138.3,3615,499954.5,140.5288511588673,133.84229768226544,2.0,"ADX-FILTER,BEAR-ENGULF,BOLLINGER,CAMARILLA,DAILY-BIAS,FAILED-BO,FIRST-CANDLE,MACD,PIN-BAR,REL-STR,RSI-EXT,SR-BREAK,SUPERTREND",13,13.0,SUPERTREND,"SUPERTREND: flipped bearish, ST=140.25",10:00,140.5288511588673,STOP_HIT,LOSS,-8790.75,-1.76,60.0,MEDIUM
2024-06-20,PAGEIND,LONG,09:25,38994.1,12,467929.2,37883.34,43776.875,4.31,"ADX-FILTER,ASC-TRI,CAMARILLA,CPR,DAILY-BIAS,EMA-CROSS,FIRST-CANDLE,MACD,ORB-15,ORB-30,PDH-PDL,PIN-BAR,REL-STR,SR-BREAK,STOCHASTIC,VPOC",16,16.0,ASC-TRI,Ascending Triangle: breakout above resistance 38918.94,15:15,39549.1,TIME_EXIT,WIN,5969.54,1.28,60.0,MEDIUM
2024-06-20,ITC,SHORT,09:15,349.05,1432,499839.6,356.87,333.41,2.0,"ADX-FILTER,CAMARILLA,DAILY-BIAS,FIRST-CANDLE,OPEN-WEAK,PDH-PDL,PIN-BAR,SR-BREAK,STOCHASTIC,VWAP-STDDEV",10,10.0,SR-BREAK,SR-BREAK: breakdown below support 349.05,15:15,349.35,TIME_EXIT,LOSS,-1158.54,-0.23,60.0,MEDIUM
2024-06-21,PAGEIND,LONG,09:15,39414.3,12,472971.6,37883.34,43776.875,2.85,"ADX-FILTER,ASC-TRI,BOLLINGER,CAMARILLA,DAILY-BIAS,FIRST-CANDLE,MACD,ORB-15,ORB-30,PDH-PDL,PIN-BAR,SR-BREAK,STOCHASTIC,SUPERTREND,VPOC",15,15.0,ASC-TRI,Ascending Triangle: breakout above resistance 38918.94,15:15,39754.5,TIME_EXIT,WIN,3387.11,0.72,60.0,MEDIUM
2024-06-21,BATAINDIA,SHORT,10:35,1466.05,341,499923.05,1479.8,1438.55,2.0,"ADX-FILTER,BEAR-ENGULF,CAMARILLA,FAILED-BO,FIRST-CANDLE,MACD,ORB-15,PIN-BAR,REL-STR,SR-BREAK,STOCHASTIC,SUPERTREND,VPOC",13,13.0,ORB-15,ORB-15: breakdown below 1466.05,15:15,1461.65,TIME_EXIT,WIN,772.45,0.15,60.0,MEDIUM
2024-06-24,ASTRAL,LONG,10:40,2278.05,219,498892.95,2243.35,2347.4500000000007,2.0,"ADX-FILTER,BOLLINGER,CAMARILLA,CPR,DAILY-BIAS,FIRST-CANDLE,MACD,ORB-15,ORB-30,PDH-PDL,SR-BREAK,STOCHASTIC,VOL-SPIKE,VPOC",14,14.0,ORB-15,ORB-15: breakout above 2278.05 (range=34.70),11:50,2347.4500000000007,TARGET_HIT,EXACT_WIN,14459.17,2.9,60.0,MEDIUM
2024-06-24,INDUSTOWER,SHORT,09:20,335.95,1488,499893.6,338.1142857142857,330.86326530612246,2.35,"BOLLINGER,DAILY-BIAS,FAILED-BO,FIRST-CANDLE,MACD,PIN-BAR,REL-STR,SR-BREAK,STOCHASTIC,SUPERTREND,VPOC,VWAP-REV",12,12.0,VPOC,VPOC: rejection at VPOC=335.73,12:35,338.1142857142857,STOP_HIT,LOSS,-3951.06,-0.79,60.0,MEDIUM
2024-06-25,PATANJALI,LONG,09:45,500.7,998,499698.6,474.80400000000003,607.7,4.13,"ADX-FILTER,ASC-TRI,CAMARILLA,DAILY-BIAS,FIRST-CANDLE,INTRADAY-STRUCT,MACD,ORB-15,ORB-30,PDH-PDL,REL-STR,SR-BREAK,STOCHASTIC,SUPERTREND,VOL-SPIKE,VPOC",16,16.0,ASC-TRI,Ascending Triangle: breakout above resistance 498.85,15:15,509.0,TIME_EXIT,WIN,7548.34,1.51,60.0,MEDIUM
2024-06-25,COALINDIA,SHORT,13:10,446.0,1121,499966.0,448.8,440.4,2.0,"ADX-FILTER,BOLLINGER,CAMARILLA,DAILY-BIAS,FIRST-CANDLE,MACD,ORB-15,ORB-30,PDH-PDL,PIN-BAR,RSI-EXT,SR-BREAK,STOCHASTIC,SUPERTREND",14,14.0,ORB-15,ORB-15: breakdown below 446.00,13:15,440.4,TARGET_HIT,EXACT_WIN,5552.33,1.11,60.0,MEDIUM
2024-06-26,PAGEIND,LONG,11:30,40590.0,12,487080.0,40220.0,41330.0,2.0,"BOLLINGER,BULL-FLAG,CAMARILLA,CPR,DAILY-BIAS,MACD,ORB-15,ORB-30,PDH-PDL,RSI-EXT,SR-BREAK,STOCHASTIC,SUPERTREND,VPOC,VWAP-REV,VWAP-STDDEV",16,16.0,ORB-15,ORB-15: breakout above 40590.00 (range=370.00),12:45,40220.0,STOP_HIT,LOSS,-5147.78,-1.06,60.0,MEDIUM
2024-06-26,SJVN,SHORT,09:15,129.81,3851,499898.31,132.67,124.09000000000003,2.0,"BOLLINGER,DAILY-BIAS,FAILED-BO,FIRST-CANDLE,INTRADAY-STRUCT,PDH-PDL,PIN-BAR,REL-STR,RSI-EXT,SR-BREAK,STOCHASTIC,VPOC,VWAP-REV,VWAP-STDDEV",14,14.0,SR-BREAK,SR-BREAK: breakdown below support 129.81,15:15,129.65,TIME_EXIT,LOSS,-112.26,-0.02,60.0,MEDIUM
2024-06-27,MUTHOOTFIN,LONG,09:45,1792.75,278,498384.5,1780.925,1840.0500000000002,4.0,"ADX-FILTER,ASC-TRI,CAMARILLA,DAILY-BIAS,DBL-BTM,FIRST-CANDLE,INTRADAY-STRUCT,MACD,ORB-15,ORB-30,PDH-PDL,REL-STR,SR-BREAK,STOCHASTIC,SUPERTREND,VPOC",16,16.0,CAMARILLA,CAMARILLA: breakout above H4=1792.75,11:00,1840.0500000000002,TARGET_HIT,EXACT_WIN,12412.28,2.49,60.0,MEDIUM
2024-06-27,MANKIND,SHORT,09:25,2151.65,232,499182.8,2163.7147499999996,2121.2,2.52,"BEAR-ENGULF,BOLLINGER,CAMARILLA,DAILY-BIAS,FAILED-BO,FIRST-CANDLE,MACD,ORB-15,ORB-30,RSI-EXT,SR-BREAK,SUPERTREND,VPOC",13,13.0,FAILED-BO,"Failed BO: bull trap above 2153.00, reversed on vol 7.3×",10:45,2121.2,TARGET_HIT,EXACT_WIN,6340.64,1.27,60.0,MEDIUM
2024-06-28,INDIANB,LONG,09:25,530.0775,943,499863.08,526.48875,544.4325,4.0,"CAMARILLA,FALL-WEDGE,FIRST-CANDLE,GAP-CONT,MACD,ORB-15,ORB-30,PDH-PDL,PIN-BAR,REL-STR,SR-BREAK,STOCHASTIC,SUPERTREND,VPOC,VWAP-STDDEV",15,15.0,CAMARILLA,CAMARILLA: breakout above H4=530.08,15:15,533.85,TIME_EXIT,WIN,2825.93,0.57,60.0,MEDIUM
2024-06-28,CENTRALBK,SHORT,10:15,63.65,7855,499970.75,64.30995,61.01,4.0,"ADX-FILTER,BEAR-ENGULF,BOLLINGER,CAMARILLA,DAILY-BIAS,DBL-TOP,INTRADAY-STRUCT,MACD,RSI-EXT,STOCHASTIC,SUPERTREND,VWAP-STDDEV",12,12.0,BEAR-ENGULF,"Bear Engulf at resistance 63.50, vol 3.1×",15:15,62.85,TIME_EXIT,WIN,5558.72,1.11,60.0,MEDIUM
2024-07-01,HDFCAMC,LONG,10:25,1949.7649999999999,256,499139.84,1935.3825,2007.2949999999996,4.0,"ADX-FILTER,CAMARILLA,DAILY-BIAS,DBL-BTM,FIRST-CANDLE,ORB-15,ORB-30,PDH-PDL,PIN-BAR,REL-STR,SR-BREAK,STOCHASTIC,SUPERTREND,VPOC",14,14.0,CAMARILLA,CAMARILLA: breakout above H4=1949.76,15:15,1975.3,TIME_EXIT,WIN,5804.05,1.16,60.0,MEDIUM
2024-07-01,DLF,SHORT,09:15,824.55,606,499677.3,829.2102040816326,815.0693877551021,2.03,"ADX-FILTER,BOLLINGER,CAMARILLA,DAILY-BIAS,FAILED-BO,FIRST-CANDLE,INTRADAY-STRUCT,PIN-BAR,REL-STR,SR-BREAK,SUPERTREND,VPOC,VWAP-STDDEV",13,13.0,VPOC,VPOC: rejection at VPOC=824.21,11:45,829.2102040816326,STOP_HIT,LOSS,-3554.17,-0.71,60.0,MEDIUM
2024-07-02,SUNPHARMA,LONG,13:20,1532.6,326,499627.6,1477.377,1684.1499999999999,2.74,"ASC-TRI,DAILY-BIAS,DBL-BTM,FIRST-CANDLE,MACD,ORB-15,ORB-30,PDH-PDL,PIN-BAR,REL-STR,SR-BREAK,STOCHASTIC,SUPERTREND,VPOC",14,14.0,ASC-TRI,Ascending Triangle: breakout above resistance 1530.67,15:15,1521.9,TIME_EXIT,LOSS,-4213.84,-0.84,60.0,MEDIUM
2024-07-02,PNB,SHORT,12:10,118.66,4213,499914.58,119.66,116.66,2.0,"ADX-FILTER,BOLLINGER,CAMARILLA,DAILY-BIAS,DBL-TOP,FIRST-CANDLE,MACD,ORB-15,ORB-30,PDH-PDL,SR-BREAK,STOCHASTIC,SUPERTREND,VPOC",14,14.0,ORB-15,ORB-15: breakdown below 118.66,12:55,116.66,TARGET_HIT,EXACT_WIN,7702.02,1.54,60.0,MEDIUM
2024-07-03,GLENMARK,LONG,09:15,1263.9825,395,499273.09,1254.31625,1302.6475,4.0,"CAMARILLA,DAILY-BIAS,DBL-BTM,FIRST-CANDLE,ORB-15,ORB-30,PDH-PDL,PIN-BAR,REL-STR,SR-BREAK,VPOC,VWAP-REV,VWAP-STDDEV",13,13.0,CAMARILLA,CAMARILLA: breakout above H4=1263.98,11:35,1254.31625,STOP_HIT,LOSS,-4543.06,-0.91,60.0,MEDIUM
2024-07-03,IFCI,SHORT,09:55,60.17,8309,499952.53,60.63,59.25,2.0,"ADX-FILTER,BEAR-ENGULF,BOLLINGER,CAMARILLA,DAILY-BIAS,DBL-TOP,FIRST-CANDLE,MACD,PIN-BAR,STOCHASTIC,VPOC",11,11.0,FIRST-CANDLE,FIRST-CANDLE: break below first candle low=60.17,10:40,60.63,STOP_HIT,LOSS,-4553.17,-0.91,60.0,MEDIUM
2024-07-04,DRREDDY,LONG,13:20,1303.8397959183674,383,499370.64,1298.926530612245,1324.8030612244897,4.27,"BOLLINGER,CAMARILLA,DAILY-BIAS,DBL-BTM,MACD,ORB-15,ORB-30,PDH-PDL,PIN-BAR,RSI-EXT,SR-BREAK,SUPERTREND,VPOC",13,13.0,VPOC,VPOC: breakout above VAH=1303.84,14:00,1298.926530612245,STOP_HIT,LOSS,-2608.34,-0.52,60.0,MEDIUM
2024-07-04,INDIANB,SHORT,13:35,522.75,956,499749.0,526.55,515.1500000000001,2.0,"BOLLINGER,CAMARILLA,DAILY-BIAS,FIRST-CANDLE,MACD,ORB-15,ORB-30,PDH-PDL,PIN-BAR,SR-BREAK,SUPERTREND,VPOC",12,12.0,ORB-15,ORB-15: breakdown below 522.75,15:05,526.55,STOP_HIT,LOSS,-4363.44,-0.87,60.0,MEDIUM
2024-07-05,TRENT,LONG,12:35,3730.8,134,499927.2,3690.0,3812.4000000000005,2.0,"BULL-FLAG,CAMARILLA,DAILY-BIAS,EMA-CROSS,FIRST-CANDLE,INTRADAY-STRUCT,MACD,ORB-15,ORB-30,PDH-PDL,PIN-BAR,SR-BREAK,STOCHASTIC,VPOC",14,14.0,ORB-15,ORB-15: breakout above 3730.80 (range=40.80),15:15,3750.0,TIME_EXIT,WIN,1841.95,0.37,60.0,MEDIUM
2024-07-05,CENTRALBK,SHORT,13:45,62.15,8045,499996.75,62.70457226656405,61.040855466871896,2.0,"ADX-FILTER,BOLLINGER,CAMARILLA,DAILY-BIAS,FIRST-CANDLE,MACD,OPEN-WEAK,PDH-PDL,PIN-BAR,SR-BREAK,STOCHASTIC,SUPERTREND,VPOC",13,13.0,SUPERTREND,"SUPERTREND: flipped bearish, ST=62.58",15:15,62.16,TIME_EXIT,LOSS,-809.4,-0.16,60.0,MEDIUM
2024-07-08,GICRE,LONG,13:35,399.1714285714286,1252,499762.63,398.90510204081636,410.3571428571429,42.0,"ADX-FILTER,BOLLINGER,CAMARILLA,CPR,DAILY-BIAS,DBL-BTM,GAP-CONT,MACD,ORB-15,ORB-30,PDH-PDL,SR-BREAK,SUPERTREND,VPOC,VWAP-STDDEV",15,15.0,VPOC,VPOC: breakout above VAH=399.17,13:45,410.3571428571429,TARGET_HIT,EXACT_WIN,13264.84,2.65,60.0,MEDIUM
2024-07-08,TCS,SHORT,10:40,4005.0,124,496620.0,4031.25,3952.5,2.0,"ADX-FILTER,BEAR-ENGULF,BOLLINGER,CAMARILLA,FAILED-BO,FIRST-CANDLE,MACD,ORB-15,ORB-30,PDH-PDL,PIN-BAR,SR-BREAK,STOCHASTIC,SUPERTREND,VPOC",15,15.0,ORB-15,ORB-15: breakdown below 4005.00,15:15,3994.65,TIME_EXIT,WIN,559.83,0.11,60.0,MEDIUM
2024-07-09,UNITDSPR,LONG,09:20,1289.3999999999999,387,498997.8,1283.35,1313.5999999999997,4.0,"ASC-TRI,CAMARILLA,DAILY-BIAS,EMA-CROSS,FIRST-CANDLE,ORB-15,PDH-PDL,PIN-BAR,REL-STR,SR-BREAK,STOCHASTIC,VPOC,VWAP-STDDEV",13,13.0,CAMARILLA,CAMARILLA: breakout above H4=1289.40,15:15,1288.45,TIME_EXIT,LOSS,-1094.9,-0.22,60.0,MEDIUM
2024-07-09,APARINDS,SHORT,11:00,8715.6,57,496789.2,9042.652012643675,7862.8,2.61,"BOLLINGER,CAMARILLA,FIRST-CANDLE,INTRADAY-STRUCT,MACD,ORB-15,ORB-30,PDH-PDL,PIN-BAR,REL-STR,RISE-WEDGE,STOCHASTIC,SUPERTREND,VPOC",14,14.0,RISE-WEDGE,Rising Wedge: broke below lower trendline 8716.59,15:15,8842.15,TIME_EXIT,LOSS,-7942.01,-1.6,60.0,MEDIUM
2024-07-10,BRITANNIA,LONG,09:40,5731.0725,87,498603.31,5697.53625,5865.217500000001,4.0,"CAMARILLA,CPR,DAILY-BIAS,DBL-BTM,FIRST-CANDLE,MACD,ORB-15,ORB-30,PDH-PDL,PIN-BAR,REL-STR,SR-BREAK,STOCHASTIC,VPOC",14,14.0,CAMARILLA,CAMARILLA: breakout above H4=5731.07,15:15,5753.15,TIME_EXIT,WIN,1192.22,0.24,60.0,MEDIUM
2024-07-10,BPCL,SHORT,09:50,275.35,1815,499760.25,287.49649999999997,234.39999999999998,3.37,"DAILY-BIAS,DBL-TOP,DESC-TRI,FIRST-CANDLE,MACD,ORB-15,ORB-30,PDH-PDL,PIN-BAR,SR-BREAK,STOCHASTIC,SUPERTREND,VPOC",13,13.0,DESC-TRI,Descending Triangle: breakdown below support 275.70,15:15,277.55,TIME_EXIT,LOSS,-4723.87,-0.95,60.0,MEDIUM
2024-07-11,PVRINOX,LONG,09:15,1453.904081632653,343,498689.1,1449.8035714285716,1485.7969387755104,7.78,"CPR,DAILY-BIAS,EMA-CROSS,FIRST-CANDLE,MACD,ORB-15,ORB-30,PDH-PDL,REL-STR,SR-BREAK,STOCHASTIC,VPOC,VWAP-STDDEV",13,13.0,VPOC,VPOC: breakout above VAH=1453.90,10:15,1449.8035714285716,STOP_HIT,LOSS,-2132.48,-0.43,60.0,MEDIUM
2024-07-11,APARINDS,SHORT,10:10,8720.4,57,497062.8,8788.4,8584.4,2.0,"ADX-FILTER,BOLLINGER,CAMARILLA,FAILED-BO,FIRST-CANDLE,MACD,ORB-15,ORB-30,PIN-BAR,SR-BREAK,SUPERTREND,VPOC,VWAP-STDDEV",13,13.0,ORB-15,ORB-15: breakdown below 8720.40,11:20,8584.4,TARGET_HIT,EXACT_WIN,7031.53,1.41,60.0,MEDIUM
2024-07-12,PVRINOX,LONG,09:25,1481.8675,337,499389.35,1471.45875,1523.5025000000003,4.0,"CAMARILLA,CPR,DAILY-BIAS,DBL-BTM,FIRST-CANDLE,ORB-15,ORB-30,PDH-PDL,PIN-BAR,REL-STR,SR-BREAK,STOCHASTIC,VPOC,VWAP-REV,VWAP-STDDEV",15,15.0,CAMARILLA,CAMARILLA: breakout above H4=1481.87,12:30,1471.45875,STOP_HIT,LOSS,-4233.05,-0.85,60.0,MEDIUM
2024-07-12,OBEROIRLTY,SHORT,12:30,1706.2,293,499916.6,1725.0,1668.6000000000001,2.0,"ADX-FILTER,BOLLINGER,CAMARILLA,DAILY-BIAS,FIRST-CANDLE,MACD,ORB-15,ORB-30,PDH-PDL,PIN-BAR,SR-BREAK,STOCHASTIC,SUPERTREND,VPOC",14,14.0,ORB-15,ORB-15: breakdown below 1706.20,15:15,1696.7,TIME_EXIT,WIN,2056.3,0.41,60.0,MEDIUM
2024-07-15,SUNTV,LONG,10:00,814.35,613,499196.55,804.05,834.9500000000002,2.0,"DAILY-BIAS,DBL-BTM,EMA-CROSS,FIRST-CANDLE,MACD,ORB-15,ORB-30,PDH-PDL,PIN-BAR,REL-STR,SR-BREAK,STOCHASTIC,SUPERTREND,VPOC",14,14.0,ORB-15,ORB-15: breakout above 814.35 (range=10.30),15:15,815.5,TIME_EXIT,LOSS,-23.42,-0.0,60.0,MEDIUM
2024-07-15,BANDHANBNK,SHORT,09:35,192.2,2601,499912.2,194.45325500517885,187.69348998964227,2.0,"BOLLINGER,CAMARILLA,DAILY-BIAS,DBL-TOP,FIRST-CANDLE,MACD,PDH-PDL,PIN-BAR,REL-STR,SR-BREAK,STOCHASTIC,SUPERTREND,VPOC,VWAP-STDDEV",14,14.0,SUPERTREND,"SUPERTREND: flipped bearish, ST=194.07",10:30,194.45325500517885,STOP_HIT,LOSS,-6592.86,-1.32,60.0,MEDIUM
2024-07-16,INDIACEM,LONG,10:20,316.8142857142857,1578,499932.94,316.59285714285716,329.6571428571428,58.0,"BULL-FLAG,CPR,DAILY-BIAS,EMA-CROSS,FIRST-CANDLE,INTRADAY-STRUCT,MACD,ORB-15,ORB-30,PDH-PDL,REL-STR,SR-BREAK,STOCHASTIC,SUPERTREND,VPOC",15,15.0,VPOC,VPOC: breakout above VAH=316.81,10:25,316.59285714285716,STOP_HIT,LOSS,-1077.96,-0.22,60.0,MEDIUM
2024-07-16,CANBK,SHORT,09:20,113.37,4410,499961.7,114.40919999999998,108.51,4.68,"ADX-FILTER,BEAR-ENGULF,BOLLINGER,CPR,DAILY-BIAS,FAILED-BO,FIRST-CANDLE,ORB-30,PIN-BAR,REL-STR,RSI-EXT,SUPERTREND",12,12.0,FAILED-BO,"Failed BO: bull trap above 113.48, reversed on vol 2.6×",15:15,112.01,TIME_EXIT,WIN,5272.17,1.05,60.0,MEDIUM
2024-07-18,STARHEALTH,LONG,09:25,596.4875,838,499856.52,593.11875,609.9624999999999,4.0,"BULL-FLAG,CAMARILLA,CPR,DAILY-BIAS,FIRST-CANDLE,MACD,PDH-PDL,REL-STR,SR-BREAK,STOCHASTIC,SUPERTREND,VPOC,VWAP-REV,VWAP-STDDEV",14,14.0,CAMARILLA,CAMARILLA: breakout above H4=596.49,09:30,609.9624999999999,TARGET_HIT,EXACT_WIN,10554.4,2.11,60.0,MEDIUM
2024-07-18,UNOMINDA,SHORT,09:55,1015.05,492,499404.6,1034.55,976.05,2.0,"CAMARILLA,DAILY-BIAS,FIRST-CANDLE,INTRADAY-STRUCT,MACD,OPEN-WEAK,ORB-15,ORB-30,PDH-PDL,REL-STR,SR-BREAK,STOCHASTIC",12,12.0,ORB-15,ORB-15: breakdown below 1015.05,15:15,994.15,TIME_EXIT,WIN,9560.58,1.91,60.0,MEDIUM
2024-07-19,BAJAJHLDNG,LONG,09:40,9826.195918367346,50,491309.8,9711.142857142859,10143.583673469386,2.76,"ADX-FILTER,DAILY-BIAS,FIRST-CANDLE,MACD,ORB-15,ORB-30,PDH-PDL,PIN-BAR,REL-STR,SR-BREAK,STOCHASTIC,SUPERTREND,VPOC,VWAP-REV,VWAP-STDDEV",15,15.0,VPOC,VPOC: breakout above VAH=9826.20,12:40,9711.142857142859,STOP_HIT,LOSS,-6465.16,-1.32,60.0,MEDIUM
2024-07-19,HDFCAMC,SHORT,09:20,1991.4,251,499841.4,2001.357,1958.9367346938775,3.26,"ADX-FILTER,CAMARILLA,DBL-TOP,FAILED-BO,FIRST-CANDLE,MACD,ORB-15,ORB-30,PDH-PDL,REL-STR,SR-BREAK,STOCHASTIC,SUPERTREND,VPOC",14,14.0,VPOC,VPOC: rejection at VPOC=1987.55,10:35,1958.9367346938775,TARGET_HIT,EXACT_WIN,7424.24,1.49,60.0,MEDIUM
2024-07-22,FORTIS,LONG,12:15,489.0425,1022,499801.43,484.27125,508.12750000000005,4.0,"ADX-FILTER,ASC-TRI,BOLLINGER,CAMARILLA,DAILY-BIAS,FIRST-CANDLE,INTRADAY-STRUCT,MACD,ORB-15,ORB-30,RSI-EXT,SR-BREAK,SUPERTREND,VPOC",14,14.0,CAMARILLA,CAMARILLA: breakout above H4=489.04,15:15,493.0,TIME_EXIT,WIN,3312.72,0.66,60.0,MEDIUM
2024-07-22,ATGL,SHORT,09:15,876.65,570,499690.5,924.958,751.9749999999999,2.58,"ADX-FILTER,CAMARILLA,DAILY-BIAS,DBL-TOP,DESC-TRI,FAILED-BO,OPEN-WEAK,PDH-PDL,PIN-BAR,STOCHASTIC,VPOC,VWAP-STDDEV",12,12.0,DESC-TRI,Descending Triangle: breakdown below support 882.96,15:15,887.0,TIME_EXIT,LOSS,-6631.36,-1.33,60.0,MEDIUM
2024-07-23,NTPC,LONG,09:15,375.42551020408166,1331,499691.35,374.96938775510205,379.0744897959184,8.0,"ASC-TRI,DAILY-BIAS,DBL-BTM,EMA-CROSS,FIRST-CANDLE,GAP-CONT,ORB-15,ORB-30,PDH-PDL,PIN-BAR,REL-STR,SR-BREAK,STOCHASTIC,VPOC",14,14.0,VPOC,VPOC: breakout above VAH=375.43,09:20,374.96938775510205,STOP_HIT,LOSS,-1335.11,-0.27,60.0,MEDIUM
2024-07-23,CANFINHOME,SHORT,09:15,853.0,586,499858.0,862.7422499999999,806.3,4.79,"ADX-FILTER,BOLLINGER,CPR,DAILY-BIAS,DBL-TOP,FAILED-BO,FIRST-CANDLE,INTRADAY-STRUCT,MACD,ORB-15,ORB-30,REL-STR,SR-BREAK,STOCHASTIC,SUPERTREND,VWAP-STDDEV",16,16.0,FAILED-BO,"Failed BO: bull trap above 856.40, reversed on vol 2.1×",12:25,806.3,TARGET_HIT,EXACT_WIN,26653.13,5.33,60.0,MEDIUM
2024-07-24,PAGEIND,LONG,09:15,40992.08469387755,12,491905.02,40885.90663265306,41455.40714285714,4.36,"CAMARILLA,DAILY-BIAS,DBL-BTM,FIRST-CANDLE,MACD,ORB-15,ORB-30,PDH-PDL,PIN-BAR,REL-STR,SR-BREAK,STOCHASTIC,SUPERTREND,VPOC,VWAP-STDDEV",15,15.0,VPOC,VPOC: breakout above VAH=40992.08,09:35,40885.90663265306,STOP_HIT,LOSS,-1991.0,-0.4,60.0,MEDIUM
2024-07-24,THERMAX,SHORT,09:15,5044.0,99,499356.0,5080.023749999999,4801.55,6.73,"BEAR-ENGULF,BOLLINGER,CAMARILLA,CPR,DAILY-BIAS,FAILED-BO,FIRST-CANDLE,MACD,ORB-30,PIN-BAR,REL-STR,RSI-EXT,STOCHASTIC,SUPERTREND",14,14.0,FAILED-BO,"Failed BO: bull trap above 5048.30, reversed on vol 4.3×",15:15,4937.95,TIME_EXIT,WIN,9776.92,1.96,60.0,MEDIUM
2024-07-25,BALRAMCHIN,LONG,09:35,456.4,1095,499758.0,445.2,478.79999999999995,2.0,"ADX-FILTER,CAMARILLA,CPR,DAILY-BIAS,DBL-BTM,FIRST-CANDLE,MACD,ORB-15,PDH-PDL,PIN-BAR,REL-STR,SR-BREAK,STOCHASTIC,VPOC,VWAP-REV,VWAP-STDDEV",16,16.0,ORB-15,ORB-15: breakout above 456.40 (range=11.20),14:50,445.2,STOP_HIT,LOSS,-12982.87,-2.6,60.0,MEDIUM
2024-07-25,CANBK,SHORT,10:10,106.74,4684,499970.16,107.93,104.35999999999997,2.0,"ADX-FILTER,CPR,DAILY-BIAS,DBL-TOP,FAILED-BO,FIRST-CANDLE,INTRADAY-STRUCT,OPEN-WEAK,ORB-15,ORB-30,PDH-PDL,REL-STR,SR-BREAK,STOCHASTIC,VPOC,VWAP-REV",16,16.0,ORB-15,ORB-15: breakdown below 106.74,11:30,107.93,STOP_HIT,LOSS,-6306.02,-1.26,60.0,MEDIUM
2024-07-26,EICHERMOT,LONG,09:40,4925.5,101,497475.5,4863.75,5049.0,2.0,"ASC-TRI,BOLLINGER,CAMARILLA,DAILY-BIAS,FIRST-CANDLE,MACD,ORB-15,ORB-30,PDH-PDL,PIN-BAR,REL-STR,RSI-EXT,SR-BREAK,STOCHASTIC,SUPERTREND,VPOC",16,16.0,ORB-15,ORB-15: breakout above 4925.50 (range=61.75),09:50,5049.0,TARGET_HIT,EXACT_WIN,11738.16,2.36,60.0,MEDIUM
2024-07-26,TEJASNET,SHORT,09:25,1299.85,384,499142.4,1310.8,1277.9499999999998,2.0,"ADX-FILTER,BOLLINGER,CAMARILLA,DAILY-BIAS,FIRST-CANDLE,MACD,PIN-BAR,REL-STR,RSI-EXT,STOCHASTIC,VPOC,VWAP-REV,VWAP-STDDEV",13,13.0,FIRST-CANDLE,FIRST-CANDLE: break below first candle low=1299.85,12:15,1310.8,STOP_HIT,LOSS,-4934.94,-0.99,60.0,MEDIUM
2024-07-29,SUNTV,LONG,09:15,830.3367346938776,602,499862.71,828.7831632653061,838.7704081632654,5.43,"ADX-FILTER,CAMARILLA,CPR,DAILY-BIAS,DBL-BTM,FIRST-CANDLE,INTRADAY-STRUCT,ORB-15,ORB-30,PDH-PDL,PIN-BAR,REL-STR,SR-BREAK,VPOC",14,14.0,VPOC,VPOC: breakout above VAH=830.34,09:20,838.7704081632654,TARGET_HIT,EXACT_WIN,4344.33,0.87,60.0,MEDIUM
2024-07-29,VEDL,SHORT,10:10,215.8,2316,499792.8,217.68299999999996,209.85,3.16,"ADX-FILTER,CPR,DAILY-BIAS,DBL-TOP,FAILED-BO,FIRST-CANDLE,MACD,ORB-15,REL-STR,SR-BREAK,SUPERTREND,VPOC,VWAP-REV,VWAP-STDDEV",14,14.0,FAILED-BO,"Failed BO: bull trap above 216.40, reversed on vol 1.9×",11:00,217.68299999999996,STOP_HIT,LOSS,-5092.15,-1.02,60.0,MEDIUM
2024-07-30,BALRAMCHIN,LONG,09:40,472.0,1059,499848.0,468.2,479.6,2.0,"ADX-FILTER,CAMARILLA,DAILY-BIAS,DBL-BTM,EMA-CROSS,FIRST-CANDLE,ORB-15,ORB-30,PDH-PDL,PIN-BAR,SR-BREAK,STOCHASTIC,SUPERTREND,VPOC",14,14.0,ORB-15,ORB-15: breakout above 472.00 (range=3.80),13:40,479.6,TARGET_HIT,EXACT_WIN,7313.33,1.46,60.0,MEDIUM
2024-07-30,NESTLEIND,SHORT,10:20,1232.5,405,499162.5,1240.2,1217.1,2.0,"ADX-FILTER,BOLLINGER,CAMARILLA,DAILY-BIAS,FIRST-CANDLE,MACD,ORB-15,ORB-30,PDH-PDL,REL-STR,SR-BREAK,SUPERTREND,VPOC",13,13.0,ORB-15,ORB-15: breakdown below 1232.50,15:15,1227.0,TIME_EXIT,WIN,1501.01,0.3,60.0,MEDIUM
2024-07-31,PVRINOX,LONG,09:40,1527.465,327,499481.05,1522.7075,1546.4949999999997,4.0,"ADX-FILTER,CAMARILLA,DAILY-BIAS,EMA-CROSS,FIRST-CANDLE,MACD,ORB-15,ORB-30,PDH-PDL,PIN-BAR,REL-STR,RSI-EXT,SR-BREAK,VPOC,VWAP-STDDEV",15,15.0,CAMARILLA,CAMARILLA: breakout above H4=1527.46,10:10,1522.7075,STOP_HIT,LOSS,-2282.67,-0.46,60.0,MEDIUM
2024-07-31,LODHA,SHORT,12:20,1328.8,376,499628.8,1374.25,1237.8999999999999,2.0,"BOLLINGER,CAMARILLA,DAILY-BIAS,FAILED-BO,FIRST-CANDLE,INTRADAY-STRUCT,MACD,ORB-15,ORB-30,PDH-PDL,PIN-BAR,REL-STR,SR-BREAK,SUPERTREND,VPOC",15,15.0,ORB-15,ORB-15: breakdown below 1328.80,15:15,1308.7,TIME_EXIT,WIN,6833.52,1.37,60.0,MEDIUM
2024-08-01,BIOCON,LONG,09:40,365.27000000000004,1368,499689.36,363.51,372.3100000000001,4.0,"CAMARILLA,DAILY-BIAS,EMA-CROSS,FIRST-CANDLE,MACD,ORB-15,ORB-30,PDH-PDL,PIN-BAR,REL-STR,RSI-EXT,SR-BREAK,SUPERTREND,VPOC,VWAP-REV",15,15.0,CAMARILLA,CAMARILLA: breakout above H4=365.27,10:45,363.51,STOP_HIT,LOSS,-3134.26,-0.63,60.0,MEDIUM
2024-08-01,OFSS,SHORT,10:00,10531.0,47,494957.0,10624.357499999998,10306.5,2.4,"BOLLINGER,CAMARILLA,FAILED-BO,MACD,ORB-15,ORB-30,PDH-PDL,PIN-BAR,REL-STR,SR-BREAK,SUPERTREND,VWAP-STDDEV",12,12.0,FAILED-BO,"Failed BO: bull trap above 10531.50, reversed on vol 2.0×",12:55,10306.5,TARGET_HIT,EXACT_WIN,9835.5,1.99,60.0,MEDIUM
2024-08-02,KPITTECH,LONG,10:05,1851.8,270,499986.0,1838.030612244898,1891.4632653061226,2.88,"BOLLINGER,CAMARILLA,DAILY-BIAS,EMA-CROSS,FIRST-CANDLE,MACD,ORB-15,ORB-30,PIN-BAR,REL-STR,SR-BREAK,SUPERTREND,VPOC",13,13.0,VPOC,VPOC: rejection below VPOC=1854.20,14:50,1838.030612244898,STOP_HIT,LOSS,-4443.68,-0.89,60.0,MEDIUM
2024-08-02,BANKBARODA,SHORT,09:45,230.05,2173,499898.65,234.1,221.95000000000005,2.0,"DAILY-BIAS,DBL-TOP,FIRST-CANDLE,INTRADAY-STRUCT,OPEN-WEAK,ORB-15,ORB-30,PDH-PDL,PIN-BAR,REL-STR,SR-BREAK,STOCHASTIC",12,12.0,ORB-15,ORB-15: breakdown below 230.05,15:15,228.15,TIME_EXIT,WIN,3402.29,0.68,60.0,MEDIUM
2024-08-05,AWL,LONG,09:55,381.5,1310,499765.0,362.5,419.5,2.0,"BOLLINGER,CAMARILLA,DAILY-BIAS,EMA-CROSS,FIRST-CANDLE,GAP-FADE,MACD,ORB-15,ORB-30,PDH-PDL,REL-STR,RSI-EXT,SR-BREAK,STOCHASTIC,SUPERTREND,VOL-SPIKE,VPOC",17,17.0,ORB-15,ORB-15: breakout above 381.50 (range=19.00),15:15,383.5,TIME_EXIT,WIN,1889.34,0.38,60.0,MEDIUM
2024-08-05,SIGNATURE,SHORT,12:35,1390.0,359,499010.0,1422.95,1324.1,2.0,"ADX-FILTER,DAILY-BIAS,FIRST-CANDLE,OPEN-WEAK,ORB-15,ORB-30,PDH-PDL,PIN-BAR,REL-STR,SR-BREAK,STOCHASTIC",11,13.2,ORB-15,ORB-15: breakdown below 1390.00,15:15,1394.15,TIME_EXIT,LOSS,-2218.26,-0.44,60.0,MEDIUM
2024-08-06,GLAND,LONG,09:35,2190.0,228,499320.0,2120.0,2330.0,2.0,"ADX-FILTER,DAILY-BIAS,FIRST-CANDLE,ORB-15,PDH-PDL,PIN-BAR,REL-STR,SR-BREAK,STOCHASTIC,VPOC,VWAP-REV,VWAP-STDDEV",12,12.0,ORB-15,ORB-15: breakout above 2190.00 (range=70.00),14:10,2120.0,STOP_HIT,LOSS,-16675.35,-3.34,60.0,MEDIUM
2024-08-06,JUBLINGREA,SHORT,11:45,623.4,802,499966.8,629.733,600.05,3.69,"BEAR-ENGULF,BOLLINGER,CAMARILLA,FIRST-CANDLE,INTRADAY-STRUCT,MACD,ORB-15,PIN-BAR,STOCHASTIC,SUPERTREND,VPOC,VWAP-REV,VWAP-STDDEV",13,13.0,BEAR-ENGULF,"Bear Engulf at resistance 626.40, vol 2.1×",15:15,605.0,TIME_EXIT,WIN,14036.37,2.81,60.0,MEDIUM
2024-08-07,SRF,LONG,09:30,2521.9925,198,499354.51,2501.82125,2602.6774999999993,4.0,"ADX-FILTER,CAMARILLA,DAILY-BIAS,EMA-CROSS,FIRST-CANDLE,GAP-CONT,INTRADAY-STRUCT,ORB-15,ORB-30,PDH-PDL,REL-STR,SR-BREAK,STOCHASTIC,VPOC",14,14.0,CAMARILLA,CAMARILLA: breakout above H4=2521.99,15:15,2591.9,TIME_EXIT,WIN,13102.7,2.62,60.0,MEDIUM
2024-08-07,ESCORTS,SHORT,10:25,3768.8,132,497481.6,3796.4879999999994,3684.05,3.06,"ADX-FILTER,CAMARILLA,DAILY-BIAS,FAILED-BO,FIRST-CANDLE,MACD,ORB-15,ORB-30,SR-BREAK,STOCHASTIC,SUPERTREND,VWAP-STDDEV",12,12.0,FAILED-BO,"Failed BO: bull trap above 3770.90, reversed on vol 2.0×",15:15,3744.2,TIME_EXIT,WIN,2523.58,0.51,60.0,MEDIUM
2024-08-08,PIDILITIND,LONG,09:15,1582.2857142857142,315,498420.0,1581.5714285714284,1606.5714285714284,34.0,"CAMARILLA,DAILY-BIAS,DBL-BTM,FIRST-CANDLE,PDH-PDL,PIN-BAR,REL-STR,SR-BREAK,STOCHASTIC,VOL-SPIKE,VPOC,VWAP-REV,VWAP-STDDEV",13,13.0,VPOC,VPOC: breakout above VAH=1582.29,09:20,1606.5714285714284,TARGET_HIT,EXACT_WIN,6917.19,1.39,60.0,MEDIUM
2024-08-08,SWANCORP,SHORT,09:15,683.8,731,499857.8,690.0832499999999,663.0,3.31,"BOLLINGER,CPR,DAILY-BIAS,FAILED-BO,FIRST-CANDLE,INTRADAY-STRUCT,MACD,ORB-15,ORB-30,PIN-BAR,RSI-EXT,SR-BREAK,SUPERTREND,VWAP-REV",14,14.0,FAILED-BO,"Failed BO: bull trap above 685.70, reversed on vol 1.4×",12:00,690.0832499999999,STOP_HIT,LOSS,-5324.4,-1.07,60.0,MEDIUM
2024-08-09,MANKIND,LONG,09:25,2077.061224489796,240,498494.69,2075.3515306122454,2096.437755102041,11.33,"ADX-FILTER,BOLLINGER,CAMARILLA,CPR,EMA-CROSS,FIRST-CANDLE,INTRADAY-STRUCT,MACD,ORB-15,ORB-30,PDH-PDL,REL-STR,RSI-EXT,SR-BREAK,STOCHASTIC,SUPERTREND,VPOC",17,17.0,VPOC,VPOC: breakout above VAH=2077.06,10:05,2096.437755102041,TARGET_HIT,EXACT_WIN,3919.83,0.79,60.0,MEDIUM
2024-08-09,FORTIS,SHORT,09:30,486.1,1028,499710.8,492.263747513842,473.772504972316,2.0,"BEAR-ENGULF,BOLLINGER,CAMARILLA,DBL-TOP,FAILED-BO,FIRST-CANDLE,MACD,PIN-BAR,REL-STR,SR-BREAK,SUPERTREND,VPOC,VWAP-STDDEV",13,13.0,SUPERTREND,"SUPERTREND: flipped bearish, ST=491.28",15:15,489.45,TIME_EXIT,LOSS,-4174.28,-0.84,60.0,MEDIUM
2024-08-12,GLENMARK,LONG,09:25,1486.9725,336,499622.76,1478.46125,1521.0175000000002,4.0,"CAMARILLA,CPR,DAILY-BIAS,EMA-CROSS,FIRST-CANDLE,MACD,ORB-15,PDH-PDL,PIN-BAR,REL-STR,SR-BREAK,STOCHASTIC,SUPERTREND,VPOC",14,14.0,CAMARILLA,CAMARILLA: breakout above H4=1486.97,15:15,1502.45,TIME_EXIT,WIN,4467.93,0.89,60.0,MEDIUM
2024-08-12,RBLBANK,SHORT,09:55,215.5,2320,499960.0,218.45,209.60000000000002,2.0,"BEAR-ENGULF,CAMARILLA,DAILY-BIAS,FIRST-CANDLE,INTRADAY-STRUCT,ORB-30,PDH-PDL,PIN-BAR,REL-STR,SR-BREAK,STOCHASTIC,SUPERTREND,VPOC",13,13.0,ORB-30,ORB-30: breakdown below 215.50,15:15,216.36,TIME_EXIT,LOSS,-2725.2,-0.55,60.0,MEDIUM
2024-08-13,MANKIND,LONG,10:10,2150.8,232,498985.6,2120.55,2211.3,2.0,"ADX-FILTER,BOLLINGER,CAMARILLA,DAILY-BIAS,FIRST-CANDLE,INTRADAY-STRUCT,MACD,ORB-15,ORB-30,PDH-PDL,RSI-EXT,SR-BREAK,STOCHASTIC,VPOC",14,14.0,ORB-15,ORB-15: breakout above 2150.80 (range=30.25),15:15,2175.85,TIME_EXIT,WIN,5079.47,1.02,60.0,MEDIUM
2024-08-13,MAHABANK,SHORT,12:20,61.15,8176,499962.4,61.61998940463742,60.21002119072515,2.0,"BEAR-ENGULF,BOLLINGER,CAMARILLA,DAILY-BIAS,DBL-TOP,FIRST-CANDLE,MACD,PDH-PDL,SR-BREAK,STOCHASTIC,SUPERTREND,VPOC,VWAP-STDDEV",13,13.0,SUPERTREND,"SUPERTREND: flipped bearish, ST=61.50",14:30,60.21002119072515,TARGET_HIT,EXACT_WIN,6960.8,1.39,60.0,MEDIUM
2024-08-14,PAYTM,LONG,11:25,521.75,958,499836.5,521.5357142857142,538.8928571428571,80.0,"ADX-FILTER,DAILY-BIAS,FIRST-CANDLE,INTRADAY-STRUCT,MACD,ORB-15,ORB-30,PDH-PDL,REL-STR,SR-BREAK,SUPERTREND,VPOC",12,12.0,VPOC,VPOC: breakout above VAH=521.75,11:35,521.5357142857142,STOP_HIT,LOSS,-933.81,-0.19,60.0,MEDIUM
2024-08-14,NTPC,SHORT,09:35,395.25,1265,499991.25,401.49103557444266,382.7679288511147,2.0,"ADX-FILTER,BOLLINGER,CAMARILLA,FIRST-CANDLE,MACD,PDH-PDL,PIN-BAR,REL-STR,SR-BREAK,STOCHASTIC,SUPERTREND,VPOC",12,12.0,SUPERTREND,"SUPERTREND: flipped bearish, ST=400.69",15:15,396.3,TIME_EXIT,LOSS,-2057.91,-0.41,60.0,MEDIUM
2024-08-16,HDFCLIFE,LONG,11:20,677.5,738,499995.0,668.6281214931961,695.2437570136078,2.0,"ADX-FILTER,BOLLINGER,CAMARILLA,DAILY-BIAS,FIRST-CANDLE,GAP-FADE,INTRADAY-STRUCT,MACD,PIN-BAR,REL-STR,RSI-EXT,STOCHASTIC,SUPERTREND,VPOC,VWAP-STDDEV",15,15.0,SUPERTREND,"SUPERTREND: flipped bullish, ST=669.97",15:15,689.85,TIME_EXIT,WIN,8378.18,1.68,60.0,MEDIUM
2024-08-16,PIIND,SHORT,09:55,4340.2,115,499123.0,4390.0,4240.599999999999,2.0,"BOLLINGER,CAMARILLA,FAILED-BO,FIRST-CANDLE,MACD,ORB-15,PIN-BAR,REL-STR,RSI-EXT,SR-BREAK,STOCHASTIC,SUPERTREND,VWAP-STDDEV",13,13.0,ORB-15,ORB-15: breakdown below 4340.20,12:35,4390.0,STOP_HIT,LOSS,-6457.99,-1.29,60.0,MEDIUM
2024-08-19,FSL,LONG,09:35,314.0285714285714,1592,499933.49,313.74132653061224,327.81632653061223,48.0,"ADX-FILTER,CAMARILLA,DAILY-BIAS,DBL-BTM,FIRST-CANDLE,INTRADAY-STRUCT,ORB-15,ORB-30,PDH-PDL,REL-STR,SR-BREAK,SUPERTREND,VOL-SPIKE,VPOC",14,14.0,VPOC,VPOC: breakout above VAH=314.03,10:15,313.74132653061224,STOP_HIT,LOSS,-1185.75,-0.24,60.0,MEDIUM
2024-08-19,BHARATFORG,SHORT,12:00,1590.2,314,499322.8,1613.7,1543.2,2.0,"BOLLINGER,CAMARILLA,DAILY-BIAS,FIRST-CANDLE,MACD,ORB-15,ORB-30,PDH-PDL,PIN-BAR,REL-STR,RSI-EXT,SR-BREAK,STOCHASTIC,SUPERTREND",14,14.0,ORB-15,ORB-15: breakdown below 1590.20,15:15,1593.45,TIME_EXIT,LOSS,-1749.07,-0.35,60.0,MEDIUM
2024-08-20,MUTHOOTFIN,LONG,09:45,1852.2,269,498241.8,1833.75,1889.1000000000001,2.0,"ADX-FILTER,BOLLINGER,DAILY-BIAS,EMA-CROSS,FIRST-CANDLE,MACD,ORB-15,ORB-30,PDH-PDL,RSI-EXT,SR-BREAK,STOCHASTIC,SUPERTREND,VPOC",14,14.0,ORB-15,ORB-15: breakout above 1852.20 (range=18.45),15:15,1874.4,TIME_EXIT,WIN,5240.56,1.05,60.0,MEDIUM
2024-08-20,MOTHERSON,SHORT,10:05,123.27,4056,499983.12,124.57,120.67,2.0,"CAMARILLA,CPR,DAILY-BIAS,FAILED-BO,FIRST-CANDLE,ORB-15,ORB-30,PDH-PDL,PIN-BAR,REL-STR,SR-BREAK,STOCHASTIC,VWAP-STDDEV",13,13.0,ORB-15,ORB-15: breakdown below 123.27,12:55,124.57,STOP_HIT,LOSS,-6004.7,-1.2,60.0,MEDIUM
2024-08-21,BERGEPAINT,LONG,09:45,568.0,880,499840.0,558.0,588.0,2.0,"CAMARILLA,CPR,DAILY-BIAS,DBL-BTM,EMA-CROSS,FIRST-CANDLE,MACD,ORB-15,ORB-30,PDH-PDL,REL-STR,SR-BREAK,STOCHASTIC,VPOC",14,14.0,ORB-15,ORB-15: breakout above 568.00 (range=10.00),15:15,574.75,TIME_EXIT,WIN,5206.61,1.04,60.0,MEDIUM
2024-08-21,NMDC,SHORT,12:45,70.17,7125,499961.25,70.7721,68.68,2.47,"ADX-FILTER,BEAR-ENGULF,BOLLINGER,CAMARILLA,DAILY-BIAS,FAILED-BO,FIRST-CANDLE,MACD,PIN-BAR,REL-STR,RSI-EXT,SUPERTREND",12,12.0,BEAR-ENGULF,"Bear Engulf at resistance 70.47, vol 1.6×",15:15,69.6,TIME_EXIT,WIN,3334.71,0.67,60.0,MEDIUM
2024-08-22,PVRINOX,LONG,10:25,1526.0,327,499002.0,1517.1,1543.8000000000002,2.0,"CPR,DAILY-BIAS,DBL-BTM,EMA-CROSS,FIRST-CANDLE,MACD,ORB-15,ORB-30,PDH-PDL,PIN-BAR,SR-BREAK,STOCHASTIC,SUPERTREND,VPOC,VWAP-STDDEV",15,15.0,ORB-15,ORB-15: breakout above 1526.00 (range=8.90),14:30,1517.1,STOP_HIT,LOSS,-3635.55,-0.73,60.0,MEDIUM
2024-08-22,GODREJPROP,SHORT,09:45,2919.0,171,499149.0,2947.2,2862.6000000000004,2.0,"ADX-FILTER,BOLLINGER,CAMARILLA,DAILY-BIAS,FIRST-CANDLE,MACD,ORB-15,ORB-30,PDH-PDL,SR-BREAK,STOCHASTIC,SUPERTREND,VPOC",13,13.0,ORB-15,ORB-15: breakdown below 2919.00,15:15,2933.35,TIME_EXIT,LOSS,-3183.0,-0.64,60.0,MEDIUM
2024-08-23,SONACOMS,LONG,09:20,690.2163265306123,724,499716.62,689.875,691.8091836734694,4.67,"ADX-FILTER,CAMARILLA,DAILY-BIAS,DBL-BTM,FIRST-CANDLE,ORB-15,ORB-30,PDH-PDL,PIN-BAR,REL-STR,SR-BREAK,STOCHASTIC,VPOC,VWAP-STDDEV",14,14.0,VPOC,VPOC: breakout above VAH=690.22,09:25,691.8091836734694,TARGET_HIT,EXACT_WIN,423.79,0.08,60.0,MEDIUM
2024-08-23,GLAND,SHORT,09:45,1904.6,262,499005.2,1919.7,1874.3999999999996,2.0,"ADX-FILTER,CAMARILLA,DAILY-BIAS,FIRST-CANDLE,INTRADAY-STRUCT,MACD,ORB-15,ORB-30,PDH-PDL,REL-STR,SR-BREAK,SUPERTREND",12,12.0,ORB-15,ORB-15: breakdown below 1904.60,12:25,1874.3999999999996,TARGET_HIT,EXACT_WIN,7189.37,1.44,60.0,MEDIUM
2024-08-26,ITC,LONG,09:35,416.05,1201,499676.05,406.296,461.3,4.64,"ASC-TRI,BOLLINGER,CAMARILLA,DAILY-BIAS,DBL-BTM,EMA-CROSS,FIRST-CANDLE,MACD,ORB-30,PDH-PDL,PIN-BAR,STOCHASTIC,SUPERTREND,VPOC",14,14.0,ASC-TRI,Ascending Triangle: breakout above resistance 415.68,15:15,417.05,TIME_EXIT,WIN,471.58,0.09,60.0,MEDIUM
2024-08-26,HUDCO,SHORT,09:15,284.3,1758,499799.4,300.778,216.87500000000006,4.09,"BEAR-ENGULF,CAMARILLA,DAILY-BIAS,DESC-TRI,FIRST-CANDLE,MACD,ORB-15,ORB-30,PDH-PDL,PIN-BAR,REL-STR,SR-BREAK,STOCHASTIC",13,13.0,DESC-TRI,Descending Triangle: breakdown below support 285.29,15:15,278.2,TIME_EXIT,WIN,10001.29,2.0,60.0,MEDIUM
2024-08-27,TATACHEM,LONG,09:25,1078.35,463,499276.05,1075.05,1091.5499999999997,4.0,"CAMARILLA,DAILY-BIAS,DBL-BTM,EMA-CROSS,FIRST-CANDLE,MACD,ORB-15,ORB-30,PDH-PDL,REL-STR,SR-BREAK,STOCHASTIC,SUPERTREND,VPOC",14,14.0,CAMARILLA,CAMARILLA: breakout above H4=1078.35,13:35,1091.5499999999997,TARGET_HIT,EXACT_WIN,5378.84,1.08,60.0,MEDIUM
2024-08-27,UNIONBANK,SHORT,10:40,120.48,4150,499992.0,121.26,118.92,2.0,"ADX-FILTER,BOLLINGER,DAILY-BIAS,FIRST-CANDLE,MACD,ORB-15,ORB-30,PDH-PDL,PIN-BAR,SR-BREAK,STOCHASTIC,SUPERTREND,VPOC",13,13.0,ORB-15,ORB-15: breakdown below 120.48,15:15,120.5,TIME_EXIT,LOSS,-811.95,-0.16,60.0,MEDIUM
2024-08-28,PIIND,LONG,11:45,4474.0,111,496614.0,4421.45,4579.1,2.0,"ADX-FILTER,BOLLINGER,CPR,DAILY-BIAS,INTRADAY-STRUCT,MACD,ORB-30,PDH-PDL,PIN-BAR,RSI-EXT,SR-BREAK,STOCHASTIC,SUPERTREND,VPOC",14,14.0,ORB-30,ORB-30: breakout above 4474.00 (range=52.55),15:15,4512.1,TIME_EXIT,WIN,3501.46,0.71,60.0,MEDIUM
2024-08-28,FORTIS,SHORT,10:35,553.55,903,499855.65,559.23225,537.7,2.79,"ADX-FILTER,BEAR-ENGULF,BOLLINGER,CAMARILLA,FIRST-CANDLE,MACD,PDH-PDL,PIN-BAR,REL-STR,RSI-EXT,SUPERTREND,VWAP-REV,VWAP-STDDEV",13,13.0,BEAR-ENGULF,"Bear Engulf at resistance 552.70, vol 2.0×",15:15,546.6,TIME_EXIT,WIN,5550.72,1.11,60.0,MEDIUM
2024-08-29,LUPIN,LONG,09:30,2214.7,225,498307.5,2197.0,2250.0999999999995,2.0,"ADX-FILTER,BOLLINGER,CPR,DAILY-BIAS,EMA-CROSS,FIRST-CANDLE,MACD,ORB-15,REL-STR,RSI-EXT,SR-BREAK,STOCHASTIC,SUPERTREND,VPOC,VWAP-STDDEV",15,15.0,ORB-15,ORB-15: breakout above 2214.70 (range=17.70),12:50,2197.0,STOP_HIT,LOSS,-4705.95,-0.94,60.0,MEDIUM
2024-08-29,GODREJPROP,SHORT,10:35,2869.4,174,499275.6,2985.9135,2338.425,4.56,"BEAR-ENGULF,CAMARILLA,DAILY-BIAS,DBL-TOP,DESC-TRI,FIRST-CANDLE,MACD,ORB-15,ORB-30,PDH-PDL,REL-STR,SR-BREAK,STOCHASTIC,SUPERTREND,VPOC",15,15.0,DESC-TRI,Descending Triangle: breakdown below support 2870.56,15:15,2870.95,TIME_EXIT,LOSS,-997.78,-0.2,60.0,MEDIUM
2024-08-30,BALRAMCHIN,LONG,09:15,590.06,847,499780.82,583.955,614.4799999999998,4.0,"BULL-FLAG,CAMARILLA,CPR,DAILY-BIAS,EMA-CROSS,GAP-CONT,PDH-PDL,PIN-BAR,REL-STR,STOCHASTIC,VOL-SPIKE,VPOC,VWAP-REV,VWAP-STDDEV",14,14.0,CAMARILLA,CAMARILLA: breakout above H4=590.06,09:20,614.4799999999998,TARGET_HIT,EXACT_WIN,19938.75,3.99,60.0,MEDIUM
2024-08-30,BDL,SHORT,09:30,1290.25,387,499326.75,1305.15,1260.4499999999998,2.0,"BOLLINGER,CPR,DAILY-BIAS,FIRST-CANDLE,MACD,ORB-15,PIN-BAR,REL-STR,RSI-EXT,SR-BREAK,SUPERTREND,VPOC,VWAP-REV,VWAP-STDDEV",14,14.0,ORB-15,ORB-15: breakdown below 1290.25,10:35,1305.15,STOP_HIT,LOSS,-6497.59,-1.3,60.0,MEDIUM
2024-09-02,FORTIS,LONG,09:25,564.9,885,499936.5,554.7704782765923,585.1590434468154,2.0,"BOLLINGER,BULL-FLAG,DAILY-BIAS,EMA-CROSS,FIRST-CANDLE,MACD,PDH-PDL,PIN-BAR,REL-STR,SR-BREAK,STOCHASTIC,VPOC,VWAP-REV,VWAP-STDDEV",14,14.0,EMA-CROSS,"EMA-CROSS: 9EMA crossed above 21EMA, price above VWAP",10:50,554.7704782765923,STOP_HIT,LOSS,-9686.35,-1.94,60.0,MEDIUM
2024-09-02,RKFORGE,SHORT,12:05,960.1,520,499252.0,976.45,927.4,2.0,"ADX-FILTER,BOLLINGER,CAMARILLA,FIRST-CANDLE,MACD,ORB-15,ORB-30,PDH-PDL,PIN-BAR,REL-STR,SR-BREAK,STOCHASTIC,SUPERTREND,VPOC",14,14.0,ORB-15,ORB-15: breakdown below 960.10,15:15,961.45,TIME_EXIT,LOSS,-1430.29,-0.29,60.0,MEDIUM
2024-09-03,TITAGARH,LONG,09:20,1419.98,352,499832.96,1407.44,1470.1399999999999,4.0,"ADX-FILTER,CAMARILLA,EMA-CROSS,FIRST-CANDLE,INTRADAY-STRUCT,ORB-15,ORB-30,PDH-PDL,PIN-BAR,REL-STR,SR-BREAK,STOCHASTIC,VPOC",13,13.0,CAMARILLA,CAMARILLA: breakout above H4=1419.98,15:15,1451.8,TIME_EXIT,WIN,10463.09,2.09,60.0,MEDIUM
2024-09-03,AARTIIND,SHORT,11:25,626.8,797,499559.6,631.7,616.9999999999998,2.0,"BEAR-ENGULF,BOLLINGER,CAMARILLA,DAILY-BIAS,INTRADAY-STRUCT,MACD,ORB-15,ORB-30,PDH-PDL,PIN-BAR,RSI-EXT,SUPERTREND,VPOC,VWAP-STDDEV",14,14.0,ORB-15,ORB-15: breakdown below 626.80,15:15,622.7,TIME_EXIT,WIN,2541.26,0.51,60.0,MEDIUM
2024-09-04,BIKAJI,LONG,09:40,895.53,558,499705.74,883.265,944.5899999999999,4.0,"ASC-TRI,CAMARILLA,DAILY-BIAS,DBL-BTM,FIRST-CANDLE,INTRADAY-STRUCT,MACD,ORB-15,PDH-PDL,PIN-BAR,REL-STR,SR-BREAK,STOCHASTIC,VPOC,VWAP-REV,VWAP-STDDEV",16,16.0,CAMARILLA,CAMARILLA: breakout above H4=895.53,09:55,883.265,STOP_HIT,LOSS,-7566.96,-1.51,60.0,MEDIUM
2024-09-04,BDL,SHORT,09:20,1332.0,375,499500.0,1343.0,1310.0,2.0,"BOLLINGER,CAMARILLA,DAILY-BIAS,FAILED-BO,INTRADAY-STRUCT,MACD,PIN-BAR,RSI-EXT,VWAP-REV,VWAP-STDDEV",10,10.0,CAMARILLA,"CAMARILLA: reversal at H3=1332.00, target L3=1310.00",10:25,1343.0,STOP_HIT,LOSS,-4855.59,-0.97,60.0,MEDIUM
2024-09-05,RECLTD,LONG,09:15,628.8175000000001,795,499909.91,626.3837500000001,638.5525000000002,4.0,"CAMARILLA,CPR,DAILY-BIAS,FIRST-CANDLE,ORB-15,ORB-30,PDH-PDL,PIN-BAR,REL-STR,SR-BREAK,STOCHASTIC,VPOC,VWAP-STDDEV",13,13.0,CAMARILLA,CAMARILLA: breakout above H4=628.82,09:25,626.3837500000001,STOP_HIT,LOSS,-2662.09,-0.53,60.0,MEDIUM
2024-09-05,INDIANB,SHORT,09:55,520.85,959,499495.15,528.4,505.7500000000001,2.0,"CAMARILLA,DAILY-BIAS,DBL-TOP,FIRST-CANDLE,MACD,ORB-15,ORB-30,PDH-PDL,PIN-BAR,REL-STR,SR-BREAK,SUPERTREND,VPOC",13,13.0,ORB-15,ORB-15: breakdown below 520.85,15:10,528.4,STOP_HIT,LOSS,-7972.81,-1.6,60.0,MEDIUM
2024-09-06,CHOLAHLDNG,LONG,09:25,1828.4234693877552,273,499159.61,1824.3443877551022,1890.4255102040818,15.2,"BULL-FLAG,CAMARILLA,DAILY-BIAS,EMA-CROSS,FIRST-CANDLE,MACD,PDH-PDL,PIN-BAR,REL-STR,SR-BREAK,STOCHASTIC,VPOC,VWAP-REV,VWAP-STDDEV",14,14.0,VPOC,VPOC: breakout above VAH=1828.42,10:55,1824.3443877551022,STOP_HIT,LOSS,-1840.47,-0.37,60.0,MEDIUM
2024-09-06,ABCAPITAL,SHORT,10:00,223.08,2241,499922.28,224.35,220.54000000000005,2.0,"CAMARILLA,DBL-TOP,FIRST-CANDLE,INTRADAY-STRUCT,MACD,ORB-15,ORB-30,PDH-PDL,RISE-WEDGE,SR-BREAK,STOCHASTIC,SUPERTREND,VPOC",13,13.0,ORB-15,ORB-15: breakdown below 223.08,10:05,220.54000000000005,TARGET_HIT,EXACT_WIN,4966.59,0.99,60.0,MEDIUM
2024-09-09,BLUESTARCO,LONG,09:15,1726.6183673469388,289,498992.71,1723.980612244898,1739.2795918367349,4.8,"ADX-FILTER,ASC-TRI,CPR,DAILY-BIAS,DBL-BTM,FIRST-CANDLE,INTRADAY-STRUCT,ORB-15,ORB-30,PDH-PDL,PIN-BAR,SR-BREAK,STOCHASTIC,VPOC",14,14.0,VPOC,VPOC: breakout above VAH=1726.62,09:20,1739.2795918367349,TARGET_HIT,EXACT_WIN,2928.66,0.59,60.0,MEDIUM
2024-09-09,RKFORGE,SHORT,11:00,962.45,519,499511.55,969.9757499999998,933.5765,3.84,"ADX-FILTER,FAILED-BO,FIRST-CANDLE,OPEN-WEAK,ORB-15,PDH-PDL,PIN-BAR,REL-STR,SR-BREAK,STOCHASTIC,VPOC,VWAP-REV,VWAP-STDDEV",13,13.0,FAILED-BO,"Failed BO: bull trap above 964.05, reversed on vol 3.1×",11:05,969.9757499999998,STOP_HIT,LOSS,-4636.34,-0.93,60.0,MEDIUM
2024-09-10,HONASA,LONG,09:15,524.3265306122449,953,499683.18,524.1224489795918,529.2244897959184,24.0,"ASC-TRI,CAMARILLA,DAILY-BIAS,EMA-CROSS,FIRST-CANDLE,GAP-CONT,ORB-15,ORB-30,PDH-PDL,PIN-BAR,REL-STR,SR-BREAK,VPOC",13,13.0,VPOC,VPOC: breakout above VAH=524.33,09:20,529.2244897959184,TARGET_HIT,EXACT_WIN,3935.58,0.79,60.0,MEDIUM
2024-09-10,HDFCAMC,SHORT,10:55,2103.0,237,498411.0,2136.3,2036.3999999999996,2.0,"ADX-FILTER,BEAR-ENGULF,CAMARILLA,DBL-TOP,FAILED-BO,FIRST-CANDLE,MACD,ORB-15,ORB-30,PDH-PDL,REL-STR,SR-BREAK,STOCHASTIC,SUPERTREND,VPOC",15,15.0,ORB-15,ORB-15: breakdown below 2103.00,15:15,2100.6,TIME_EXIT,LOSS,-157.62,-0.03,60.0,MEDIUM
2024-09-11,UBL,LONG,10:30,2083.0,240,499920.0,2063.1,2122.8,2.0,"ASC-TRI,CAMARILLA,CPR,DAILY-BIAS,EMA-CROSS,FIRST-CANDLE,MACD,ORB-15,ORB-30,PDH-PDL,PIN-BAR,REL-STR,SR-BREAK,STOCHASTIC,SUPERTREND,VPOC",16,16.0,ORB-15,ORB-15: breakout above 2083.00 (range=19.90),15:15,2080.9,TIME_EXIT,LOSS,-1232.4,-0.25,60.0,MEDIUM
2024-09-11,KFINTECH,SHORT,09:50,987.05,506,499447.3,999.821937997036,961.5061240059279,2.0,"CAMARILLA,DAILY-BIAS,FIRST-CANDLE,MACD,PDH-PDL,PIN-BAR,REL-STR,SR-BREAK,STOCHASTIC,SUPERTREND,VPOC",11,11.0,SUPERTREND,"SUPERTREND: flipped bearish, ST=997.83",15:15,987.55,TIME_EXIT,LOSS,-981.3,-0.2,60.0,MEDIUM
2024-09-12,TORNTPHARM,LONG,09:20,3476.445,143,497131.64,3462.7225,3531.3350000000005,4.0,"CAMARILLA,CPR,DAILY-BIAS,EMA-CROSS,FIRST-CANDLE,ORB-15,ORB-30,PDH-PDL,PIN-BAR,REL-STR,SR-BREAK,STOCHASTIC,VPOC,VWAP-STDDEV",14,14.0,CAMARILLA,CAMARILLA: breakout above H4=3476.45,13:45,3462.7225,STOP_HIT,LOSS,-2685.76,-0.54,60.0,MEDIUM
2024-09-12,NLCINDIA,SHORT,10:45,267.25,1870,499757.5,271.35,259.04999999999995,2.0,"ADX-FILTER,CAMARILLA,DAILY-BIAS,DBL-TOP,FIRST-CANDLE,MACD,ORB-15,ORB-30,PDH-PDL,REL-STR,SR-BREAK,STOCHASTIC,SUPERTREND",13,13.0,ORB-15,ORB-15: breakdown below 267.25,15:15,264.4,TIME_EXIT,WIN,4603.97,0.92,60.0,MEDIUM
2024-09-13,NUVAMA,LONG,09:15,1370.0,316,432920.0,1275.12,1587.25,2.29,"ASC-TRI,DAILY-BIAS,DBL-BTM,EMA-CROSS,FIRST-CANDLE,MACD,ORB-15,ORB-30,PDH-PDL,PIN-BAR,REL-STR,SR-BREAK,STOCHASTIC,SUPERTREND",14,14.0,ASC-TRI,Ascending Triangle: breakout above resistance 1369.38,15:15,1392.0,TIME_EXIT,WIN,6309.04,1.46,60.0,MEDIUM
2024-09-13,INDIANB,SHORT,11:45,507.8,984,499675.2,512.3,498.8000000000001,2.0,"BEAR-ENGULF,BOLLINGER,CAMARILLA,DAILY-BIAS,DBL-TOP,FAILED-BO,FIRST-CANDLE,MACD,ORB-15,ORB-30,REL-STR,RSI-EXT,SUPERTREND,VPOC,VWAP-STDDEV",15,15.0,ORB-15,ORB-15: breakdown below 507.80,15:15,506.75,TIME_EXIT,WIN,305.32,0.06,60.0,MEDIUM
2024-09-16,ICICIBANK,LONG,10:15,1253.0,399,499947.0,1244.7,1269.6,2.0,"ADX-FILTER,ASC-TRI,DAILY-BIAS,DBL-BTM,FIRST-CANDLE,INTRADAY-STRUCT,MACD,ORB-15,ORB-30,PDH-PDL,PIN-BAR,SR-BREAK,STOCHASTIC,SUPERTREND,VPOC",15,15.0,ORB-15,ORB-15: breakout above 1253.00 (range=8.30),15:15,1262.35,TIME_EXIT,WIN,2998.86,0.6,60.0,MEDIUM
2024-09-16,COALINDIA,SHORT,10:10,461.05,1084,499778.2,464.0,455.15000000000003,2.0,"ADX-FILTER,BEAR-ENGULF,CAMARILLA,DAILY-BIAS,FAILED-BO,FIRST-CANDLE,MACD,ORB-15,ORB-30,PDH-PDL,PIN-BAR,STOCHASTIC,SUPERTREND,VPOC",14,14.0,ORB-15,ORB-15: breakdown below 461.05,13:00,464.0,STOP_HIT,LOSS,-3928.24,-0.79,60.0,MEDIUM
2024-09-17,SONACOMS,LONG,09:15,740.275,675,499685.62,736.8375,754.025,4.0,"ASC-TRI,CAMARILLA,CPR,DAILY-BIAS,DBL-BTM,FIRST-CANDLE,ORB-15,PDH-PDL,PIN-BAR,REL-STR,SR-BREAK,STOCHASTIC,VPOC",13,13.0,CAMARILLA,CAMARILLA: breakout above H4=740.27,09:25,754.025,TARGET_HIT,EXACT_WIN,8545.42,1.71,60.0,MEDIUM
2024-09-17,PIIND,SHORT,10:10,4615.25,108,498447.0,4751.5562609195385,4185.15,3.16,"BOLLINGER,CPR,FIRST-CANDLE,MACD,ORB-15,ORB-30,PDH-PDL,REL-STR,RISE-WEDGE,RSI-EXT,SR-BREAK,STOCHASTIC,SUPERTREND,VPOC",14,14.0,RISE-WEDGE,Rising Wedge: broke below lower trendline 4617.92,15:15,4696.0,TIME_EXIT,LOSS,-9452.78,-1.9,60.0,MEDIUM
2024-09-18,ABFRL,LONG,09:25,250.49249999999998,1996,499983.03,249.29625,255.27749999999995,4.0,"ADX-FILTER,CAMARILLA,DAILY-BIAS,DBL-BTM,EMA-CROSS,FIRST-CANDLE,INTRADAY-STRUCT,MACD,ORB-15,REL-STR,SR-BREAK,SUPERTREND,VPOC",13,13.0,CAMARILLA,CAMARILLA: breakout above H4=250.49,09:30,249.29625,STOP_HIT,LOSS,-3114.71,-0.62,60.0,MEDIUM
2024-09-18,GLAND,SHORT,09:15,1845.6,250,461400.0,1965.4095,1478.2000000000003,3.07,"CAMARILLA,DAILY-BIAS,DESC-TRI,FIRST-CANDLE,MACD,ORB-30,PDH-PDL,REL-STR,SR-BREAK,STOCHASTIC,SUPERTREND,VPOC",12,12.0,DESC-TRI,Descending Triangle: breakdown below support 1849.58,15:15,1841.9,TIME_EXIT,WIN,249.25,0.05,60.0,MEDIUM
2024-09-19,LTF,LONG,09:15,178.079,2807,499867.75,177.0395,182.23700000000002,4.0,"ADX-FILTER,CAMARILLA,DAILY-BIAS,DBL-BTM,FIRST-CANDLE,GAP-CONT,INTRADAY-STRUCT,PDH-PDL,PIN-BAR,SR-BREAK,VPOC,VWAP-REV,VWAP-STDDEV",13,13.0,CAMARILLA,CAMARILLA: breakout above H4=178.08,10:05,177.0395,STOP_HIT,LOSS,-3644.3,-0.73,60.0,MEDIUM
2024-09-19,AMBUJACEM,SHORT,09:15,622.15,803,499586.45,625.2607499999999,615.4489795918367,2.15,"BOLLINGER,CAMARILLA,DAILY-BIAS,DBL-TOP,FIRST-CANDLE,MACD,ORB-15,ORB-30,PDH-PDL,PIN-BAR,REL-STR,SR-BREAK,STOCHASTIC,SUPERTREND,VPOC",15,15.0,VPOC,VPOC: rejection at VPOC=621.17,10:05,615.4489795918367,TARGET_HIT,EXACT_WIN,4655.65,0.93,60.0,MEDIUM
2024-09-20,MANKIND,LONG,09:15,2478.795,201,498237.8,2460.3975,2552.385,4.0,"ADX-FILTER,CAMARILLA,DAILY-BIAS,FIRST-CANDLE,GAP-CONT,INTRADAY-STRUCT,ORB-15,PDH-PDL,PIN-BAR,REL-STR,SR-BREAK,STOCHASTIC,VPOC,VWAP-REV,VWAP-STDDEV",15,15.0,CAMARILLA,CAMARILLA: breakout above H4=2478.80,09:35,2552.385,TARGET_HIT,EXACT_WIN,14053.37,2.82,60.0,MEDIUM
2024-09-20,GLENMARK,SHORT,10:45,1646.05,303,498753.15,1674.0,1590.1499999999999,2.0,"BEAR-ENGULF,BOLLINGER,CAMARILLA,DAILY-BIAS,DBL-TOP,FIRST-CANDLE,MACD,ORB-15,ORB-30,PDH-PDL,PIN-BAR,RSI-EXT,SR-BREAK,STOCHASTIC,SUPERTREND,VPOC",16,16.0,ORB-15,ORB-15: breakdown below 1646.05,15:15,1634.65,TIME_EXIT,WIN,2728.96,0.55,60.0,MEDIUM
2024-09-23,ICICIPRULI,LONG,09:15,769.2775510204082,649,499261.13,768.1418367346939,777.065306122449,6.86,"ADX-FILTER,CAMARILLA,DAILY-BIAS,DBL-BTM,FIRST-CANDLE,MACD,ORB-15,ORB-30,PDH-PDL,PIN-BAR,REL-STR,SR-BREAK,STOCHASTIC,VPOC",14,14.0,VPOC,VPOC: breakout above VAH=769.28,09:40,777.065306122449,TARGET_HIT,EXACT_WIN,4322.35,0.87,60.0,MEDIUM
2024-09-23,SBICARD,SHORT,10:05,782.45,639,499985.55,791.7,763.95,2.0,"ADX-FILTER,DBL-TOP,FAILED-BO,FIRST-CANDLE,MACD,ORB-30,PDH-PDL,PIN-BAR,REL-STR,SR-BREAK,STOCHASTIC,SUPERTREND,VPOC",13,13.0,ORB-30,ORB-30: breakdown below 782.45,11:00,791.7,STOP_HIT,LOSS,-6643.02,-1.33,60.0,MEDIUM
2024-09-24,APOLLOTYRE,LONG,10:05,521.85,958,499932.3,518.0,529.5500000000001,2.0,"ADX-FILTER,BOLLINGER,CAMARILLA,DAILY-BIAS,EMA-CROSS,FIRST-CANDLE,INTRADAY-STRUCT,MACD,ORB-15,ORB-30,PDH-PDL,PIN-BAR,SUPERTREND,VPOC",14,14.0,ORB-15,ORB-15: breakout above 521.85 (range=3.85),15:15,528.65,TIME_EXIT,WIN,5780.42,1.16,60.0,MEDIUM
2024-09-24,ZYDUSLIFE,SHORT,11:10,1054.35,474,499761.9,1063.8,1035.4499999999998,2.0,"BOLLINGER,CAMARILLA,DAILY-BIAS,DBL-TOP,FAILED-BO,FIRST-CANDLE,ORB-15,ORB-30,PIN-BAR,SR-BREAK,SUPERTREND,VPOC",12,12.0,ORB-15,ORB-15: breakdown below 1054.35,15:15,1050.9,TIME_EXIT,WIN,907.65,0.18,60.0,MEDIUM
2024-09-25,CUMMINSIND,LONG,09:30,3888.4214285714284,128,497717.94,3876.9464285714284,3935.414285714285,4.1,"ASC-TRI,CAMARILLA,DAILY-BIAS,DBL-BTM,EMA-CROSS,FIRST-CANDLE,INTRADAY-STRUCT,MACD,ORB-15,PIN-BAR,REL-STR,SR-BREAK,SUPERTREND,VPOC,VWAP-REV,VWAP-STDDEV",16,16.0,VPOC,VPOC: breakout above VAH=3888.42,10:05,3876.9464285714284,STOP_HIT,LOSS,-2193.44,-0.44,60.0,MEDIUM
2024-09-25,ZYDUSLIFE,SHORT,10:40,1050.15,476,499871.4,1056.75,1036.9500000000003,2.0,"CAMARILLA,DAILY-BIAS,DBL-TOP,FIRST-CANDLE,MACD,ORB-15,ORB-30,PDH-PDL,PIN-BAR,REL-STR,SR-BREAK,STOCHASTIC,VPOC",13,13.0,ORB-15,ORB-15: breakdown below 1050.15,14:00,1056.75,STOP_HIT,LOSS,-3872.13,-0.77,60.0,MEDIUM
2024-09-26,TATASTEEL,LONG,09:45,158.53714285714284,3153,499867.61,158.50551020408162,160.6881632653061,68.0,"ADX-FILTER,BOLLINGER,CAMARILLA,DAILY-BIAS,DBL-BTM,EMA-CROSS,FIRST-CANDLE,INTRADAY-STRUCT,MACD,ORB-15,ORB-30,PDH-PDL,SR-BREAK,STOCHASTIC,VPOC",15,15.0,VPOC,VPOC: breakout above VAH=158.54,10:25,158.50551020408162,STOP_HIT,LOSS,-828.39,-0.17,60.0,MEDIUM
2024-09-26,YESBANK,SHORT,09:40,22.7,22026,499990.2,22.944921817985488,22.21015636402902,2.0,"ADX-FILTER,BEAR-ENGULF,CPR,DAILY-BIAS,DESC-TRI,FAILED-BO,FIRST-CANDLE,MACD,PDH-PDL,REL-STR,SR-BREAK,STOCHASTIC,SUPERTREND",13,13.0,SUPERTREND,"SUPERTREND: flipped bearish, ST=22.90",15:15,22.72,TIME_EXIT,LOSS,-1169.67,-0.23,60.0,MEDIUM
2024-09-27,TATAELXSI,LONG,09:20,7877.64,63,496291.32,7843.32,8014.920000000001,4.0,"CAMARILLA,DAILY-BIAS,DBL-BTM,FIRST-CANDLE,ORB-15,PDH-PDL,PIN-BAR,REL-STR,SR-BREAK,STOCHASTIC,SUPERTREND,VPOC,VWAP-REV,VWAP-STDDEV",14,14.0,CAMARILLA,CAMARILLA: breakout above H4=7877.64,09:25,8014.920000000001,TARGET_HIT,EXACT_WIN,7917.94,1.6,60.0,MEDIUM
2024-09-27,BHARATFORG,SHORT,10:15,1533.9,325,498517.5,1542.12225,1502.6,3.81,"ADX-FILTER,BOLLINGER,CPR,DAILY-BIAS,DBL-TOP,DESC-TRI,FAILED-BO,FIRST-CANDLE,INTRADAY-STRUCT,MACD,PIN-BAR,REL-STR,VWAP-STDDEV",13,13.0,FAILED-BO,"Failed BO: bull trap above 1534.00, reversed on vol 1.4×",15:15,1524.3,TIME_EXIT,WIN,2394.9,0.48,60.0,MEDIUM
2024-09-30,ACC,LONG,09:55,2508.7397959183672,199,499239.22,2507.976020408163,2534.7081632653058,34.0,"ASC-TRI,CAMARILLA,DAILY-BIAS,DBL-BTM,FIRST-CANDLE,MACD,ORB-15,ORB-30,PDH-PDL,PIN-BAR,REL-STR,SR-BREAK,STOCHASTIC,VPOC",14,14.0,VPOC,VPOC: breakout above VAH=2508.74,10:15,2534.7081632653058,TARGET_HIT,EXACT_WIN,4435.74,0.89,60.0,MEDIUM
2024-09-30,GRANULES,SHORT,13:00,561.8,889,499440.2,567.2219999999999,546.2,2.88,"ADX-FILTER,BEAR-ENGULF,BOLLINGER,CAMARILLA,DAILY-BIAS,FAILED-BO,FIRST-CANDLE,INTRADAY-STRUCT,MACD,RSI-EXT,SUPERTREND,VPOC,VWAP-REV,VWAP-STDDEV",14,14.0,FAILED-BO,"Failed BO: bull trap above 563.05, reversed on vol 2.7×",15:15,559.15,TIME_EXIT,WIN,1629.05,0.33,60.0,MEDIUM
2024-10-01,ANGELONE,LONG,09:25,260.565306122449,1918,499764.26,259.03979591836736,268.31020408163266,5.08,"CPR,DAILY-BIAS,DBL-BTM,FIRST-CANDLE,GAP-CONT,ORB-15,ORB-30,PDH-PDL,REL-STR,SR-BREAK,STOCHASTIC,SUPERTREND,VOL-SPIKE,VPOC",14,14.0,VPOC,VPOC: breakout above VAH=260.57,10:20,268.31020408163266,TARGET_HIT,EXACT_WIN,14114.37,2.82,60.0,MEDIUM
2024-10-01,MPHASIS,SHORT,11:00,2960.8,168,497414.4,2990.2,2902.000000000001,2.0,"BOLLINGER,CAMARILLA,DAILY-BIAS,FIRST-CANDLE,INTRADAY-STRUCT,MACD,ORB-15,ORB-30,REL-STR,SR-BREAK,STOCHASTIC,SUPERTREND,VPOC,VWAP-STDDEV",14,14.0,ORB-15,ORB-15: breakdown below 2960.80,13:10,2990.2,STOP_HIT,LOSS,-5667.41,-1.14,60.0,MEDIUM
2024-10-03,SHREECEM,LONG,09:50,26420.0,18,475560.0,26208.3,26843.4,2.0,"ADX-FILTER,ASC-TRI,BOLLINGER,CAMARILLA,DAILY-BIAS,DBL-BTM,FIRST-CANDLE,MACD,ORB-15,ORB-30,PDH-PDL,PIN-BAR,RSI-EXT,SR-BREAK,STOCHASTIC,SUPERTREND,VWAP-REV",17,17.0,ORB-15,ORB-15: breakout above 26420.00 (range=211.70),12:05,26208.3,STOP_HIT,LOSS,-4503.17,-0.95,60.0,MEDIUM
2024-10-03,MANAPPURAM,SHORT,09:50,194.51,2570,499890.7,196.45,190.63,2.0,"ADX-FILTER,DAILY-BIAS,DBL-TOP,FIRST-CANDLE,ORB-15,ORB-30,PDH-PDL,PIN-BAR,REL-STR,SR-BREAK,STOCHASTIC",11,11.0,ORB-15,ORB-15: breakdown below 194.51,11:00,190.63,TARGET_HIT,EXACT_WIN,9248.54,1.85,60.0,MEDIUM
2024-10-04,CEATLTD,LONG,09:55,3070.25,162,497380.5,3054.89875,3146.486734693877,4.97,"BOLLINGER,CAMARILLA,DAILY-BIAS,DBL-BTM,INTRADAY-STRUCT,MACD,ORB-15,ORB-30,PIN-BAR,RSI-EXT,SR-BREAK,SUPERTREND,VPOC",13,13.0,VPOC,VPOC: rejection below VPOC=3073.56,10:00,3054.89875,STOP_HIT,LOSS,-3210.27,-0.65,60.0,MEDIUM
2024-10-04,FSL,SHORT,11:45,304.05,1644,499858.2,305.57025,297.3214285714286,4.43,"ADX-FILTER,BEAR-ENGULF,CPR,DAILY-BIAS,FAILED-BO,FIRST-CANDLE,INTRADAY-STRUCT,MACD,REL-STR,SR-BREAK,SUPERTREND,VPOC,VWAP-STDDEV",13,13.0,VPOC,VPOC: rejection at VPOC=303.52,15:05,297.3214285714286,TARGET_HIT,EXACT_WIN,10339.38,2.07,60.0,MEDIUM
2024-10-07,ABB,LONG,09:30,8039.1,62,498424.2,7935.0479704623895,8247.204059075222,2.0,"ADX-FILTER,BOLLINGER,DAILY-BIAS,DBL-BTM,EMA-CROSS,FIRST-CANDLE,PIN-BAR,REL-STR,RSI-EXT,SUPERTREND,VWAP-REV,VWAP-STDDEV",12,12.0,EMA-CROSS,"EMA-CROSS: 9EMA crossed above 21EMA, price above VWAP",09:55,7935.0479704623895,STOP_HIT,LOSS,-7172.88,-1.44,60.0,MEDIUM
2024-10-07,IDFCFIRSTB,SHORT,10:50,71.92,6952,499987.84,72.81,70.14,2.0,"BOLLINGER,CAMARILLA,DAILY-BIAS,DBL-TOP,DESC-TRI,FIRST-CANDLE,MACD,ORB-15,ORB-30,PDH-PDL,PIN-BAR,REL-STR,SR-BREAK,STOCHASTIC,SUPERTREND",15,15.0,ORB-15,ORB-15: breakdown below 71.92,15:15,72.13,TIME_EXIT,LOSS,-2189.65,-0.44,60.0,MEDIUM
2024-10-08,AJANTPHARM,LONG,09:35,3300.95,151,498443.45,3205.2,3492.45,2.0,"BOLLINGER,CAMARILLA,DAILY-BIAS,FIRST-CANDLE,MACD,ORB-15,ORB-30,PIN-BAR,REL-STR,RSI-EXT,SR-BREAK,STOCHASTIC,SUPERTREND,VPOC",14,14.0,ORB-15,ORB-15: breakout above 3300.95 (range=95.75),15:15,3396.1,TIME_EXIT,WIN,13629.49,2.73,60.0,MEDIUM
2024-10-08,ICICIGI,SHORT,11:35,2082.3,240,499752.0,2116.4,2014.1000000000004,2.0,"CAMARILLA,DAILY-BIAS,DBL-TOP,FIRST-CANDLE,MACD,ORB-15,ORB-30,PDH-PDL,SR-BREAK,STOCHASTIC,SUPERTREND,VWAP-STDDEV",12,12.0,ORB-15,ORB-15: breakdown below 2082.30,15:15,2101.3,TIME_EXIT,LOSS,-5291.18,-1.06,60.0,MEDIUM
2024-10-09,LLOYDSME,LONG,09:15,953.8450000000001,524,499814.78,941.7725,1002.1350000000003,4.0,"BULL-FLAG,CAMARILLA,DAILY-BIAS,FIRST-CANDLE,GAP-CONT,ORB-15,ORB-30,PDH-PDL,PIN-BAR,REL-STR,SR-BREAK,STOCHASTIC,VPOC",13,13.0,CAMARILLA,CAMARILLA: breakout above H4=953.85,11:05,1002.1350000000003,TARGET_HIT,EXACT_WIN,24555.27,4.91,60.0,MEDIUM
2024-10-09,CANBK,SHORT,10:10,102.46,4879,499902.34,103.1331,99.15,4.92,"ADX-FILTER,BEAR-ENGULF,BOLLINGER,CAMARILLA,DAILY-BIAS,FAILED-BO,MACD,ORB-15,ORB-30,RSI-EXT,SR-BREAK,SUPERTREND,VWAP-STDDEV",13,13.0,FAILED-BO,"Failed BO: bull trap above 102.61, reversed on vol 3.7×",15:15,100.9,TIME_EXIT,WIN,6886.81,1.38,60.0,MEDIUM
2024-10-10,HCLTECH,LONG,09:20,1816.465306122449,275,499527.96,1816.109693877551,1825.7112244897958,26.0,"ASC-TRI,CPR,DAILY-BIAS,DBL-BTM,FIRST-CANDLE,MACD,ORB-15,PDH-PDL,PIN-BAR,REL-STR,SR-BREAK,STOCHASTIC,VPOC,VWAP-STDDEV",14,14.0,VPOC,VPOC: breakout above VAH=1816.47,09:25,1825.7112244897958,TARGET_HIT,EXACT_WIN,1812.35,0.36,60.0,MEDIUM
2024-10-10,IEX,SHORT,10:55,204.5,2444,499798.0,205.9,201.7,2.0,"ADX-FILTER,CAMARILLA,DAILY-BIAS,FIRST-CANDLE,MACD,ORB-15,ORB-30,PDH-PDL,PIN-BAR,REL-STR,SR-BREAK,SUPERTREND",12,12.0,ORB-15,ORB-15: breakdown below 204.50,13:40,201.7,TARGET_HIT,EXACT_WIN,6118.48,1.22,60.0,MEDIUM
2024-10-11,JSWINFRA,LONG,09:45,322.5775,1550,499995.12,319.53875,334.73249999999996,4.0,"ADX-FILTER,CAMARILLA,EMA-CROSS,FIRST-CANDLE,MACD,ORB-15,ORB-30,PDH-PDL,PIN-BAR,REL-STR,SR-BREAK,STOCHASTIC,SUPERTREND,VPOC",14,14.0,CAMARILLA,CAMARILLA: breakout above H4=322.58,14:20,319.53875,STOP_HIT,LOSS,-5435.24,-1.09,60.0,MEDIUM
2024-10-11,SBICARD,SHORT,10:20,736.4,678,499279.2,741.0,727.1999999999999,2.0,"ADX-FILTER,CAMARILLA,DAILY-BIAS,DBL-TOP,FIRST-CANDLE,MACD,ORB-15,ORB-30,PDH-PDL,PIN-BAR,SUPERTREND,VPOC,VWAP-STDDEV",13,13.0,ORB-15,ORB-15: breakdown below 736.40,15:15,733.25,TIME_EXIT,WIN,1408.99,0.28,60.0,MEDIUM
2024-10-14,GAIL,LONG,09:35,214.81,2327,499862.87,213.09,218.25,2.0,"ADX-FILTER,BOLLINGER,CPR,DAILY-BIAS,FIRST-CANDLE,MACD,ORB-15,ORB-30,PDH-PDL,SR-BREAK,STOCHASTIC,VPOC,VWAP-STDDEV",13,13.0,ORB-15,ORB-15: breakout above 214.81 (range=1.72),11:40,213.09,STOP_HIT,LOSS,-4727.99,-0.95,60.0,MEDIUM
2024-10-14,IFCI,SHORT,10:15,60.54,8259,499999.86,61.41126841459686,58.797463170806274,2.0,"BEAR-ENGULF,BOLLINGER,CAMARILLA,DAILY-BIAS,FAILED-BO,FIRST-CANDLE,INTRADAY-STRUCT,MACD,PIN-BAR,REL-STR,SR-BREAK,STOCHASTIC,SUPERTREND",13,13.0,SUPERTREND,"SUPERTREND: flipped bearish, ST=61.29",15:15,60.15,TIME_EXIT,WIN,2493.94,0.5,60.0,MEDIUM
2024-10-15,LAURUSLABS,LONG,09:30,482.75,1035,499646.25,477.0,494.25,2.0,"ADX-FILTER,CPR,DAILY-BIAS,EMA-CROSS,FIRST-CANDLE,INTRADAY-STRUCT,MACD,ORB-15,PDH-PDL,REL-STR,SR-BREAK,STOCHASTIC,SUPERTREND,VPOC,VWAP-STDDEV",15,15.0,ORB-15,ORB-15: breakout above 482.75 (range=5.75),10:25,477.0,STOP_HIT,LOSS,-6674.97,-1.34,60.0,MEDIUM
2024-10-15,MAHABANK,SHORT,13:10,54.15,9233,499966.95,54.7,53.04999999999999,2.0,"BOLLINGER,CAMARILLA,DAILY-BIAS,FAILED-BO,FIRST-CANDLE,MACD,ORB-15,ORB-30,PDH-PDL,REL-STR,SR-BREAK,STOCHASTIC,SUPERTREND,VWAP-STDDEV",14,14.0,ORB-15,ORB-15: breakdown below 54.15,13:35,54.7,STOP_HIT,LOSS,-5809.92,-1.16,60.0,MEDIUM
2024-10-16,CAMS,LONG,09:20,940.73,531,499527.63,932.865,972.19,4.0,"CAMARILLA,DAILY-BIAS,EMA-CROSS,FIRST-CANDLE,INTRADAY-STRUCT,ORB-15,ORB-30,PDH-PDL,PIN-BAR,REL-STR,SR-BREAK,STOCHASTIC,VOL-SPIKE,VPOC",14,14.0,CAMARILLA,CAMARILLA: breakout above H4=940.73,10:50,972.19,TARGET_HIT,EXACT_WIN,15963.77,3.2,60.0,MEDIUM
2024-10-16,CANBK,SHORT,10:35,100.5,4975,499987.5,101.29,98.91999999999999,2.0,"ADX-FILTER,BEAR-ENGULF,BOLLINGER,CAMARILLA,DAILY-BIAS,FIRST-CANDLE,MACD,ORB-15,ORB-30,PDH-PDL,STOCHASTIC,SUPERTREND,VPOC",13,13.0,ORB-15,ORB-15: breakdown below 100.50,15:15,100.8,TIME_EXIT,LOSS,-2222.25,-0.44,60.0,MEDIUM
2024-10-17,AMBER,LONG,10:00,5509.3,90,495837.0,5407.1,5713.7,2.0,"BOLLINGER,DAILY-BIAS,EMA-CROSS,FIRST-CANDLE,MACD,ORB-15,ORB-30,REL-STR,SR-BREAK,STOCHASTIC,SUPERTREND,VPOC,VWAP-REV,VWAP-STDDEV",14,14.0,ORB-15,ORB-15: breakout above 5509.30 (range=102.20),11:25,5407.1,STOP_HIT,LOSS,-9913.95,-2.0,60.0,MEDIUM
2024-10-17,STARHEALTH,SHORT,11:05,550.65,908,499990.2,554.0,543.9499999999999,2.0,"ADX-FILTER,BOLLINGER,DAILY-BIAS,FIRST-CANDLE,MACD,ORB-15,ORB-30,PDH-PDL,PIN-BAR,SR-BREAK,STOCHASTIC,SUPERTREND,VPOC,VWAP-STDDEV",14,14.0,ORB-15,ORB-15: breakdown below 550.65,15:15,548.75,TIME_EXIT,WIN,997.29,0.2,60.0,MEDIUM
2024-10-18,HDFCLIFE,LONG,09:35,728.3265306122449,686,499632.0,728.1678571428572,733.7214285714286,34.0,"BOLLINGER,CAMARILLA,DAILY-BIAS,EMA-CROSS,FIRST-CANDLE,MACD,ORB-15,ORB-30,PDH-PDL,REL-STR,SR-BREAK,SUPERTREND,VPOC",13,13.0,VPOC,VPOC: breakout above VAH=728.33,09:45,733.7214285714286,TARGET_HIT,EXACT_WIN,2969.56,0.59,60.0,MEDIUM
2024-10-18,AARTIIND,SHORT,09:55,515.5,969,499519.5,520.8,504.9000000000001,2.0,"DAILY-BIAS,FIRST-CANDLE,OPEN-WEAK,ORB-15,ORB-30,PDH-PDL,PIN-BAR,REL-STR,SR-BREAK,STOCHASTIC,VPOC,VWAP-REV",12,12.0,ORB-15,ORB-15: breakdown below 515.50,13:30,520.8,STOP_HIT,LOSS,-5866.89,-1.17,60.0,MEDIUM
2024-10-21,TATACHEM,LONG,09:15,1113.3475,449,499893.03,1098.64875,1172.1425000000002,4.0,"CAMARILLA,DAILY-BIAS,FIRST-CANDLE,GAP-CONT,ORB-15,ORB-30,PDH-PDL,SR-BREAK,STOCHASTIC,VOL-SPIKE,VPOC,VWAP-STDDEV",12,12.0,CAMARILLA,CAMARILLA: breakout above H4=1113.35,10:00,1172.1425000000002,TARGET_HIT,EXACT_WIN,25649.29,5.13,60.0,MEDIUM
2024-10-21,CHOLAFIN,SHORT,10:55,1462.15,341,498593.15,1469.46075,1436.6479591836735,3.49,"ADX-FILTER,BOLLINGER,CAMARILLA,DAILY-BIAS,FAILED-BO,FIRST-CANDLE,MACD,ORB-15,ORB-30,RSI-EXT,SR-BREAK,SUPERTREND,VPOC,VWAP-STDDEV",14,14.0,VPOC,VPOC: rejection at VPOC=1460.35,14:45,1436.6479591836735,TARGET_HIT,EXACT_WIN,7974.18,1.6,60.0,MEDIUM
2024-10-22,TORNTPOWER,LONG,09:20,1980.82,252,499166.64,1969.435,2026.36,4.0,"ASC-TRI,CAMARILLA,DAILY-BIAS,EMA-CROSS,FIRST-CANDLE,GAP-CONT,MACD,ORB-15,ORB-30,PDH-PDL,PIN-BAR,REL-STR,SR-BREAK,STOCHASTIC,SUPERTREND,VPOC,VWAP-REV,VWAP-STDDEV",18,18.0,CAMARILLA,CAMARILLA: breakout above H4=1980.82,10:00,2026.36,TARGET_HIT,EXACT_WIN,10739.22,2.15,60.0,MEDIUM
2024-10-22,INDUSINDBK,SHORT,10:10,1300.0,384,499200.0,1312.2,1275.6,2.0,"DAILY-BIAS,FIRST-CANDLE,INTRADAY-STRUCT,MACD,ORB-15,ORB-30,PDH-PDL,PIN-BAR,SR-BREAK,STOCHASTIC,SUPERTREND,VPOC",12,12.0,ORB-15,ORB-15: breakdown below 1300.00,13:25,1275.6,TARGET_HIT,EXACT_WIN,8647.14,1.73,60.0,MEDIUM
2024-10-23,AMBER,LONG,09:15,6157.295,81,498740.9,5899.6475,7187.885,4.0,"CAMARILLA,DAILY-BIAS,FIRST-CANDLE,GAP-CONT,ORB-15,ORB-30,PDH-PDL,REL-STR,SR-BREAK,VOL-SPIKE,VPOC,VWAP-REV,VWAP-STDDEV",13,13.0,CAMARILLA,CAMARILLA: breakout above H4=6157.30,09:50,5899.6475,STOP_HIT,LOSS,-21580.12,-4.33,60.0,MEDIUM
2024-10-23,UNIONBANK,SHORT,09:20,104.75,4773,499971.75,107.48966060665663,99.27067878668674,2.0,"ADX-FILTER,DAILY-BIAS,FAILED-BO,FIRST-CANDLE,MACD,PDH-PDL,REL-STR,SR-BREAK,STOCHASTIC,SUPERTREND,VWAP-REV,VWAP-STDDEV",12,12.0,SUPERTREND,"SUPERTREND: flipped bearish, ST=107.28",11:00,107.48966060665663,STOP_HIT,LOSS,-13812.75,-2.76,60.0,MEDIUM
2024-10-24,LLOYDSME,LONG,09:25,963.8,518,499248.4,958.981,995.1561224489795,6.51,"ADX-FILTER,BOLLINGER,CAMARILLA,DAILY-BIAS,EMA-CROSS,FIRST-CANDLE,INTRADAY-STRUCT,MACD,ORB-15,ORB-30,REL-STR,SUPERTREND,VPOC",13,13.0,VPOC,VPOC: rejection below VPOC=964.35,14:30,995.1561224489795,TARGET_HIT,EXACT_WIN,15501.73,3.11,60.0,MEDIUM
2024-10-24,TATACOMM,SHORT,09:25,1782.05,280,498974.0,1799.0,1748.1499999999999,2.0,"BOLLINGER,CAMARILLA,DAILY-BIAS,FAILED-BO,FIRST-CANDLE,MACD,PIN-BAR,REL-STR,RSI-EXT,STOCHASTIC,VWAP-REV,VWAP-STDDEV",12,12.0,FIRST-CANDLE,FIRST-CANDLE: break below first candle low=1782.05,11:00,1799.0,STOP_HIT,LOSS,-5476.22,-1.1,60.0,MEDIUM
2024-10-25,TORNTPHARM,LONG,09:15,3364.7375,148,497981.15,3344.86875,3444.2125000000005,4.0,"ADX-FILTER,CAMARILLA,FIRST-CANDLE,INTRADAY-STRUCT,ORB-15,ORB-30,PDH-PDL,REL-STR,SR-BREAK,STOCHASTIC,VPOC,VWAP-STDDEV",12,12.0,CAMARILLA,CAMARILLA: breakout above H4=3364.74,10:45,3344.86875,STOP_HIT,LOSS,-3664.4,-0.74,60.0,MEDIUM
2024-10-25,MUTHOOTFIN,SHORT,09:45,1928.65,259,499520.35,1947.0,1891.9500000000003,2.0,"ADX-FILTER,BEAR-ENGULF,CAMARILLA,CPR,DAILY-BIAS,DBL-TOP,FIRST-CANDLE,MACD,ORB-15,ORB-30,PDH-PDL,PIN-BAR,SR-BREAK,STOCHASTIC,SUPERTREND",15,15.0,ORB-15,ORB-15: breakdown below 1928.65,15:15,1918.4,TIME_EXIT,WIN,1928.01,0.39,60.0,MEDIUM
2024-10-28,COFORGE,LONG,09:15,1552.030612244898,322,499753.86,1546.2193877551022,1578.6938775510207,4.59,"ADX-FILTER,BOLLINGER,CPR,DAILY-BIAS,INTRADAY-STRUCT,REL-STR,RSI-EXT,SR-BREAK,VPOC,VWAP-REV,VWAP-STDDEV",11,11.0,VPOC,VPOC: breakout above VAH=1552.03,09:25,1546.2193877551022,STOP_HIT,LOSS,-2598.31,-0.52,60.0,MEDIUM
2024-10-28,ZYDUSLIFE,SHORT,09:30,983.5,508,499618.0,1002.8563749813028,944.7872500373944,2.0,"BEAR-ENGULF,CAMARILLA,DAILY-BIAS,FIRST-CANDLE,INTRADAY-STRUCT,MACD,OPEN-WEAK,PDH-PDL,PIN-BAR,REL-STR,RSI-EXT,STOCHASTIC,SUPERTREND,VWAP-REV,VWAP-STDDEV",15,15.0,SUPERTREND,"SUPERTREND: flipped bearish, ST=1000.85",12:45,1002.8563749813028,STOP_HIT,LOSS,-10567.05,-2.12,60.0,MEDIUM
2024-10-29,ICICIPRULI,LONG,13:00,756.55,660,499323.0,732.45,804.7499999999998,2.0,"ADX-FILTER,BOLLINGER,CAMARILLA,DAILY-BIAS,FIRST-CANDLE,MACD,ORB-15,ORB-30,PDH-PDL,PIN-BAR,SR-BREAK,SUPERTREND,VPOC,VWAP-STDDEV",14,14.0,ORB-15,ORB-15: breakout above 756.55 (range=24.10),15:15,765.75,TIME_EXIT,WIN,5339.21,1.07,60.0,MEDIUM
2024-10-29,PIIND,SHORT,10:45,4318.85,115,496667.75,4383.85,4188.85,2.0,"BEAR-ENGULF,CPR,DAILY-BIAS,DBL-TOP,FIRST-CANDLE,ORB-15,ORB-30,PDH-PDL,PIN-BAR,REL-STR,SR-BREAK,STOCHASTIC,SUPERTREND",13,13.0,ORB-15,ORB-15: breakdown below 4318.85,14:05,4383.85,STOP_HIT,LOSS,-8203.64,-1.65,60.0,MEDIUM
2024-10-30,MEDANTA,LONG,09:20,1077.825,463,499032.98,1071.9125,1101.4750000000001,4.0,"CAMARILLA,DAILY-BIAS,EMA-CROSS,FIRST-CANDLE,MACD,ORB-15,PDH-PDL,PIN-BAR,REL-STR,SR-BREAK,STOCHASTIC,SUPERTREND,VPOC",13,13.0,CAMARILLA,CAMARILLA: breakout above H4=1077.83,15:15,1080.6,TIME_EXIT,WIN,556.22,0.11,60.0,MEDIUM
2024-10-30,KPITTECH,SHORT,10:00,1374.5,363,498943.5,1386.8999999999999,1309.05,5.28,"ADX-FILTER,BEAR-ENGULF,BOLLINGER,CAMARILLA,CPR,DAILY-BIAS,FAILED-BO,INTRADAY-STRUCT,MACD,PIN-BAR,RSI-EXT,VWAP-REV,VWAP-STDDEV",13,13.0,BEAR-ENGULF,"Bear Engulf at resistance 1385.95, vol 1.9×",11:05,1386.8999999999999,STOP_HIT,LOSS,-5231.24,-1.05,60.0,MEDIUM
2024-10-31,TITAGARH,LONG,09:30,1211.9806122448979,412,499336.01,1206.8448979591835,1254.5336734693876,8.29,"ADX-FILTER,CAMARILLA,CPR,DBL-BTM,EMA-CROSS,FIRST-CANDLE,MACD,ORB-15,ORB-30,PDH-PDL,PIN-BAR,REL-STR,SR-BREAK,STOCHASTIC,SUPERTREND,VPOC",16,16.0,VPOC,VPOC: breakout above VAH=1211.98,10:25,1206.8448979591835,STOP_HIT,LOSS,-2842.24,-0.57,60.0,MEDIUM
2024-10-31,ALKEM,SHORT,09:30,5794.0,86,498284.0,5840.4,5701.200000000001,2.0,"BOLLINGER,DAILY-BIAS,DBL-TOP,FAILED-BO,FIRST-CANDLE,INTRADAY-STRUCT,MACD,PDH-PDL,PIN-BAR,STOCHASTIC,VPOC,VWAP-STDDEV",12,12.0,FIRST-CANDLE,FIRST-CANDLE: break below first candle low=5794.00,12:20,5840.4,STOP_HIT,LOSS,-4719.25,-0.95,60.0,MEDIUM
2024-11-04,BSE,LONG,12:05,1490.5,335,499317.5,1475.1803909737203,1521.1392180525595,2.0,"CAMARILLA,DAILY-BIAS,EMA-CROSS,FIRST-CANDLE,MACD,PDH-PDL,REL-STR,SR-BREAK,STOCHASTIC,SUPERTREND,VPOC,VWAP-REV",12,12.0,EMA-CROSS,"EMA-CROSS: 9EMA crossed above 21EMA, price above VWAP",12:55,1475.1803909737203,STOP_HIT,LOSS,-5855.99,-1.17,60.0,MEDIUM
2024-11-04,INDUSTOWER,SHORT,11:35,339.9,1471,499992.9,344.6063775561916,330.4872448876167,2.0,"BOLLINGER,CAMARILLA,DAILY-BIAS,FAILED-BO,FIRST-CANDLE,INTRADAY-STRUCT,MACD,PDH-PDL,PIN-BAR,SR-BREAK,SUPERTREND,VPOC",12,12.0,SUPERTREND,"SUPERTREND: flipped bearish, ST=343.92",15:15,337.7,TIME_EXIT,WIN,2509.15,0.5,60.0,MEDIUM
2024-11-05,SBIN,LONG,13:40,847.27,590,499889.3,838.91,880.71,4.0,"ADX-FILTER,CAMARILLA,DAILY-BIAS,DBL-BTM,EMA-CROSS,FIRST-CANDLE,MACD,ORB-15,ORB-30,PDH-PDL,PIN-BAR,SR-BREAK,STOCHASTIC,VPOC,VWAP-STDDEV",15,15.0,CAMARILLA,CAMARILLA: breakout above H4=847.27,15:15,848.35,TIME_EXIT,LOSS,-92.06,-0.02,60.0,MEDIUM
2024-11-05,BRITANNIA,SHORT,10:10,5647.9,88,497015.2,5685.184499999999,5541.85,2.84,"ADX-FILTER,BOLLINGER,DAILY-BIAS,FAILED-BO,FIRST-CANDLE,MACD,ORB-15,ORB-30,PIN-BAR,SR-BREAK,STOCHASTIC,SUPERTREND,VPOC",13,13.0,FAILED-BO,"Failed BO: bull trap above 5662.90, reversed on vol 1.9×",15:15,5600.0,TIME_EXIT,WIN,3492.77,0.7,60.0,MEDIUM
2024-11-06,DEEPAKFERT,LONG,10:05,1365.0,366,499590.0,1337.5,1475.0,4.0,"ADX-FILTER,CAMARILLA,DAILY-BIAS,FIRST-CANDLE,INTRADAY-STRUCT,MACD,ORB-15,ORB-30,PDH-PDL,PIN-BAR,REL-STR,SR-BREAK,STOCHASTIC,SUPERTREND,VPOC",15,15.0,CAMARILLA,CAMARILLA: breakout above H4=1365.00,15:15,1394.3,TIME_EXIT,WIN,9986.96,2.0,60.0,MEDIUM
2024-11-06,PHOENIXLTD,SHORT,11:35,1522.45,328,499363.6,1539.4087499999998,1463.6,3.47,"ADX-FILTER,BEAR-ENGULF,BOLLINGER,CAMARILLA,DAILY-BIAS,FAILED-BO,FIRST-CANDLE,MACD,PIN-BAR,REL-STR,RSI-EXT,SUPERTREND,VPOC,VWAP-REV,VWAP-STDDEV",15,15.0,BEAR-ENGULF,"Bear Engulf at resistance 1519.45, vol 2.0×",12:00,1539.4087499999998,STOP_HIT,LOSS,-6293.69,-1.26,60.0,MEDIUM
2024-11-07,OIL,LONG,09:30,526.8040816326532,949,499937.07,524.9724489795918,551.7142857142859,13.6,"BOLLINGER,CAMARILLA,EMA-CROSS,FIRST-CANDLE,MACD,ORB-15,PDH-PDL,REL-STR,RSI-EXT,SR-BREAK,STOCHASTIC,SUPERTREND,VPOC",13,13.0,VPOC,VPOC: breakout above VAH=526.80,10:00,524.9724489795918,STOP_HIT,LOSS,-2465.67,-0.49,60.0,MEDIUM
2024-11-07,ALKEM,SHORT,09:35,5852.15,85,497432.75,5948.485385147212,5659.479229705576,2.0,"ADX-FILTER,BOLLINGER,CAMARILLA,CPR,DAILY-BIAS,DBL-TOP,FIRST-CANDLE,INTRADAY-STRUCT,MACD,REL-STR,RSI-EXT,SR-BREAK,STOCHASTIC,SUPERTREND",14,14.0,SUPERTREND,"SUPERTREND: flipped bearish, ST=5936.61",15:15,5716.9,TIME_EXIT,WIN,10777.41,2.17,60.0,MEDIUM
2024-11-08,PAYTM,LONG,09:40,809.1071428571429,617,499219.11,807.9285714285714,822.3071428571429,11.2,"ADX-FILTER,BOLLINGER,CAMARILLA,DAILY-BIAS,EMA-CROSS,FIRST-CANDLE,MACD,ORB-15,ORB-30,PDH-PDL,REL-STR,SR-BREAK,STOCHASTIC,SUPERTREND,VPOC",15,15.0,VPOC,VPOC: breakout above VAH=809.11,09:50,822.3071428571429,TARGET_HIT,EXACT_WIN,7410.11,1.48,60.0,MEDIUM
2024-11-08,EICHERMOT,SHORT,11:35,4828.0,103,497284.0,4877.95,4728.1,2.0,"ADX-FILTER,CPR,FIRST-CANDLE,ORB-15,ORB-30,PDH-PDL,PIN-BAR,SR-BREAK,STOCHASTIC,VPOC,VWAP-STDDEV",11,11.0,ORB-15,ORB-15: breakdown below 4828.00,15:15,4783.0,TIME_EXIT,WIN,3912.44,0.79,60.0,MEDIUM
2024-11-11,BAJAJ-AUTO,LONG,12:15,9682.5,51,493807.5,9558.0,9931.5,2.0,"BOLLINGER,CAMARILLA,EMA-CROSS,FIRST-CANDLE,MACD,ORB-15,ORB-30,PDH-PDL,PIN-BAR,REL-STR,RSI-EXT,SR-BREAK,STOCHASTIC,SUPERTREND,VPOC,VWAP-STDDEV",16,16.0,ORB-15,ORB-15: breakout above 9682.50 (range=124.50),15:15,9673.0,TIME_EXIT,LOSS,-1204.58,-0.24,60.0,MEDIUM
2024-11-11,LALPATHLAB,SHORT,11:45,1511.9,330,498927.0,1577.6200000000001,1197.2999999999997,4.79,"BEAR-FLAG,CAMARILLA,DAILY-BIAS,DESC-TRI,FAILED-BO,OPEN-WEAK,ORB-15,ORB-30,PDH-PDL,PIN-BAR,SR-BREAK,STOCHASTIC,VWAP-STDDEV",13,13.0,DESC-TRI,Descending Triangle: breakdown below support 1512.15,15:15,1504.4,TIME_EXIT,WIN,1748.97,0.35,60.0,MEDIUM
2024-11-12,CAMS,LONG,09:15,950.9387755102041,525,499242.86,948.795918367347,965.0204081632653,6.57,"CAMARILLA,CPR,DAILY-BIAS,FIRST-CANDLE,ORB-30,PDH-PDL,PIN-BAR,REL-STR,SR-BREAK,STOCHASTIC,VPOC,VWAP-REV,VWAP-STDDEV",13,13.0,VPOC,VPOC: breakout above VAH=950.94,09:45,965.0204081632653,TARGET_HIT,EXACT_WIN,6659.13,1.33,60.0,MEDIUM
2024-11-12,COALINDIA,SHORT,12:45,409.15,1222,499981.3,413.6,400.2499999999999,2.0,"BEAR-FLAG,CAMARILLA,DAILY-BIAS,FIRST-CANDLE,INTRADAY-STRUCT,MACD,ORB-30,PDH-PDL,PIN-BAR,SR-BREAK,STOCHASTIC,SUPERTREND,VPOC",13,13.0,ORB-30,ORB-30: breakdown below 409.15,15:15,402.65,TIME_EXIT,WIN,7218.66,1.44,60.0,MEDIUM
2024-11-13,CUB,LONG,09:15,173.99,2873,499873.27,173.12005000000002,175.9030612244898,2.2,"BOLLINGER,CAMARILLA,DAILY-BIAS,MACD,PIN-BAR,RSI-EXT,SUPERTREND,VPOC,VWAP-REV,VWAP-STDDEV",10,10.0,VPOC,VPOC: rejection below VPOC=174.28,09:40,173.12005000000002,STOP_HIT,LOSS,-3226.12,-0.65,60.0,MEDIUM
2024-11-13,ASTRAL,SHORT,09:20,1751.0,285,499035.0,1763.3729999999998,1711.85,3.16,"ADX-FILTER,BOLLINGER,DAILY-BIAS,DBL-TOP,DESC-TRI,FAILED-BO,MACD,ORB-15,ORB-30,SR-BREAK,SUPERTREND,VPOC",12,12.0,FAILED-BO,"Failed BO: bull trap above 1751.75, reversed on vol 1.4×",15:15,1729.3,TIME_EXIT,WIN,5460.44,1.09,60.0,MEDIUM
2024-11-14,NEULANDLAB,LONG,09:50,15001.261224489795,33,495041.62,14989.162244897958,15315.83469387755,26.0,"BOLLINGER,CAMARILLA,DAILY-BIAS,EMA-CROSS,FIRST-CANDLE,MACD,ORB-15,ORB-30,RSI-EXT,SR-BREAK,SUPERTREND,VPOC",12,12.0,VPOC,VPOC: breakout above VAH=15001.26,09:55,14989.162244897958,STOP_HIT,LOSS,-1121.1,-0.23,60.0,MEDIUM
2024-11-14,BHARATFORG,SHORT,12:35,1321.5,378,499527.0,1343.25,1278.0,2.0,"ADX-FILTER,BOLLINGER,CAMARILLA,DAILY-BIAS,FIRST-CANDLE,INTRADAY-STRUCT,MACD,ORB-15,ORB-30,PDH-PDL,SR-BREAK,STOCHASTIC,SUPERTREND,VWAP-REV",14,14.0,ORB-15,ORB-15: breakdown below 1321.50,13:20,1343.25,STOP_HIT,LOSS,-8954.47,-1.79,60.0,MEDIUM
2024-11-18,AMBER,LONG,09:15,6157.445000000001,81,498753.05,6121.7225,6300.335000000002,4.0,"CAMARILLA,DBL-BTM,FIRST-CANDLE,ORB-15,ORB-30,PDH-PDL,PIN-BAR,REL-STR,SR-BREAK,STOCHASTIC,VPOC,VWAP-STDDEV",12,12.0,CAMARILLA,CAMARILLA: breakout above H4=6157.45,11:45,6300.335000000002,TARGET_HIT,EXACT_WIN,10837.72,2.17,60.0,MEDIUM
2024-11-18,LALPATHLAB,SHORT,09:15,1478.8,338,499834.4,1566.207,1188.4500000000003,3.32,"BEAR-ENGULF,DAILY-BIAS,DESC-TRI,FIRST-CANDLE,INTRADAY-STRUCT,MACD,ORB-15,PDH-PDL,PIN-BAR,RSI-EXT,SR-BREAK,SUPERTREND,VWAP-REV,VWAP-STDDEV",14,14.0,DESC-TRI,Descending Triangle: breakdown below support 1507.73,15:15,1482.3,TIME_EXIT,LOSS,-1912.36,-0.38,60.0,MEDIUM
2024-11-19,DEEPAKFERT,LONG,09:20,1318.8025,379,499826.15,1299.40125,1396.4075,4.0,"CAMARILLA,DAILY-BIAS,EMA-CROSS,FIRST-CANDLE,PDH-PDL,PIN-BAR,REL-STR,RSI-EXT,SR-BREAK,STOCHASTIC,VPOC,VWAP-REV,VWAP-STDDEV",13,13.0,CAMARILLA,CAMARILLA: breakout above H4=1318.80,13:35,1299.40125,STOP_HIT,LOSS,-8075.93,-1.62,60.0,MEDIUM
2024-11-19,ICICIBANK,SHORT,10:15,1250.25,399,498849.75,1260.6995713966544,1229.3508572066912,2.0,"ADX-FILTER,BOLLINGER,CAMARILLA,DAILY-BIAS,FIRST-CANDLE,MACD,PDH-PDL,PIN-BAR,REL-STR,STOCHASTIC,SUPERTREND,VPOC",12,12.0,SUPERTREND,"SUPERTREND: flipped bearish, ST=1258.18",15:15,1248.1,TIME_EXIT,WIN,131.0,0.03,60.0,MEDIUM
2024-11-21,INDHOTEL,LONG,09:15,760.95,657,499944.15,757.7816326530613,779.5377551020409,5.87,"CAMARILLA,CPR,DAILY-BIAS,EMA-CROSS,FIRST-CANDLE,GAP-CONT,MACD,ORB-15,ORB-30,PDH-PDL,REL-STR,SR-BREAK,STOCHASTIC,VOL-SPIKE,VPOC",15,15.0,VPOC,VPOC: breakout above VAH=760.95,11:15,779.5377551020409,TARGET_HIT,EXACT_WIN,11473.65,2.29,60.0,MEDIUM
2024-11-21,DLF,SHORT,09:35,754.0,663,499902.0,766.95,728.0999999999999,2.0,"ADX-FILTER,DAILY-BIAS,DBL-TOP,FIRST-CANDLE,ORB-15,PDH-PDL,PIN-BAR,REL-STR,SR-BREAK,STOCHASTIC,VWAP-REV,VWAP-STDDEV",12,12.0,ORB-15,ORB-15: breakdown below 754.00,11:05,766.95,STOP_HIT,LOSS,-9319.54,-1.86,60.0,MEDIUM
2024-11-22,LTM,LONG,09:20,5947.26,84,499569.84,5920.255,6055.280000000001,4.0,"ADX-FILTER,CAMARILLA,DAILY-BIAS,DBL-BTM,FIRST-CANDLE,GAP-CONT,INTRADAY-STRUCT,MACD,ORB-15,ORB-30,PDH-PDL,SR-BREAK,STOCHASTIC,SUPERTREND,VPOC",15,15.0,CAMARILLA,CAMARILLA: breakout above H4=5947.26,10:00,6055.280000000001,TARGET_HIT,EXACT_WIN,8338.17,1.67,60.0,MEDIUM
2024-11-22,ASTRAL,SHORT,09:50,1715.0,291,499065.0,1777.2465000000002,1511.4750000000001,3.27,"ADX-FILTER,BOLLINGER,CAMARILLA,DAILY-BIAS,DBL-TOP,DESC-TRI,FAILED-BO,MACD,RSI-EXT,SUPERTREND,VWAP-REV,VWAP-STDDEV",12,12.0,DESC-TRI,Descending Triangle: breakdown below support 1716.96,15:15,1761.25,TIME_EXIT,LOSS,-14194.08,-2.84,60.0,MEDIUM
2024-11-25,POLICYBZR,LONG,09:35,1789.3300000000002,279,499223.07,1767.165,1877.9900000000005,4.0,"ADX-FILTER,CAMARILLA,DAILY-BIAS,DBL-BTM,FIRST-CANDLE,GAP-CONT,INTRADAY-STRUCT,ORB-15,ORB-30,PDH-PDL,REL-STR,STOCHASTIC,VPOC,VWAP-REV,VWAP-STDDEV",15,18.0,CAMARILLA,CAMARILLA: breakout above H4=1789.33,10:35,1767.165,STOP_HIT,LOSS,-6906.99,-1.38,60.0,MEDIUM
2024-11-25,JPPOWER,SHORT,13:15,16.33,30618,499991.94,16.45185,16.08,2.05,"BEAR-ENGULF,BOLLINGER,DAILY-BIAS,FIRST-CANDLE,GAP-FADE,INTRADAY-STRUCT,MACD,PIN-BAR,REL-STR,RSI-EXT,SR-BREAK,SUPERTREND",12,12.0,BEAR-ENGULF,"Bear Engulf at resistance 16.43, vol 2.1×",15:15,16.27,TIME_EXIT,WIN,1109.23,0.22,60.0,MEDIUM
2024-11-26,BEML,LONG,09:45,2020.045,247,498951.11,1994.7725,2121.135,4.0,"ADX-FILTER,CAMARILLA,DAILY-BIAS,EMA-CROSS,FIRST-CANDLE,MACD,ORB-15,ORB-30,PDH-PDL,PIN-BAR,REL-STR,SR-BREAK,STOCHASTIC,SUPERTREND,VPOC",15,15.0,CAMARILLA,CAMARILLA: breakout above H4=2020.05,15:15,2006.6,TIME_EXIT,LOSS,-4045.77,-0.81,60.0,MEDIUM
2024-11-26,NATCOPHARM,SHORT,10:15,1354.3,369,499736.7,1377.6274092240542,1307.6451815518915,2.0,"ADX-FILTER,BEAR-ENGULF,BOLLINGER,CAMARILLA,DAILY-BIAS,FIRST-CANDLE,MACD,PDH-PDL,PIN-BAR,SR-BREAK,STOCHASTIC,SUPERTREND",12,12.0,SUPERTREND,"SUPERTREND: flipped bearish, ST=1374.88",15:15,1355.15,TIME_EXIT,LOSS,-1042.38,-0.21,60.0,MEDIUM
2024-11-27,PAYTM,LONG,10:40,906.6142857142856,551,499544.47,900.4586734693877,933.1806122448978,4.32,"ADX-FILTER,DAILY-BIAS,DBL-BTM,EMA-CROSS,INTRADAY-STRUCT,MACD,ORB-15,ORB-30,PDH-PDL,PIN-BAR,SR-BREAK,STOCHASTIC,SUPERTREND,VPOC",14,14.0,VPOC,VPOC: breakout above VAH=906.61,11:15,900.4586734693877,STOP_HIT,LOSS,-4117.35,-0.82,60.0,MEDIUM
2024-11-27,AUROPHARMA,SHORT,11:45,1225.0,408,499800.0,1235.45,1204.1,2.0,"ADX-FILTER,BEAR-ENGULF,BOLLINGER,CAMARILLA,DAILY-BIAS,FAILED-BO,FIRST-CANDLE,ORB-15,ORB-30,PIN-BAR,SR-BREAK,STOCHASTIC,SUPERTREND",13,13.0,ORB-15,ORB-15: breakdown below 1225.00,15:15,1222.7,TIME_EXIT,WIN,210.3,0.04,60.0,MEDIUM
2024-11-28,TATACHEM,LONG,09:25,1114.5061224489796,448,499298.74,1105.8948979591837,1141.8244897959182,3.17,"CPR,DAILY-BIAS,DBL-BTM,EMA-CROSS,FIRST-CANDLE,MACD,PDH-PDL,REL-STR,SR-BREAK,STOCHASTIC,SUPERTREND,VPOC,VWAP-STDDEV",13,13.0,VPOC,VPOC: breakout above VAH=1114.51,12:35,1105.8948979591837,STOP_HIT,LOSS,-4582.73,-0.92,60.0,MEDIUM
2024-11-28,PIIND,SHORT,10:35,4093.8,122,499443.6,4135.575049053011,4010.249901893979,2.0,"ADX-FILTER,BEAR-ENGULF,BOLLINGER,CAMARILLA,DAILY-BIAS,FAILED-BO,FIRST-CANDLE,MACD,PDH-PDL,PIN-BAR,REL-STR,SR-BREAK,SUPERTREND,VPOC",14,14.0,SUPERTREND,"SUPERTREND: flipped bearish, ST=4127.32",15:15,4040.0,TIME_EXIT,WIN,5839.2,1.17,60.0,MEDIUM
2024-11-29,POLICYBZR,LONG,09:55,1910.3928571428573,261,498612.54,1891.5892857142858,2018.2000000000005,5.73,"CAMARILLA,CPR,DAILY-BIAS,DBL-BTM,FIRST-CANDLE,MACD,ORB-15,ORB-30,PDH-PDL,PIN-BAR,REL-STR,SR-BREAK,STOCHASTIC,SUPERTREND,VPOC",15,15.0,VPOC,VPOC: breakout above VAH=1910.39,10:15,1891.5892857142858,STOP_HIT,LOSS,-5630.86,-1.13,60.0,MEDIUM
2024-11-29,MOTHERSON,SHORT,12:50,107.67,4643,499911.81,108.66,105.69000000000001,2.0,"ADX-FILTER,CAMARILLA,DAILY-BIAS,FAILED-BO,FIRST-CANDLE,INTRADAY-STRUCT,ORB-30,PDH-PDL,PIN-BAR,REL-STR,SR-BREAK,STOCHASTIC,SUPERTREND,VPOC",14,14.0,ORB-30,ORB-30: breakdown below 107.67,15:15,108.19,TIME_EXIT,LOSS,-3144.53,-0.63,60.0,MEDIUM
2024-12-02,LODHA,LONG,09:40,1280.65,390,499453.5,1263.325,1349.9500000000003,4.0,"ASC-TRI,CAMARILLA,DAILY-BIAS,DBL-BTM,EMA-CROSS,FIRST-CANDLE,MACD,ORB-15,ORB-30,PDH-PDL,PIN-BAR,REL-STR,SR-BREAK,STOCHASTIC,SUPERTREND,VPOC",16,16.0,CAMARILLA,CAMARILLA: breakout above H4=1280.65,15:15,1292.75,TIME_EXIT,WIN,3987.1,0.8,60.0,MEDIUM
2024-12-02,BHARATFORG,SHORT,10:05,1315.25,380,499795.0,1332.8,1280.15,2.0,"DAILY-BIAS,FIRST-CANDLE,OPEN-WEAK,ORB-15,ORB-30,PDH-PDL,REL-STR,SR-BREAK,STOCHASTIC,VWAP-STDDEV",10,10.0,ORB-15,ORB-15: breakdown below 1315.25,14:15,1332.8,STOP_HIT,LOSS,-7401.44,-1.48,60.0,MEDIUM
2024-12-03,BSOFT,LONG,09:40,605.7325,825,499729.31,601.0162499999999,624.5975,4.0,"CAMARILLA,CPR,DAILY-BIAS,DBL-BTM,EMA-CROSS,FIRST-CANDLE,MACD,ORB-15,ORB-30,PDH-PDL,PIN-BAR,REL-STR,STOCHASTIC,SUPERTREND,VPOC",15,15.0,CAMARILLA,CAMARILLA: breakout above H4=605.73,12:20,601.0162499999999,STOP_HIT,LOSS,-4616.37,-0.92,60.0,MEDIUM
2024-12-03,ADANIENT,SHORT,09:40,2397.4,208,498659.2,2412.177551020408,2357.430612244898,2.7,"ADX-FILTER,BOLLINGER,CAMARILLA,DAILY-BIAS,INTRADAY-STRUCT,MACD,PIN-BAR,RSI-EXT,SUPERTREND,VPOC,VWAP-REV,VWAP-STDDEV",12,12.0,VPOC,VPOC: rejection at VPOC=2393.66,10:15,2412.177551020408,STOP_HIT,LOSS,-3802.57,-0.76,60.0,MEDIUM
2024-12-04,FEDERALBNK,LONG,09:35,211.52700000000002,2363,499838.3,210.6635,214.98100000000002,4.0,"ADX-FILTER,CAMARILLA,DAILY-BIAS,DBL-BTM,FIRST-CANDLE,INTRADAY-STRUCT,ORB-15,ORB-30,PDH-PDL,PIN-BAR,REL-STR,SR-BREAK,STOCHASTIC,SUPERTREND,VPOC",15,15.0,CAMARILLA,CAMARILLA: breakout above H4=211.53,13:35,214.98100000000002,TARGET_HIT,EXACT_WIN,7426.65,1.49,60.0,MEDIUM
2024-12-04,ITC,SHORT,11:55,391.05,1278,499761.9,393.0,387.15000000000003,2.0,"BEAR-ENGULF,BOLLINGER,CAMARILLA,DAILY-BIAS,INTRADAY-STRUCT,MACD,ORB-15,ORB-30,PIN-BAR,RSI-EXT,SR-BREAK,SUPERTREND,VWAP-STDDEV",13,13.0,ORB-15,ORB-15: breakdown below 391.05,14:25,387.15000000000003,TARGET_HIT,EXACT_WIN,4258.46,0.85,60.0,MEDIUM
2024-12-05,HCLTECH,LONG,09:15,1900.0938775510203,263,499724.69,1899.7530612244898,1913.0448979591836,38.0,"ASC-TRI,BOLLINGER,CAMARILLA,CPR,DAILY-BIAS,EMA-CROSS,FIRST-CANDLE,ORB-15,ORB-30,PDH-PDL,REL-STR,SR-BREAK,VPOC,VWAP-STDDEV",14,14.0,VPOC,VPOC: breakout above VAH=1900.09,09:20,1899.7530612244898,STOP_HIT,LOSS,-818.1,-0.16,60.0,MEDIUM
2024-12-05,AARTIIND,SHORT,10:50,448.0,1116,499968.0,450.95,442.1,2.0,"BOLLINGER,CAMARILLA,DAILY-BIAS,FAILED-BO,FIRST-CANDLE,MACD,ORB-15,ORB-30,PDH-PDL,PIN-BAR,REL-STR,SR-BREAK,SUPERTREND,VPOC",14,14.0,ORB-15,ORB-15: breakdown below 448.00,12:00,442.1,TARGET_HIT,EXACT_WIN,5859.3,1.17,60.0,MEDIUM
2024-12-06,ANGELONE,LONG,11:00,323.6591836734694,1544,499729.78,322.1877551020408,338.79387755102044,10.29,"ADX-FILTER,BOLLINGER,CAMARILLA,CPR,DAILY-BIAS,MACD,PDH-PDL,RSI-EXT,SR-BREAK,STOCHASTIC,SUPERTREND,VOL-SPIKE,VPOC",13,13.0,VPOC,VPOC: breakout above VAH=323.66,15:15,330.2,TIME_EXIT,WIN,9362.48,1.87,60.0,MEDIUM
2024-12-06,INDUSINDBK,SHORT,10:05,996.2,501,499096.2,1000.35,987.9000000000001,2.0,"ADX-FILTER,BEAR-ENGULF,DAILY-BIAS,FAILED-BO,FIRST-CANDLE,ORB-15,ORB-30,PDH-PDL,PIN-BAR,REL-STR,SR-BREAK,STOCHASTIC",12,12.0,ORB-15,ORB-15: breakdown below 996.20,10:15,987.9000000000001,TARGET_HIT,EXACT_WIN,3433.0,0.69,60.0,MEDIUM
2024-12-09,HINDPETRO,LONG,10:20,393.5225,1270,499773.57,390.78625,404.4674999999999,4.0,"ADX-FILTER,CAMARILLA,CPR,DAILY-BIAS,DBL-BTM,EMA-CROSS,FIRST-CANDLE,INTRADAY-STRUCT,MACD,PDH-PDL,PIN-BAR,REL-STR,SR-BREAK,STOCHASTIC,SUPERTREND,VWAP-STDDEV",16,16.0,CAMARILLA,CAMARILLA: breakout above H4=393.52,10:55,390.78625,STOP_HIT,LOSS,-4200.89,-0.84,60.0,MEDIUM
2024-12-09,COROMANDEL,SHORT,10:00,1751.0,285,499035.0,1771.7,1709.6,2.0,"CAMARILLA,DBL-TOP,FAILED-BO,FIRST-CANDLE,OPEN-WEAK,ORB-15,ORB-30,PDH-PDL,PIN-BAR,SR-BREAK,STOCHASTIC,VWAP-STDDEV",12,12.0,ORB-15,ORB-15: breakdown below 1751.00,13:05,1771.7,STOP_HIT,LOSS,-6630.47,-1.33,60.0,MEDIUM
2024-12-10,PIDILITIND,LONG,09:15,1580.8285714285714,316,499541.83,1580.580612244898,1592.234693877551,46.0,"ADX-FILTER,CAMARILLA,DAILY-BIAS,DBL-BTM,FIRST-CANDLE,INTRADAY-STRUCT,ORB-15,ORB-30,PDH-PDL,PIN-BAR,REL-STR,SR-BREAK,STOCHASTIC,VPOC",14,14.0,VPOC,VPOC: breakout above VAH=1580.83,09:20,1592.234693877551,TARGET_HIT,EXACT_WIN,2873.2,0.58,60.0,MEDIUM
2024-12-10,FIVESTAR,SHORT,12:25,629.25,794,499624.5,664.984,348.29999999999995,7.86,"BOLLINGER,CAMARILLA,DAILY-BIAS,DESC-TRI,FIRST-CANDLE,MACD,ORB-15,ORB-30,PDH-PDL,SR-BREAK,STOCHASTIC,SUPERTREND,VPOC",13,13.0,DESC-TRI,Descending Triangle: breakdown below support 629.42,15:15,633.3,TIME_EXIT,LOSS,-3945.94,-0.79,60.0,MEDIUM
2024-12-11,VOLTAS,LONG,10:20,1769.95,282,499125.9,1757.8,1794.2500000000002,2.0,"ADX-FILTER,BOLLINGER,CAMARILLA,DAILY-BIAS,DBL-BTM,INTRADAY-STRUCT,MACD,ORB-15,ORB-30,PDH-PDL,SR-BREAK,STOCHASTIC,SUPERTREND,VPOC",14,14.0,ORB-15,ORB-15: breakout above 1769.95 (range=12.15),15:10,1794.2500000000002,TARGET_HIT,EXACT_WIN,6119.46,1.23,60.0,MEDIUM
2024-12-11,HFCL,SHORT,09:30,126.25,3960,499950.0,128.43936776426892,121.87126447146215,2.0,"ADX-FILTER,DAILY-BIAS,DBL-TOP,FAILED-BO,FIRST-CANDLE,MACD,PDH-PDL,REL-STR,SR-BREAK,STOCHASTIC,SUPERTREND",11,11.0,SUPERTREND,"SUPERTREND: flipped bearish, ST=128.18",15:15,126.57,TIME_EXIT,LOSS,-1996.77,-0.4,60.0,MEDIUM
2024-12-12,HINDPETRO,LONG,11:35,399.55,1251,499837.05,395.7,407.25000000000006,2.0,"BOLLINGER,CAMARILLA,DAILY-BIAS,DBL-BTM,EMA-CROSS,FIRST-CANDLE,INTRADAY-STRUCT,MACD,ORB-15,ORB-30,PDH-PDL,PIN-BAR,RSI-EXT,SR-BREAK,STOCHASTIC,SUPERTREND,VPOC",17,17.0,ORB-15,ORB-15: breakout above 399.55 (range=3.85),15:15,401.4,TIME_EXIT,WIN,1583.83,0.32,60.0,MEDIUM
2024-12-12,AUROPHARMA,SHORT,09:15,1226.9,407,499348.3,1279.2155,1012.0999999999999,4.11,"ADX-FILTER,CAMARILLA,DAILY-BIAS,DBL-TOP,DESC-TRI,FIRST-CANDLE,INTRADAY-STRUCT,MACD,ORB-15,ORB-30,PDH-PDL,SR-BREAK,STOCHASTIC,VPOC",14,14.0,DESC-TRI,Descending Triangle: breakdown below support 1227.05,15:15,1214.75,TIME_EXIT,WIN,4219.86,0.85,60.0,MEDIUM
2024-12-13,BHARTIARTL,LONG,09:45,1613.8795918367348,309,498688.79,1613.477551020408,1630.7653061224491,42.0,"ADX-FILTER,ASC-TRI,CAMARILLA,DAILY-BIAS,FIRST-CANDLE,INTRADAY-STRUCT,MACD,ORB-15,ORB-30,PDH-PDL,REL-STR,SR-BREAK,STOCHASTIC,VPOC",14,14.0,VPOC,VPOC: breakout above VAH=1613.88,10:00,1630.7653061224491,TARGET_HIT,EXACT_WIN,4486.43,0.9,60.0,MEDIUM
2024-12-13,PIIND,SHORT,09:20,4047.0,123,497781.0,4186.6015,3380.375,4.78,"ADX-FILTER,DAILY-BIAS,DBL-TOP,DESC-TRI,FIRST-CANDLE,INTRADAY-STRUCT,MACD,ORB-15,ORB-30,PDH-PDL,REL-STR,SR-BREAK,STOCHASTIC,SUPERTREND",14,14.0,DESC-TRI,Descending Triangle: breakdown below support 4047.69,15:15,3994.2,TIME_EXIT,WIN,5772.23,1.16,60.0,MEDIUM
2024-12-16,TITAGARH,LONG,09:30,1327.34,376,499079.84,1316.67,1370.0199999999998,4.0,"BULL-FLAG,CAMARILLA,DAILY-BIAS,EMA-CROSS,FIRST-CANDLE,MACD,ORB-15,ORB-30,PDH-PDL,PIN-BAR,REL-STR,SR-BREAK,STOCHASTIC,SUPERTREND,VPOC",15,15.0,CAMARILLA,CAMARILLA: breakout above H4=1327.34,15:15,1337.5,TIME_EXIT,WIN,3089.48,0.62,60.0,MEDIUM
2024-12-16,TATATECH,SHORT,10:55,935.5,534,499557.0,969.6,835.7750000000001,2.92,"ADX-FILTER,BOLLINGER,CAMARILLA,DAILY-BIAS,DESC-TRI,FIRST-CANDLE,MACD,PDH-PDL,PIN-BAR,SR-BREAK,SUPERTREND,VPOC",12,12.0,DESC-TRI,Descending Triangle: breakdown below support 936.89,15:15,932.95,TIME_EXIT,WIN,634.17,0.13,60.0,MEDIUM
2024-12-17,COROMANDEL,LONG,12:15,1834.4,272,498956.8,1811.7,1879.8000000000002,2.0,"ASC-TRI,DAILY-BIAS,DBL-BTM,FIRST-CANDLE,MACD,ORB-30,PDH-PDL,PIN-BAR,STOCHASTIC,VOL-SPIKE,VPOC,VWAP-REV,VWAP-STDDEV",13,13.0,ORB-30,ORB-30: breakout above 1834.40 (range=22.70),12:40,1811.7,STOP_HIT,LOSS,-6897.0,-1.38,60.0,MEDIUM
2024-12-17,TATATECH,SHORT,09:15,934.65,534,499103.1,964.55,835.7750000000001,3.31,"CAMARILLA,DAILY-BIAS,DBL-TOP,DESC-TRI,FIRST-CANDLE,MACD,ORB-15,ORB-30,PDH-PDL,SR-BREAK,STOCHASTIC,SUPERTREND,VPOC",13,13.0,DESC-TRI,Descending Triangle: breakdown below support 936.89,15:15,934.95,TIME_EXIT,LOSS,-887.98,-0.18,60.0,MEDIUM
2024-12-18,LLOYDSME,LONG,11:15,1165.0,429,499785.0,1145.4,1204.1999999999998,2.0,"BOLLINGER,BULL-FLAG,DAILY-BIAS,FIRST-CANDLE,GAP-CONT,MACD,ORB-15,ORB-30,PDH-PDL,PIN-BAR,RSI-EXT,STOCHASTIC,SUPERTREND,VPOC",14,14.0,ORB-15,ORB-15: breakout above 1165.00 (range=19.60),15:15,1177.5,TIME_EXIT,WIN,4629.64,0.93,60.0,MEDIUM
2024-12-18,DABUR,SHORT,11:05,505.0,990,499950.0,508.7,497.6,2.0,"ADX-FILTER,BEAR-ENGULF,BOLLINGER,CAMARILLA,DAILY-BIAS,FAILED-BO,FIRST-CANDLE,MACD,ORB-15,ORB-30,PDH-PDL,PIN-BAR,REL-STR,SR-BREAK,STOCHASTIC,VPOC,VWAP-STDDEV",17,17.0,ORB-15,ORB-15: breakdown below 505.00,15:15,505.1,TIME_EXIT,LOSS,-827.9,-0.17,60.0,MEDIUM
2024-12-19,TRENT,LONG,11:50,4720.0,105,495600.0,4661.1,4837.799999999999,2.0,"CAMARILLA,CPR,DAILY-BIAS,DBL-BTM,EMA-CROSS,FIRST-CANDLE,MACD,ORB-15,ORB-30,REL-STR,SR-BREAK,STOCHASTIC,SUPERTREND,VPOC",14,14.0,ORB-15,ORB-15: breakout above 4720.00 (range=58.90),15:15,4728.2,TIME_EXIT,WIN,137.41,0.03,60.0,MEDIUM
2024-12-19,NESTLEIND,SHORT,11:05,1084.5,461,499954.5,1097.1,1059.3000000000002,2.0,"ADX-FILTER,DAILY-BIAS,DBL-TOP,DESC-TRI,FIRST-CANDLE,OPEN-WEAK,ORB-15,ORB-30,PDH-PDL,PIN-BAR,REL-STR,SR-BREAK,STOCHASTIC",13,13.0,ORB-15,ORB-15: breakdown below 1084.50,15:15,1079.7,TIME_EXIT,WIN,1485.22,0.3,60.0,MEDIUM
2024-12-20,ASTERDM,LONG,09:15,499.83750000000003,1000,499837.5,496.19375,514.4125000000001,4.0,"CAMARILLA,DAILY-BIAS,DBL-BTM,FIRST-CANDLE,ORB-15,ORB-30,PDH-PDL,PIN-BAR,REL-STR,SR-BREAK,STOCHASTIC,VPOC,VWAP-STDDEV",13,13.0,CAMARILLA,CAMARILLA: breakout above H4=499.84,13:15,496.19375,STOP_HIT,LOSS,-4369.55,-0.87,60.0,MEDIUM
2024-12-20,CHOLAFIN,SHORT,09:55,1222.65,408,498841.2,1231.07475,1203.25,2.3,"BEAR-ENGULF,BOLLINGER,DAILY-BIAS,FAILED-BO,INTRADAY-STRUCT,MACD,ORB-30,PIN-BAR,RSI-EXT,SR-BREAK,SUPERTREND,VPOC,VWAP-STDDEV",13,13.0,FAILED-BO,"Failed BO: bull trap above 1226.70, reversed on vol 3.7×",13:40,1203.25,TARGET_HIT,EXACT_WIN,7192.4,1.44,60.0,MEDIUM
2024-12-23,IGL,LONG,10:00,194.2,2574,499870.8,193.22899999999998,197.16836734693877,3.06,"BOLLINGER,CAMARILLA,DAILY-BIAS,EMA-CROSS,FIRST-CANDLE,MACD,ORB-15,ORB-30,PIN-BAR,REL-STR,RSI-EXT,SR-BREAK,STOCHASTIC,SUPERTREND,VPOC",15,15.0,VPOC,VPOC: rejection below VPOC=194.55,10:10,197.16836734693877,TARGET_HIT,EXACT_WIN,6905.79,1.38,60.0,MEDIUM
2024-12-23,CANBK,SHORT,11:10,97.53,5126,499938.78,98.18849999999999,95.93,2.43,"ADX-FILTER,BOLLINGER,CAMARILLA,DAILY-BIAS,FAILED-BO,FIRST-CANDLE,INTRADAY-STRUCT,MACD,ORB-15,PDH-PDL,PIN-BAR,REL-STR,SR-BREAK,STOCHASTIC,VWAP-REV,VWAP-STDDEV",16,16.0,FAILED-BO,"Failed BO: bull trap above 97.60, reversed on vol 1.4×",13:15,98.18849999999999,STOP_HIT,LOSS,-4106.23,-0.82,60.0,MEDIUM
2024-12-24,CROMPTON,LONG,10:00,390.45,1280,499776.0,386.15,399.05,2.0,"BOLLINGER,CAMARILLA,EMA-CROSS,FIRST-CANDLE,INTRADAY-STRUCT,MACD,ORB-15,ORB-30,PDH-PDL,PIN-BAR,REL-STR,RSI-EXT,STOCHASTIC,SUPERTREND,VPOC",15,15.0,ORB-15,ORB-15: breakout above 390.45 (range=4.30),15:15,395.35,TIME_EXIT,WIN,5538.43,1.11,60.0,MEDIUM
2024-12-24,AMBUJACEM,SHORT,09:30,549.15,910,499726.5,557.0,533.4499999999999,2.0,"ADX-FILTER,CPR,DAILY-BIAS,DBL-TOP,FAILED-BO,FIRST-CANDLE,INTRADAY-STRUCT,MACD,ORB-15,ORB-30,PDH-PDL,PIN-BAR,REL-STR,SR-BREAK,STOCHASTIC,SUPERTREND,VPOC",17,17.0,ORB-15,ORB-15: breakdown below 549.15,15:15,542.85,TIME_EXIT,WIN,5007.74,1.0,60.0,MEDIUM
2024-12-26,FIVESTAR,LONG,09:30,769.7081632653061,649,499540.6,769.2489795918367,779.1979591836734,20.67,"ADX-FILTER,BOLLINGER,CAMARILLA,DAILY-BIAS,EMA-CROSS,FIRST-CANDLE,MACD,ORB-15,ORB-30,PDH-PDL,PIN-BAR,REL-STR,RSI-EXT,SR-BREAK,SUPERTREND,VPOC",16,16.0,VPOC,VPOC: breakout above VAH=769.71,09:35,779.1979591836734,TARGET_HIT,EXACT_WIN,5425.72,1.09,60.0,MEDIUM
2024-12-26,INDUSINDBK,SHORT,13:05,936.35,533,499074.55,945.0,919.0500000000001,2.0,"ADX-FILTER,BOLLINGER,CAMARILLA,DAILY-BIAS,DBL-TOP,FIRST-CANDLE,INTRADAY-STRUCT,MACD,ORB-15,ORB-30,PDH-PDL,PIN-BAR,SR-BREAK,STOCHASTIC,SUPERTREND,VPOC",16,16.0,ORB-15,ORB-15: breakdown below 936.35,15:15,932.0,TIME_EXIT,WIN,1592.23,0.32,60.0,MEDIUM
2024-12-27,IPCALAB,LONG,09:30,1599.4075,312,499015.14,1590.7037500000001,1634.2225,4.0,"ADX-FILTER,CAMARILLA,DAILY-BIAS,DBL-BTM,EMA-CROSS,FIRST-CANDLE,ORB-15,ORB-30,PDH-PDL,PIN-BAR,REL-STR,SR-BREAK,STOCHASTIC,VPOC",14,14.0,CAMARILLA,CAMARILLA: breakout above H4=1599.41,15:15,1628.9,TIME_EXIT,WIN,8466.81,1.7,60.0,MEDIUM
2024-12-27,LTM,SHORT,11:35,5751.85,86,494659.1,5819.95,5615.6500000000015,2.0,"ADX-FILTER,BOLLINGER,CAMARILLA,DAILY-BIAS,FAILED-BO,FIRST-CANDLE,INTRADAY-STRUCT,MACD,ORB-15,ORB-30,PIN-BAR,SR-BREAK,SUPERTREND,VPOC",14,14.0,ORB-15,ORB-15: breakdown below 5751.85,15:15,5674.9,TIME_EXIT,WIN,5899.86,1.19,60.0,MEDIUM
2024-12-30,ASTERDM,LONG,10:00,514.0489795918368,972,499655.61,513.9301020408163,521.4193877551021,62.0,"ADX-FILTER,BOLLINGER,CAMARILLA,CPR,DAILY-BIAS,DBL-BTM,EMA-CROSS,FIRST-CANDLE,INTRADAY-STRUCT,MACD,ORB-15,ORB-30,PDH-PDL,PIN-BAR,SR-BREAK,SUPERTREND,VPOC",17,17.0,VPOC,VPOC: breakout above VAH=514.05,10:05,513.9301020408163,STOP_HIT,LOSS,-843.9,-0.17,60.0,MEDIUM
2024-12-30,GRANULES,SHORT,13:55,584.5,855,499747.5,590.0,573.5,2.0,"BEAR-ENGULF,BOLLINGER,CAMARILLA,FAILED-BO,FIRST-CANDLE,ORB-15,ORB-30,PDH-PDL,SR-BREAK,SUPERTREND,VPOC,VWAP-STDDEV",12,12.0,ORB-15,ORB-15: breakdown below 584.50,15:15,582.65,TIME_EXIT,WIN,854.09,0.17,60.0,MEDIUM
2024-12-31,HYUNDAI,LONG,09:55,1804.95,277,499971.15,1786.55,1841.7500000000002,2.0,"BOLLINGER,CAMARILLA,CPR,EMA-CROSS,FIRST-CANDLE,MACD,ORB-15,ORB-30,PDH-PDL,SR-BREAK,SUPERTREND,VPOC,VWAP-STDDEV",13,13.0,ORB-15,ORB-15: breakout above 1804.95 (range=18.40),15:15,1799.95,TIME_EXIT,LOSS,-2112.77,-0.42,60.0,MEDIUM
2024-12-31,MAZDOCK,SHORT,09:40,2260.1,221,499482.1,2340.4998630853097,2099.3002738293803,2.0,"ADX-FILTER,BOLLINGER,CAMARILLA,DAILY-BIAS,FAILED-BO,FIRST-CANDLE,MACD,PDH-PDL,REL-STR,RSI-EXT,SR-BREAK,STOCHASTIC,SUPERTREND",13,13.0,SUPERTREND,"SUPERTREND: flipped bearish, ST=2335.83",15:15,2227.6,TIME_EXIT,WIN,6458.4,1.29,60.0,MEDIUM
2025-01-01,GRANULES,LONG,13:20,591.8,844,499479.2,587.85,599.6999999999998,2.0,"ADX-FILTER,CPR,DAILY-BIAS,EMA-CROSS,FIRST-CANDLE,MACD,ORB-15,ORB-30,PDH-PDL,PIN-BAR,SR-BREAK,STOCHASTIC,SUPERTREND,VPOC",14,14.0,ORB-15,ORB-15: breakout above 591.80 (range=3.95),15:15,596.6,TIME_EXIT,WIN,3319.79,0.66,60.0,MEDIUM
2025-01-01,SONACOMS,SHORT,10:05,594.2,841,499722.2,598.72875,584.7,2.1,"BEAR-ENGULF,BOLLINGER,CAMARILLA,DAILY-BIAS,FAILED-BO,FIRST-CANDLE,MACD,ORB-15,ORB-30,PIN-BAR,STOCHASTIC,SUPERTREND",12,12.0,BEAR-ENGULF,"Bear Engulf at resistance 598.60, vol 1.9×",15:15,591.9,TIME_EXIT,WIN,1206.87,0.24,60.0,MEDIUM
2025-01-02,GRAPHITE,LONG,09:20,574.215,870,499567.05,571.1075,586.6450000000001,4.0,"ASC-TRI,CAMARILLA,CPR,DAILY-BIAS,EMA-CROSS,FIRST-CANDLE,PDH-PDL,PIN-BAR,REL-STR,SR-BREAK,STOCHASTIC,VPOC,VWAP-STDDEV",13,13.0,CAMARILLA,CAMARILLA: breakout above H4=574.22,10:55,571.1075,STOP_HIT,LOSS,-3429.7,-0.69,60.0,MEDIUM
2025-01-02,BANDHANBNK,SHORT,10:25,159.15,3141,499890.15,160.97,155.51000000000002,2.0,"BEAR-ENGULF,CAMARILLA,CPR,DAILY-BIAS,FAILED-BO,FIRST-CANDLE,ORB-15,ORB-30,PDH-PDL,PIN-BAR,REL-STR,RSI-EXT,SR-BREAK,SUPERTREND,VPOC,VWAP-STDDEV",16,16.0,ORB-15,ORB-15: breakdown below 159.15,14:35,160.97,STOP_HIT,LOSS,-6448.65,-1.29,60.0,MEDIUM
2025-01-03,NESTLEIND,LONG,09:15,1102.0795918367348,453,499242.06,1100.0316326530613,1118.4632653061228,8.0,"CAMARILLA,CPR,FIRST-CANDLE,INTRADAY-STRUCT,MACD,ORB-15,ORB-30,PDH-PDL,PIN-BAR,REL-STR,SR-BREAK,STOCHASTIC,SUPERTREND,VPOC",14,14.0,VPOC,VPOC: breakout above VAH=1102.08,15:10,1118.4632653061228,TARGET_HIT,EXACT_WIN,6688.05,1.34,60.0,MEDIUM
2025-01-03,PIDILITIND,SHORT,10:20,1457.5,343,499922.5,1464.7875,1431.5,3.57,"ADX-FILTER,BEAR-ENGULF,BOLLINGER,CAMARILLA,DAILY-BIAS,FAILED-BO,FIRST-CANDLE,ORB-15,ORB-30,PIN-BAR,SUPERTREND,VWAP-STDDEV",12,12.0,FAILED-BO,"Failed BO: bull trap above 1466.00, reversed on vol 1.6×",10:25,1464.7875,STOP_HIT,LOSS,-3229.85,-0.65,60.0,MEDIUM
2025-01-06,FSL,LONG,09:45,392.7,1273,499907.1,382.95,412.2,2.0,"BOLLINGER,CAMARILLA,DAILY-BIAS,EMA-CROSS,MACD,ORB-15,ORB-30,PIN-BAR,REL-STR,SR-BREAK,SUPERTREND,VPOC",12,12.0,ORB-15,ORB-15: breakout above 392.70 (range=9.75),10:55,382.95,STOP_HIT,LOSS,-13130.71,-2.63,60.0,MEDIUM
2025-01-06,CUMMINSIND,SHORT,10:00,3216.0,155,498480.0,3239.95,3168.1000000000004,2.0,"ADX-FILTER,BOLLINGER,DAILY-BIAS,FIRST-CANDLE,MACD,ORB-15,ORB-30,PDH-PDL,PIN-BAR,REL-STR,SR-BREAK,STOCHASTIC,SUPERTREND,VPOC",14,14.0,ORB-15,ORB-15: breakdown below 3216.00,11:10,3168.1000000000004,TARGET_HIT,EXACT_WIN,6701.91,1.34,60.0,MEDIUM
2025-01-07,AMBER,LONG,09:25,7747.3,64,495827.2,7668.65,8061.900000000001,4.0,"BULL-FLAG,CAMARILLA,DAILY-BIAS,EMA-CROSS,FIRST-CANDLE,MACD,ORB-15,ORB-30,PDH-PDL,PIN-BAR,REL-STR,SR-BREAK,SUPERTREND,VPOC",14,14.0,CAMARILLA,CAMARILLA: breakout above H4=7747.30,12:15,8061.900000000001,TARGET_HIT,EXACT_WIN,19395.24,3.91,60.0,MEDIUM
2025-01-07,CGPOWER,SHORT,10:00,718.85,695,499600.75,728.65,699.2500000000001,2.0,"ADX-FILTER,BOLLINGER,CAMARILLA,DAILY-BIAS,FIRST-CANDLE,MACD,ORB-15,ORB-30,PDH-PDL,PIN-BAR,SR-BREAK,SUPERTREND,VPOC,VWAP-STDDEV",14,14.0,ORB-15,ORB-15: breakdown below 718.85,15:15,717.35,TIME_EXIT,WIN,314.73,0.06,60.0,MEDIUM
2025-01-08,ASIANPAINT,LONG,13:50,2298.85,217,498850.45,2272.7,2351.15,2.0,"ADX-FILTER,BOLLINGER,CAMARILLA,INTRADAY-STRUCT,MACD,ORB-15,ORB-30,PDH-PDL,PIN-BAR,RSI-EXT,SR-BREAK,SUPERTREND,VPOC",13,13.0,ORB-15,ORB-15: breakout above 2298.85 (range=26.15),15:15,2336.5,TIME_EXIT,WIN,7436.24,1.49,60.0,MEDIUM
2025-01-08,CUMMINSIND,SHORT,09:15,3176.75,157,498749.75,3331.9900000000002,2670.8250000000007,3.26,"ADX-FILTER,BEAR-FLAG,BOLLINGER,CAMARILLA,DAILY-BIAS,DESC-TRI,FIRST-CANDLE,MACD,ORB-15,ORB-30,PDH-PDL,REL-STR,SR-BREAK,STOCHASTIC",14,14.0,DESC-TRI,Descending Triangle: breakdown below support 3180.91,15:15,3166.1,TIME_EXIT,WIN,945.8,0.19,60.0,MEDIUM
2025-01-09,ZYDUSLIFE,LONG,09:15,1002.22,498,499105.56,991.11,1046.66,4.0,"CAMARILLA,DAILY-BIAS,DBL-BTM,FIRST-CANDLE,GAP-CONT,PDH-PDL,PIN-BAR,REL-STR,SR-BREAK,STOCHASTIC,VOL-SPIKE,VPOC",12,12.0,CAMARILLA,CAMARILLA: breakout above H4=1002.22,15:15,1010.75,TIME_EXIT,WIN,3516.89,0.7,60.0,MEDIUM
2025-01-09,AMBUJACEM,SHORT,10:45,533.15,937,499561.55,539.9,519.65,2.0,"ADX-FILTER,CAMARILLA,CPR,DAILY-BIAS,FIRST-CANDLE,ORB-15,ORB-30,PDH-PDL,PIN-BAR,REL-STR,SR-BREAK,STOCHASTIC,VPOC",13,13.0,ORB-15,ORB-15: breakdown below 533.15,15:15,525.3,TIME_EXIT,WIN,6631.34,1.33,60.0,MEDIUM
2025-01-10,ZYDUSLIFE,LONG,09:15,1013.05,493,499433.65,1007.98475,1026.5336734693878,2.66,"BOLLINGER,DAILY-BIAS,DBL-BTM,EMA-CROSS,INTRADAY-STRUCT,MACD,ORB-15,ORB-30,PIN-BAR,SR-BREAK,SUPERTREND,VPOC,VWAP-STDDEV",13,13.0,VPOC,VPOC: rejection below VPOC=1014.85,09:40,1007.98475,STOP_HIT,LOSS,-3223.33,-0.65,60.0,MEDIUM
2025-01-10,COALINDIA,SHORT,09:15,361.0,1385,499985.0,369.76,343.48,2.0,"ADX-FILTER,DAILY-BIAS,DBL-TOP,FAILED-BO,FIRST-CANDLE,MACD,OPEN-WEAK,PDH-PDL,PIN-BAR,REL-STR,SR-BREAK,STOCHASTIC",12,12.0,SR-BREAK,SR-BREAK: breakdown below support 361.00,15:15,358.5,TIME_EXIT,WIN,2735.59,0.55,60.0,MEDIUM
2025-01-13,CHOLAFIN,LONG,10:15,1256.6,397,498870.2,1238.9876866427765,1291.8246267144468,2.0,"BOLLINGER,CAMARILLA,DBL-BTM,FIRST-CANDLE,MACD,PIN-BAR,REL-STR,RSI-EXT,SUPERTREND,VPOC,VWAP-REV,VWAP-STDDEV",12,12.0,SUPERTREND,"SUPERTREND: flipped bullish, ST=1241.47",11:35,1238.9876866427765,STOP_HIT,LOSS,-7713.92,-1.55,60.0,MEDIUM
2025-01-13,CYIENT,SHORT,13:10,1725.5,289,498669.5,1748.6,1679.3000000000002,2.0,"BEAR-FLAG,DAILY-BIAS,FIRST-CANDLE,MACD,OPEN-WEAK,ORB-15,ORB-30,PDH-PDL,PIN-BAR,REL-STR,SR-BREAK,STOCHASTIC",12,12.0,ORB-15,ORB-15: breakdown below 1725.50,14:10,1679.3000000000002,TARGET_HIT,EXACT_WIN,12632.34,2.53,60.0,MEDIUM
2025-01-14,BIOCON,LONG,09:15,377.5,1324,499810.0,374.890306122449,391.0704081632653,5.2,"CAMARILLA,DAILY-BIAS,FIRST-CANDLE,GAP-CONT,PDH-PDL,REL-STR,SR-BREAK,STOCHASTIC,VOL-SPIKE,VPOC,VWAP-REV,VWAP-STDDEV",12,12.0,VPOC,VPOC: breakout above VAH=377.50,10:15,374.890306122449,STOP_HIT,LOSS,-4181.15,-0.84,60.0,MEDIUM
2025-01-14,DRREDDY,SHORT,10:20,1333.25,375,499968.75,1348.85,1302.0500000000002,2.0,"ADX-FILTER,CAMARILLA,DBL-TOP,FIRST-CANDLE,MACD,ORB-15,ORB-30,PDH-PDL,PIN-BAR,SR-BREAK,STOCHASTIC,VPOC",12,12.0,ORB-15,ORB-15: breakdown below 1333.25,15:15,1336.0,TIME_EXIT,LOSS,-1760.71,-0.35,60.0,MEDIUM
2025-01-15,APARINDS,LONG,11:45,10519.9,47,494435.3,10340.0,10879.699999999999,2.0,"CPR,DAILY-BIAS,DBL-BTM,EMA-CROSS,FIRST-CANDLE,ORB-15,ORB-30,PDH-PDL,PIN-BAR,REL-STR,SR-BREAK,STOCHASTIC",12,12.0,ORB-15,ORB-15: breakout above 10519.90 (range=179.90),15:10,10340.0,STOP_HIT,LOSS,-9169.93,-1.85,60.0,MEDIUM
2025-01-15,FIVESTAR,SHORT,09:40,647.6,772,499947.2,660.0,622.8000000000001,2.0,"ADX-FILTER,BOLLINGER,CAMARILLA,DAILY-BIAS,FIRST-CANDLE,INTRADAY-STRUCT,MACD,ORB-15,ORB-30,PDH-PDL,REL-STR,RSI-EXT,SR-BREAK,SUPERTREND,VPOC,VWAP-REV",16,16.0,ORB-15,ORB-15: breakdown below 647.60,15:15,645.7,TIME_EXIT,WIN,738.8,0.15,60.0,MEDIUM
2025-01-16,MGL,LONG,09:25,1314.81,380,499627.8,1304.305,1356.83,4.0,"CAMARILLA,CPR,DAILY-BIAS,EMA-CROSS,FIRST-CANDLE,GAP-CONT,ORB-15,PDH-PDL,REL-STR,SR-BREAK,STOCHASTIC,VPOC,VWAP-REV,VWAP-STDDEV",14,14.0,CAMARILLA,CAMARILLA: breakout above H4=1314.81,10:40,1304.305,STOP_HIT,LOSS,-4717.14,-0.94,60.0,MEDIUM
2025-01-16,MANKIND,SHORT,09:40,2621.0,190,497990.0,2648.9,2565.2,2.0,"ADX-FILTER,BOLLINGER,CAMARILLA,DAILY-BIAS,FIRST-CANDLE,MACD,ORB-15,ORB-30,PDH-PDL,PIN-BAR,REL-STR,RSI-EXT,SR-BREAK,STOCHASTIC,SUPERTREND",15,15.0,ORB-15,ORB-15: breakdown below 2621.00,10:05,2565.2,TARGET_HIT,EXACT_WIN,9881.89,1.98,60.0,MEDIUM
2025-01-17,DABUR,LONG,09:40,523.1581632653061,955,499616.05,523.0678571428572,530.3826530612245,80.0,"BOLLINGER,CAMARILLA,DAILY-BIAS,DBL-BTM,EMA-CROSS,FIRST-CANDLE,MACD,ORB-15,ORB-30,PDH-PDL,REL-STR,SR-BREAK,STOCHASTIC,SUPERTREND,VPOC",15,15.0,VPOC,VPOC: breakout above VAH=523.16,09:45,523.0678571428572,STOP_HIT,LOSS,-814.56,-0.16,60.0,MEDIUM
2025-01-17,DIXON,SHORT,09:30,16875.15,29,489379.35,17168.96715723295,16287.515685534105,2.0,"CAMARILLA,DAILY-BIAS,DBL-TOP,FIRST-CANDLE,INTRADAY-STRUCT,MACD,PDH-PDL,REL-STR,SR-BREAK,STOCHASTIC,SUPERTREND",11,11.0,SUPERTREND,"SUPERTREND: flipped bearish, ST=17134.70",14:30,17168.96715723295,STOP_HIT,LOSS,-9240.0,-1.89,60.0,MEDIUM
2025-01-20,RBLBANK,LONG,09:15,147.25,3395,499913.75,144.305,155.24,2.71,"ADX-FILTER,BOLLINGER,CAMARILLA,EMA-CROSS,FIRST-CANDLE,GAP-FADE,INTRADAY-STRUCT,MACD,REL-STR,RSI-EXT,SR-BREAK,STOCHASTIC,SUPERTREND,VPOC",14,14.0,GAP-FADE,"GAP-FADE: gap-down -5.1%, fading back to 155.24",10:25,155.24,TARGET_HIT,EXACT_WIN,26375.78,5.28,60.0,MEDIUM
2025-01-20,BLUESTARCO,SHORT,11:05,1904.85,262,499070.7,1938.3,1837.9499999999998,2.0,"ADX-FILTER,DAILY-BIAS,FIRST-CANDLE,INTRADAY-STRUCT,MACD,ORB-15,PDH-PDL,REL-STR,SR-BREAK,STOCHASTIC,SUPERTREND,VPOC,VWAP-REV,VWAP-STDDEV",14,14.0,ORB-15,ORB-15: breakdown below 1904.85,13:20,1938.3,STOP_HIT,LOSS,-9496.55,-1.9,60.0,MEDIUM
2025-01-21,IRCTC,LONG,09:25,794.55,629,499771.95,788.8062170891999,806.0375658216001,2.0,"BOLLINGER,CAMARILLA,CPR,DAILY-BIAS,EMA-CROSS,FIRST-CANDLE,INTRADAY-STRUCT,MACD,PIN-BAR,REL-STR,SR-BREAK,SUPERTREND,VPOC,VWAP-STDDEV",14,14.0,EMA-CROSS,"EMA-CROSS: 9EMA crossed above 21EMA, price above VWAP",10:05,788.8062170891999,STOP_HIT,LOSS,-4338.58,-0.87,60.0,MEDIUM
2025-01-21,IEX,SHORT,09:25,174.14,2871,499955.94,175.12124999999997,170.45,3.76,"BEAR-ENGULF,BOLLINGER,CAMARILLA,DAILY-BIAS,FAILED-BO,INTRADAY-STRUCT,MACD,ORB-15,ORB-30,PDH-PDL,STOCHASTIC,SUPERTREND",12,12.0,FAILED-BO,"Failed BO: bull trap above 174.18, reversed on vol 1.6×",10:15,170.45,TARGET_HIT,EXACT_WIN,9871.2,1.97,60.0,MEDIUM
2025-01-22,MUTHOOTFIN,LONG,09:30,2178.673469387755,229,498916.22,2166.234693877551,2221.9387755102043,3.48,"ADX-FILTER,CAMARILLA,DAILY-BIAS,EMA-CROSS,FIRST-CANDLE,INTRADAY-STRUCT,MACD,ORB-15,PDH-PDL,PIN-BAR,REL-STR,SR-BREAK,VPOC,VWAP-STDDEV",14,14.0,VPOC,VPOC: breakout above VAH=2178.67,12:25,2166.234693877551,STOP_HIT,LOSS,-3573.66,-0.72,60.0,MEDIUM
2025-01-22,SAILIFE,SHORT,09:30,705.5,708,499494.0,717.65,681.2,2.0,"DAILY-BIAS,FIRST-CANDLE,INTRADAY-STRUCT,MACD,ORB-15,ORB-30,PDH-PDL,PIN-BAR,REL-STR,SR-BREAK,STOCHASTIC,SUPERTREND",12,12.0,ORB-15,ORB-15: breakdown below 705.50,15:15,692.7,TIME_EXIT,WIN,8339.36,1.67,60.0,MEDIUM
2025-01-23,MARICO,LONG,09:35,664.95,751,499377.45,656.5,681.8500000000001,2.0,"BOLLINGER,CAMARILLA,DAILY-BIAS,EMA-CROSS,FIRST-CANDLE,MACD,ORB-15,ORB-30,PIN-BAR,SR-BREAK,STOCHASTIC,SUPERTREND,VPOC",13,13.0,ORB-15,ORB-15: breakout above 664.95 (range=8.45),15:15,668.0,TIME_EXIT,WIN,1560.68,0.31,60.0,MEDIUM
2025-01-23,TEJASNET,SHORT,09:40,1101.35,453,498911.55,1108.5755102040816,1054.330612244898,6.51,"BOLLINGER,CAMARILLA,DAILY-BIAS,FAILED-BO,FIRST-CANDLE,INTRADAY-STRUCT,PIN-BAR,SUPERTREND,VPOC,VWAP-REV,VWAP-STDDEV",11,11.0,VPOC,VPOC: rejection at VPOC=1101.12,09:45,1108.5755102040816,STOP_HIT,LOSS,-4002.45,-0.8,60.0,MEDIUM
2025-01-24,ABFRL,LONG,10:50,213.8,2338,499864.4,211.1,219.20000000000005,2.0,"BOLLINGER,CAMARILLA,DAILY-BIAS,MACD,ORB-15,ORB-30,PIN-BAR,RSI-EXT,STOCHASTIC,SUPERTREND,VWAP-REV,VWAP-STDDEV",12,12.0,ORB-15,ORB-15: breakout above 213.80 (range=2.70),12:45,211.1,STOP_HIT,LOSS,-7036.33,-1.41,60.0,MEDIUM
2025-01-24,HFCL,SHORT,09:45,100.57,4971,499933.47,103.13439646887615,95.44120706224768,2.0,"BEAR-ENGULF,BOLLINGER,CAMARILLA,DAILY-BIAS,FAILED-BO,FIRST-CANDLE,INTRADAY-STRUCT,MACD,PIN-BAR,REL-STR,SR-BREAK,STOCHASTIC,SUPERTREND",13,13.0,SUPERTREND,"SUPERTREND: flipped bearish, ST=102.93",15:15,99.23,TIME_EXIT,WIN,5936.13,1.19,60.0,MEDIUM
2025-01-27,DABUR,LONG,10:05,526.7,949,499838.3,517.1,545.9000000000001,2.0,"ASC-TRI,CAMARILLA,DAILY-BIAS,DBL-BTM,FIRST-CANDLE,ORB-15,ORB-30,PDH-PDL,PIN-BAR,REL-STR,SR-BREAK,STOCHASTIC,SUPERTREND,VPOC",14,14.0,ORB-15,ORB-15: breakout above 526.70 (range=9.60),15:15,524.45,TIME_EXIT,LOSS,-2862.25,-0.57,60.0,MEDIUM
2025-01-27,UNIONBANK,SHORT,13:35,102.3,4887,499940.1,103.78634999999998,99.231,2.06,"DAILY-BIAS,FAILED-BO,FIRST-CANDLE,INTRADAY-STRUCT,OPEN-WEAK,ORB-15,ORB-30,PDH-PDL,REL-STR,SR-BREAK,STOCHASTIC,VWAP-STDDEV",12,12.0,FAILED-BO,"Failed BO: bull trap above 103.44, reversed on vol 2.0×",15:15,102.42,TIME_EXIT,LOSS,-1315.6,-0.26,60.0,MEDIUM
2025-01-28,BAJAJFINSV,LONG,09:15,1721.9075,290,499353.17,1713.47875,1755.6225000000002,4.0,"ADX-FILTER,ASC-TRI,CAMARILLA,DAILY-BIAS,DBL-BTM,FIRST-CANDLE,GAP-CONT,ORB-15,ORB-30,PDH-PDL,VPOC",11,11.0,CAMARILLA,CAMARILLA: breakout above H4=1721.91,13:00,1755.6225000000002,TARGET_HIT,EXACT_WIN,9041.58,1.81,60.0,MEDIUM
2025-01-28,NTPCGREEN,SHORT,09:30,107.51,4650,499921.5,109.43954924738125,103.65090150523751,2.0,"CAMARILLA,DAILY-BIAS,FIRST-CANDLE,INTRADAY-STRUCT,MACD,PDH-PDL,REL-STR,RSI-EXT,SR-BREAK,STOCHASTIC,SUPERTREND,VPOC,VWAP-REV,VWAP-STDDEV",14,14.0,SUPERTREND,"SUPERTREND: flipped bearish, ST=109.22",12:10,109.43954924738125,STOP_HIT,LOSS,-9706.34,-1.94,60.0,MEDIUM
2025-01-29,SBICARD,LONG,11:35,766.780612244898,652,499940.96,763.2372448979593,779.0642857142857,3.47,"BOLLINGER,CAMARILLA,DAILY-BIAS,EMA-CROSS,FIRST-CANDLE,GAP-FADE,MACD,REL-STR,RSI-EXT,SR-BREAK,STOCHASTIC,SUPERTREND,VOL-SPIKE,VPOC",14,14.0,VPOC,VPOC: breakout above VAH=766.78,13:15,763.2372448979593,STOP_HIT,LOSS,-3037.28,-0.61,60.0,MEDIUM
2025-01-29,KPITTECH,SHORT,12:40,1255.89,361,453376.29,1338.91,1089.8500000000001,2.0,"CAMARILLA,DAILY-BIAS,DBL-TOP,FAILED-BO,PDH-PDL,PIN-BAR,RSI-EXT,SR-BREAK,STOCHASTIC,VPOC,VWAP-REV,VWAP-STDDEV",12,12.0,SR-BREAK,SR-BREAK: breakdown below support 1255.89,12:45,1338.91,STOP_HIT,LOSS,-30652.7,-6.76,60.0,MEDIUM
2025-01-30,INDIGO,LONG,09:35,4307.2,116,499635.2,4275.0,4371.599999999999,2.0,"CAMARILLA,DBL-BTM,FIRST-CANDLE,INTRADAY-STRUCT,MACD,ORB-15,PDH-PDL,REL-STR,RSI-EXT,SR-BREAK,STOCHASTIC,VPOC,VWAP-REV,VWAP-STDDEV",14,14.0,ORB-15,ORB-15: breakout above 4307.20 (range=32.20),12:50,4275.0,STOP_HIT,LOSS,-4460.66,-0.89,60.0,MEDIUM
2025-01-30,ZENTEC,SHORT,11:35,1695.1,294,498359.4,1703.5754999999997,1625.6704081632654,8.19,"ADX-FILTER,BEAR-ENGULF,BOLLINGER,CPR,DAILY-BIAS,FAILED-BO,FIRST-CANDLE,MACD,PIN-BAR,REL-STR,SR-BREAK,SUPERTREND,VPOC,VWAP-REV",14,14.0,VPOC,VPOC: rejection at VPOC=1692.93,11:45,1703.5754999999997,STOP_HIT,LOSS,-3219.89,-0.65,60.0,MEDIUM
2025-01-31,CREDITACC,LONG,09:15,1010.65,494,499261.1,990.437,1068.0,2.84,"BOLLINGER,CAMARILLA,DAILY-BIAS,EMA-CROSS,FIRST-CANDLE,GAP-FADE,MACD,ORB-15,ORB-30,PIN-BAR,REL-STR,RSI-EXT,SR-BREAK,SUPERTREND,VPOC",15,15.0,GAP-FADE,"GAP-FADE: gap-down -5.4%, fading back to 1068.00",10:10,1068.0,TARGET_HIT,EXACT_WIN,27580.57,5.52,60.0,MEDIUM
2025-01-31,PVRINOX,SHORT,12:40,1094.95,456,499297.2,1104.94725,1059.35,3.56,"BEAR-ENGULF,BOLLINGER,CAMARILLA,DAILY-BIAS,FIRST-CANDLE,MACD,PIN-BAR,REL-STR,RSI-EXT,SR-BREAK,SUPERTREND,VPOC,VWAP-REV,VWAP-STDDEV",14,14.0,BEAR-ENGULF,"Bear Engulf at resistance 1090.95, vol 2.0×",15:15,1090.5,TIME_EXIT,WIN,1302.41,0.26,60.0,MEDIUM
2025-02-01,HEROMOTOCO,LONG,12:15,4261.832653061225,117,498634.42,4248.12193877551,4442.030612244898,13.14,"BOLLINGER,CAMARILLA,CPR,DAILY-BIAS,EMA-CROSS,FIRST-CANDLE,MACD,ORB-15,ORB-30,PDH-PDL,RSI-EXT,SR-BREAK,STOCHASTIC,SUPERTREND,VOL-SPIKE,VPOC",16,16.0,VPOC,VPOC: breakout above VAH=4261.83,15:15,4296.55,TIME_EXIT,WIN,3331.67,0.67,60.0,MEDIUM
2025-02-01,COROMANDEL,SHORT,11:50,1805.0,277,499985.0,1827.3,1760.4,2.0,"BOLLINGER,CAMARILLA,DAILY-BIAS,FAILED-BO,FIRST-CANDLE,ORB-15,ORB-30,PDH-PDL,PIN-BAR,REL-STR,SR-BREAK,STOCHASTIC,SUPERTREND,VPOC,VWAP-STDDEV",15,15.0,ORB-15,ORB-15: breakdown below 1805.00,15:15,1795.5,TIME_EXIT,WIN,1904.11,0.38,60.0,MEDIUM
2025-02-03,ABFRL,LONG,11:05,218.0408163265306,2293,499967.59,212.2729591836735,230.89489795918365,2.23,"BOLLINGER,DAILY-BIAS,DBL-BTM,EMA-CROSS,FIRST-CANDLE,INTRADAY-STRUCT,MACD,ORB-30,PDH-PDL,PIN-BAR,REL-STR,SR-BREAK,STOCHASTIC,SUPERTREND,VPOC",15,15.0,VPOC,VPOC: breakout above VAH=218.04,15:15,216.75,TIME_EXIT,LOSS,-3686.36,-0.74,60.0,MEDIUM
2025-02-03,FSL,SHORT,09:20,322.38,1550,499689.0,338.0,291.14,2.0,"ADX-FILTER,CPR,DAILY-BIAS,FAILED-BO,FIRST-CANDLE,INTRADAY-STRUCT,OPEN-WEAK,PDH-PDL,SR-BREAK,STOCHASTIC,VWAP-REV,VWAP-STDDEV",12,12.0,SR-BREAK,SR-BREAK: breakdown below support 322.38,15:15,324.85,TIME_EXIT,LOSS,-4559.17,-0.91,60.0,MEDIUM
2025-02-04,RBLBANK,LONG,09:15,167.02999999999997,2993,499920.79,165.48999999999998,173.18999999999994,4.0,"CAMARILLA,DAILY-BIAS,DBL-BTM,EMA-CROSS,FIRST-CANDLE,ORB-15,ORB-30,PDH-PDL,REL-STR,SR-BREAK,STOCHASTIC,VPOC,VWAP-STDDEV",13,13.0,CAMARILLA,CAMARILLA: breakout above H4=167.03,15:15,166.24,TIME_EXIT,LOSS,-3091.4,-0.62,60.0,MEDIUM
2025-02-04,DEEPAKFERT,SHORT,10:50,1140.9,438,499714.2,1149.8,1123.1000000000004,2.0,"BOLLINGER,DAILY-BIAS,FIRST-CANDLE,INTRADAY-STRUCT,MACD,ORB-15,ORB-30,PDH-PDL,PIN-BAR,REL-STR,RSI-EXT,SR-BREAK,STOCHASTIC,SUPERTREND",14,14.0,ORB-15,ORB-15: breakdown below 1140.90,10:55,1123.1000000000004,TARGET_HIT,EXACT_WIN,7072.34,1.42,60.0,MEDIUM
2025-02-05,AARTIIND,LONG,09:35,460.8025,1085,499970.71,457.90125,472.4075,4.0,"ADX-FILTER,BOLLINGER,CAMARILLA,DAILY-BIAS,EMA-CROSS,FIRST-CANDLE,MACD,ORB-15,ORB-30,PDH-PDL,REL-STR,SR-BREAK,SUPERTREND,VPOC",14,14.0,CAMARILLA,CAMARILLA: breakout above H4=460.80,10:20,457.90125,STOP_HIT,LOSS,-3874.23,-0.77,60.0,MEDIUM
2025-02-05,BOSCHLTD,SHORT,13:10,28518.4,17,484812.8,28889.85,27775.500000000007,2.0,"ADX-FILTER,CAMARILLA,CPR,DAILY-BIAS,FAILED-BO,FIRST-CANDLE,INTRADAY-STRUCT,MACD,ORB-15,ORB-30,PIN-BAR,SR-BREAK,SUPERTREND",13,13.0,ORB-15,ORB-15: breakdown below 28518.40,15:15,28374.05,TIME_EXIT,WIN,1747.15,0.36,60.0,MEDIUM
2025-02-06,CHOLAFIN,LONG,10:30,1396.65,357,498604.05,1381.5,1426.9500000000003,2.0,"ADX-FILTER,BOLLINGER,CPR,DAILY-BIAS,FIRST-CANDLE,MACD,ORB-15,ORB-30,REL-STR,RSI-EXT,SR-BREAK,STOCHASTIC,SUPERTREND,VPOC,VWAP-STDDEV",15,15.0,ORB-15,ORB-15: breakout above 1396.65 (range=15.15),12:00,1381.5,STOP_HIT,LOSS,-6131.27,-1.23,60.0,MEDIUM
2025-02-06,JINDALSTEL,SHORT,09:15,823.15,607,499652.05,830.1299999999999,804.2,2.71,"ADX-FILTER,BEAR-ENGULF,CAMARILLA,DAILY-BIAS,FAILED-BO,FIRST-CANDLE,INTRADAY-STRUCT,MACD,ORB-15,ORB-30,PIN-BAR,SUPERTREND",12,12.0,FAILED-BO,"Failed BO: bull trap above 824.00, reversed on vol 3.6×",15:15,808.45,TIME_EXIT,WIN,8199.57,1.64,60.0,MEDIUM
2025-02-07,LUPIN,LONG,11:15,2194.65,227,498185.55,2165.15,2253.65,2.0,"BOLLINGER,CAMARILLA,DAILY-BIAS,DBL-BTM,EMA-CROSS,FIRST-CANDLE,MACD,ORB-15,ORB-30,RSI-EXT,SR-BREAK,STOCHASTIC,SUPERTREND,VPOC",14,14.0,ORB-15,ORB-15: breakout above 2194.65 (range=29.50),15:15,2203.8,TIME_EXIT,WIN,1348.97,0.27,60.0,MEDIUM
2025-02-07,SIEMENS,SHORT,10:25,4278.1,116,496259.6,4342.25,4149.800000000001,2.0,"ADX-FILTER,CAMARILLA,DAILY-BIAS,DBL-TOP,FIRST-CANDLE,MACD,ORB-15,ORB-30,PDH-PDL,PIN-BAR,REL-STR,SR-BREAK,STOCHASTIC,SUPERTREND",14,14.0,ORB-15,ORB-15: breakdown below 4278.10,15:15,4193.7,TIME_EXIT,WIN,9072.19,1.83,60.0,MEDIUM
2025-02-10,AFCONS,LONG,09:20,468.1551020408163,1068,499989.65,468.03061224489795,475.1265306122449,56.0,"ADX-FILTER,CAMARILLA,CPR,EMA-CROSS,FIRST-CANDLE,INTRADAY-STRUCT,MACD,ORB-15,PDH-PDL,PIN-BAR,REL-STR,SR-BREAK,STOCHASTIC,VPOC,VWAP-REV,VWAP-STDDEV",16,16.0,VPOC,VPOC: breakout above VAH=468.16,10:10,468.03061224489795,STOP_HIT,LOSS,-861.75,-0.17,60.0,MEDIUM
2025-02-10,ETERNAL,SHORT,09:15,233.88,2137,499801.56,236.06444999999997,229.4,2.05,"ADX-FILTER,CAMARILLA,FAILED-BO,FIRST-CANDLE,MACD,ORB-15,ORB-30,PDH-PDL,PIN-BAR,REL-STR,SR-BREAK,STOCHASTIC,SUPERTREND,VPOC",14,14.0,FAILED-BO,"Failed BO: bull trap above 234.70, reversed on vol 2.9×",10:00,229.4,TARGET_HIT,EXACT_WIN,8850.59,1.77,60.0,MEDIUM
2025-02-11,BAJAJHLDNG,LONG,11:30,11500.0,43,494500.0,11347.05,11805.900000000001,2.0,"BOLLINGER,CAMARILLA,DAILY-BIAS,DBL-BTM,EMA-CROSS,FIRST-CANDLE,MACD,ORB-15,ORB-30,SR-BREAK,STOCHASTIC,VWAP-STDDEV",12,12.0,ORB-15,ORB-15: breakout above 11500.00 (range=152.95),15:15,11506.0,TIME_EXIT,LOSS,-463.62,-0.09,60.0,MEDIUM
2025-02-11,ITC,SHORT,13:10,407.8,1226,499962.8,410.5,402.40000000000003,2.0,"BOLLINGER,CAMARILLA,DAILY-BIAS,FIRST-CANDLE,INTRADAY-STRUCT,MACD,ORB-15,ORB-30,PDH-PDL,SR-BREAK,STOCHASTIC,SUPERTREND,VPOC",13,13.0,ORB-15,ORB-15: breakdown below 407.80,13:15,402.40000000000003,TARGET_HIT,EXACT_WIN,5895.33,1.18,60.0,MEDIUM
2025-02-12,CREDITACC,LONG,10:50,1001.25,499,499623.75,971.95,1059.85,2.0,"BOLLINGER,CAMARILLA,DAILY-BIAS,INTRADAY-STRUCT,MACD,ORB-30,PIN-BAR,RSI-EXT,SUPERTREND,VPOC,VWAP-REV,VWAP-STDDEV",12,12.0,ORB-30,ORB-30: breakout above 1001.25 (range=29.30),15:15,997.5,TIME_EXIT,LOSS,-2598.17,-0.52,60.0,MEDIUM
2025-02-12,SBIN,SHORT,09:40,729.55,685,499741.75,736.7,715.2499999999998,2.0,"ADX-FILTER,BEAR-ENGULF,BOLLINGER,CAMARILLA,DAILY-BIAS,DBL-TOP,FAILED-BO,FIRST-CANDLE,MACD,ORB-15,ORB-30,PDH-PDL,PIN-BAR,REL-STR,SR-BREAK,STOCHASTIC,SUPERTREND,VWAP-STDDEV",18,18.0,ORB-15,ORB-15: breakdown below 729.55,11:45,736.7,STOP_HIT,LOSS,-5629.11,-1.13,60.0,MEDIUM
2025-02-13,HINDALCO,LONG,09:45,601.75,830,499452.5,594.9310227081594,615.3879545836812,2.0,"ADX-FILTER,BOLLINGER,CAMARILLA,DBL-BTM,EMA-CROSS,MACD,PDH-PDL,REL-STR,RSI-EXT,STOCHASTIC,SUPERTREND,VPOC",12,12.0,EMA-CROSS,"EMA-CROSS: 9EMA crossed above 21EMA, price above VWAP",15:15,602.7,TIME_EXIT,WIN,59.71,0.01,60.0,MEDIUM
2025-02-13,HINDPETRO,SHORT,09:30,319.5,1564,499698.0,321.399,310.5,4.74,"BEAR-ENGULF,BOLLINGER,CAMARILLA,DAILY-BIAS,FAILED-BO,FIRST-CANDLE,MACD,ORB-15,ORB-30,PIN-BAR,REL-STR,RSI-EXT,SUPERTREND",13,13.0,FAILED-BO,"Failed BO: bull trap above 321.85, reversed on vol 1.3×",15:15,312.05,TIME_EXIT,WIN,10929.96,2.19,60.0,MEDIUM
2025-02-14,INOXWIND,LONG,09:35,175.18,2854,499963.72,172.9867820022617,179.56643599547664,2.0,"BOLLINGER,CAMARILLA,DAILY-BIAS,DBL-BTM,EMA-CROSS,FIRST-CANDLE,MACD,PIN-BAR,REL-STR,RSI-EXT,SR-BREAK,VWAP-REV,VWAP-STDDEV",13,13.0,EMA-CROSS,"EMA-CROSS: 9EMA crossed above 21EMA, price above VWAP",10:35,172.9867820022617,STOP_HIT,LOSS,-6983.35,-1.4,60.0,MEDIUM
2025-02-14,FORTIS,SHORT,11:20,606.6,824,499838.4,618.95,581.9,2.0,"CAMARILLA,CPR,DAILY-BIAS,FIRST-CANDLE,MACD,ORB-15,ORB-30,PDH-PDL,PIN-BAR,REL-STR,SR-BREAK,STOCHASTIC,VPOC",13,13.0,ORB-15,ORB-15: breakdown below 606.60,15:15,604.0,TIME_EXIT,WIN,1414.94,0.28,60.0,MEDIUM
2025-02-17,BAJAJFINSV,LONG,09:35,1862.43,268,499131.24,1850.715,1909.2900000000002,4.0,"ADX-FILTER,CAMARILLA,DAILY-BIAS,FIRST-CANDLE,ORB-15,ORB-30,PDH-PDL,PIN-BAR,REL-STR,SR-BREAK,STOCHASTIC,VPOC",12,12.0,CAMARILLA,CAMARILLA: breakout above H4=1862.43,15:15,1896.1,TIME_EXIT,WIN,8288.69,1.66,60.0,MEDIUM
2025-02-17,APOLLOTYRE,SHORT,09:35,410.05,1219,499850.95,419.35806263013467,391.4338747397307,2.0,"BOLLINGER,DAILY-BIAS,DBL-TOP,FAILED-BO,MACD,PDH-PDL,PIN-BAR,SR-BREAK,STOCHASTIC,SUPERTREND,VPOC,VWAP-STDDEV",12,12.0,SUPERTREND,"SUPERTREND: flipped bearish, ST=418.52",15:15,416.4,TIME_EXIT,LOSS,-8473.78,-1.7,60.0,MEDIUM
2025-02-18,JSWSTEEL,LONG,13:45,975.0,512,499200.0,962.8,999.4000000000001,2.0,"ADX-FILTER,CAMARILLA,DAILY-BIAS,MACD,ORB-15,ORB-30,PDH-PDL,SR-BREAK,STOCHASTIC,SUPERTREND,VPOC",11,11.0,ORB-15,ORB-15: breakout above 975.00 (range=12.20),15:15,979.35,TIME_EXIT,WIN,1497.62,0.3,60.0,MEDIUM
2025-02-18,ADANIGREEN,SHORT,11:10,894.45,559,499997.55,904.1985,840.45,5.54,"ADX-FILTER,BEAR-ENGULF,BOLLINGER,CPR,DAILY-BIAS,FAILED-BO,FIRST-CANDLE,MACD,REL-STR,SR-BREAK,SUPERTREND,VWAP-REV,VWAP-STDDEV",13,13.0,BEAR-ENGULF,"Bear Engulf at resistance 900.85, vol 2.5×",14:45,904.1985,STOP_HIT,LOSS,-6181.43,-1.24,60.0,MEDIUM
2025-02-19,HINDALCO,LONG,09:15,615.6,812,499867.2,612.3,628.8000000000001,4.0,"ADX-FILTER,ASC-TRI,CAMARILLA,CPR,DAILY-BIAS,FIRST-CANDLE,MACD,ORB-15,ORB-30,PDH-PDL,PIN-BAR,REL-STR,SR-BREAK,STOCHASTIC,VPOC",15,15.0,CAMARILLA,CAMARILLA: breakout above H4=615.60,15:15,626.15,TIME_EXIT,WIN,7831.09,1.57,60.0,MEDIUM
2025-02-19,BAJAJ-AUTO,SHORT,09:25,8203.5,60,492210.0,8288.41911610228,8033.661767795438,2.0,"ADX-FILTER,BOLLINGER,CAMARILLA,DAILY-BIAS,FIRST-CANDLE,MACD,PIN-BAR,SR-BREAK,SUPERTREND,VPOC",10,10.0,SUPERTREND,"SUPERTREND: flipped bearish, ST=8271.88",09:55,8288.41911610228,STOP_HIT,LOSS,-5816.35,-1.18,60.0,MEDIUM
2025-02-20,VMM,LONG,09:35,105.44,4742,499996.48,104.27553092227028,107.76893815545944,2.0,"ADX-FILTER,BOLLINGER,CAMARILLA,EMA-CROSS,FIRST-CANDLE,INTRADAY-STRUCT,PIN-BAR,REL-STR,RSI-EXT,SR-BREAK,STOCHASTIC,SUPERTREND,VWAP-STDDEV",13,13.0,EMA-CROSS,"EMA-CROSS: 9EMA crossed above 21EMA, price above VWAP",13:15,104.27553092227028,STOP_HIT,LOSS,-6246.45,-1.25,60.0,MEDIUM
2025-02-20,SIGNATURE,SHORT,09:20,1102.44,453,499405.32,1107.73,1091.8600000000001,2.0,"ADX-FILTER,CAMARILLA,DAILY-BIAS,FAILED-BO,FIRST-CANDLE,MACD,PDH-PDL,REL-STR,SR-BREAK,STOCHASTIC,VPOC,VWAP-REV,VWAP-STDDEV",13,13.0,SR-BREAK,SR-BREAK: breakdown below support 1102.44,09:25,1091.8600000000001,TARGET_HIT,EXACT_WIN,4067.38,0.81,60.0,MEDIUM
2025-02-21,JINDALSTEL,LONG,12:40,878.85,568,499186.8,866.0,904.5500000000001,2.0,"BOLLINGER,CAMARILLA,CPR,FIRST-CANDLE,MACD,ORB-15,ORB-30,PDH-PDL,SR-BREAK,STOCHASTIC,SUPERTREND,VWAP-STDDEV",12,12.0,ORB-15,ORB-15: breakout above 878.85 (range=12.85),15:15,882.15,TIME_EXIT,WIN,1145.11,0.23,60.0,MEDIUM
2025-02-21,PIIND,SHORT,09:25,3227.95,154,497104.3,3249.2654999999995,3152.7,3.53,"ADX-FILTER,BOLLINGER,CAMARILLA,DAILY-BIAS,FAILED-BO,MACD,ORB-15,ORB-30,PDH-PDL,RSI-EXT,STOCHASTIC,SUPERTREND,VPOC",13,13.0,FAILED-BO,"Failed BO: bull trap above 3229.95, reversed on vol 1.6×",10:00,3152.7,TARGET_HIT,EXACT_WIN,10870.16,2.19,60.0,MEDIUM
2025-02-24,AEGISLOG,LONG,09:20,737.2,678,499821.6,733.514,761.8571428571428,6.69,"BOLLINGER,CAMARILLA,DAILY-BIAS,EMA-CROSS,FIRST-CANDLE,MACD,ORB-15,ORB-30,PIN-BAR,REL-STR,RSI-EXT,SR-BREAK,STOCHASTIC,SUPERTREND,VPOC",15,15.0,VPOC,VPOC: rejection below VPOC=737.56,09:25,733.514,STOP_HIT,LOSS,-3225.8,-0.65,60.0,MEDIUM
2025-02-24,TEJASNET,SHORT,09:45,772.0,647,499484.0,792.7,730.5999999999999,2.0,"ADX-FILTER,DAILY-BIAS,FIRST-CANDLE,ORB-15,ORB-30,PDH-PDL,PIN-BAR,REL-STR,SR-BREAK,STOCHASTIC,VWAP-REV,VWAP-STDDEV",12,12.0,ORB-15,ORB-15: breakdown below 772.00,15:15,760.4,TIME_EXIT,WIN,6781.28,1.36,60.0,MEDIUM
2025-02-25,GODFRYPHLP,LONG,09:35,1916.0,260,498160.0,1862.0,2024.0,2.0,"DAILY-BIAS,EMA-CROSS,FIRST-CANDLE,GAP-CONT,MACD,ORB-15,ORB-30,REL-STR,RSI-EXT,SR-BREAK,STOCHASTIC,SUPERTREND,VPOC",13,13.0,ORB-15,ORB-15: breakout above 1916.00 (range=54.00),15:15,1881.0,TIME_EXIT,LOSS,-9819.2,-1.97,60.0,MEDIUM
2025-02-25,BANKINDIA,SHORT,13:25,93.62,5340,499930.8,95.05,90.76000000000002,2.0,"BEAR-ENGULF,CAMARILLA,CPR,DAILY-BIAS,FIRST-CANDLE,MACD,ORB-15,ORB-30,PDH-PDL,REL-STR,SR-BREAK,SUPERTREND,VPOC",13,13.0,ORB-15,ORB-15: breakdown below 93.62,15:15,91.79,TIME_EXIT,WIN,9048.97,1.81,60.0,MEDIUM
2025-02-27,AUBANK,LONG,09:15,532.0375,939,499583.21,528.1187500000001,547.7125,4.0,"ADX-FILTER,CAMARILLA,FIRST-CANDLE,GAP-CONT,ORB-15,ORB-30,PDH-PDL,PIN-BAR,REL-STR,SR-BREAK,STOCHASTIC,VPOC",12,12.0,CAMARILLA,CAMARILLA: breakout above H4=532.04,09:30,547.7125,TARGET_HIT,EXACT_WIN,13978.83,2.8,60.0,MEDIUM
2025-02-27,VMM,SHORT,13:10,100.98,4814,486117.72,107.2115,75.67000000000002,4.06,"BEAR-ENGULF,BOLLINGER,CAMARILLA,DAILY-BIAS,DESC-TRI,FIRST-CANDLE,INTRADAY-STRUCT,MACD,PDH-PDL,REL-STR,SR-BREAK,STOCHASTIC,SUPERTREND",13,13.0,DESC-TRI,Descending Triangle: breakdown below support 101.27,15:15,100.68,TIME_EXIT,WIN,735.04,0.15,60.0,MEDIUM
2025-02-28,AXISBANK,LONG,10:35,1024.4,488,499907.2,987.129,1110.8749999999998,2.32,"ASC-TRI,BOLLINGER,CAMARILLA,FIRST-CANDLE,MACD,ORB-15,ORB-30,PDH-PDL,PIN-BAR,REL-STR,SR-BREAK,STOCHASTIC,SUPERTREND,VPOC",14,14.0,ASC-TRI,Ascending Triangle: breakout above resistance 1022.19,15:15,1015.65,TIME_EXIT,LOSS,-4995.4,-1.0,60.0,MEDIUM
2025-02-28,BHARATFORG,SHORT,09:45,1016.0,492,499872.0,1035.05,977.9000000000001,2.0,"BEAR-FLAG,CPR,DAILY-BIAS,FIRST-CANDLE,ORB-15,PDH-PDL,PIN-BAR,REL-STR,SR-BREAK,STOCHASTIC,VWAP-STDDEV",11,11.0,ORB-15,ORB-15: breakdown below 1016.00,15:15,1016.1,TIME_EXIT,LOSS,-777.96,-0.16,60.0,MEDIUM
2025-03-03,PAYTM,LONG,13:15,730.6,684,499730.4,692.3980344827585,920.0,4.96,"BOLLINGER,CAMARILLA,FALL-WEDGE,FIRST-CANDLE,MACD,PDH-PDL,PIN-BAR,REL-STR,SUPERTREND,VPOC",10,10.0,FALL-WEDGE,Falling Wedge: broke above upper trendline 729.89,15:15,726.15,TIME_EXIT,LOSS,-3769.93,-0.75,60.0,MEDIUM
2025-03-03,BAJAJHFL,SHORT,10:10,108.01,4629,499978.29,110.2,103.63000000000001,2.0,"BOLLINGER,CAMARILLA,DAILY-BIAS,FIRST-CANDLE,MACD,ORB-15,ORB-30,PDH-PDL,PIN-BAR,REL-STR,RSI-EXT,SR-BREAK,STOCHASTIC,SUPERTREND,VWAP-STDDEV",15,15.0,ORB-15,ORB-15: breakdown below 108.01,13:45,110.2,STOP_HIT,LOSS,-10872.19,-2.17,60.0,MEDIUM
2025-03-04,CASTROLIND,LONG,09:45,212.19,2356,499919.64,208.1,220.37,2.0,"CAMARILLA,CPR,DAILY-BIAS,FIRST-CANDLE,MACD,ORB-15,ORB-30,PDH-PDL,PIN-BAR,REL-STR,SR-BREAK,STOCHASTIC,SUPERTREND,VPOC",14,14.0,ORB-15,ORB-15: breakout above 212.19 (range=4.09),15:15,215.73,TIME_EXIT,WIN,7604.84,1.52,60.0,MEDIUM
2025-03-04,IEX,SHORT,09:15,154.35,2988,461197.8,164.39,134.27,2.0,"ADX-FILTER,BEAR-FLAG,DAILY-BIAS,FAILED-BO,INTRADAY-STRUCT,PDH-PDL,REL-STR,SR-BREAK,STOCHASTIC,VPOC,VWAP-STDDEV",11,11.0,SR-BREAK,SR-BREAK: breakdown below support 154.35,15:15,152.51,TIME_EXIT,WIN,4825.06,1.05,60.0,MEDIUM
2025-03-05,NTPCGREEN,LONG,09:15,87.25,5730,499942.5,86.66714285714286,89.16428571428573,3.28,"ADX-FILTER,EMA-CROSS,FIRST-CANDLE,INTRADAY-STRUCT,MACD,ORB-15,ORB-30,PDH-PDL,PIN-BAR,REL-STR,SR-BREAK,STOCHASTIC,SUPERTREND,VPOC",14,14.0,VPOC,VPOC: rejection below VPOC=87.29,12:40,89.16428571428573,TARGET_HIT,EXACT_WIN,10231.34,2.05,60.0,MEDIUM
2025-03-05,RVNL,SHORT,09:15,335.0,1492,499820.0,341.298,318.05,2.69,"ADX-FILTER,BOLLINGER,CAMARILLA,DAILY-BIAS,FAILED-BO,INTRADAY-STRUCT,MACD,PIN-BAR,RSI-EXT,SUPERTREND,VWAP-REV",11,11.0,FAILED-BO,"Failed BO: bull trap above 339.30, reversed on vol 4.5×",09:40,341.298,STOP_HIT,LOSS,-10130.65,-2.03,60.0,MEDIUM
2025-03-06,CUMMINSIND,LONG,09:35,2947.9325,169,498200.59,2923.96625,3043.7974999999997,4.0,"CAMARILLA,DAILY-BIAS,DBL-BTM,EMA-CROSS,FIRST-CANDLE,ORB-15,ORB-30,PDH-PDL,PIN-BAR,REL-STR,STOCHASTIC,VPOC,VWAP-STDDEV",13,13.0,CAMARILLA,CAMARILLA: breakout above H4=2947.93,12:00,2923.96625,STOP_HIT,LOSS,-4773.55,-0.96,60.0,MEDIUM
2025-03-06,EXIDEIND,SHORT,09:45,357.15,1399,499652.85,361.39799999999997,345.05,2.85,"BEAR-ENGULF,BOLLINGER,CAMARILLA,CPR,DAILY-BIAS,FIRST-CANDLE,INTRADAY-STRUCT,MACD,ORB-30,PIN-BAR,REL-STR,RSI-EXT,SUPERTREND",13,13.0,BEAR-ENGULF,"Bear Engulf at resistance 359.40, vol 1.6×",15:15,355.8,TIME_EXIT,WIN,1161.29,0.23,60.0,MEDIUM
2025-03-07,SONACOMS,LONG,10:50,523.85,954,499752.9,515.7,540.15,2.0,"BOLLINGER,DAILY-BIAS,DBL-BTM,FIRST-CANDLE,MACD,ORB-15,ORB-30,PIN-BAR,REL-STR,RSI-EXT,SR-BREAK,STOCHASTIC,SUPERTREND,VPOC,VWAP-REV,VWAP-STDDEV",16,16.0,ORB-15,ORB-15: breakout above 523.85 (range=8.15),12:15,515.7,STOP_HIT,LOSS,-8497.52,-1.7,60.0,MEDIUM
2025-03-07,INDUSINDBK,SHORT,09:35,964.1,518,499403.8,976.6,939.1,2.0,"CAMARILLA,DAILY-BIAS,FIRST-CANDLE,MACD,ORB-15,ORB-30,PDH-PDL,PIN-BAR,REL-STR,SR-BREAK,SUPERTREND",11,11.0,ORB-15,ORB-15: breakdown below 964.10,12:05,939.1,TARGET_HIT,EXACT_WIN,12229.31,2.45,60.0,MEDIUM
2025-03-10,NESTLEIND,LONG,10:15,1125.0,444,499500.0,1077.6,1219.8000000000002,2.0,"CAMARILLA,CPR,DAILY-BIAS,EMA-CROSS,FIRST-CANDLE,MACD,ORB-15,ORB-30,PDH-PDL,PIN-BAR,STOCHASTIC,SUPERTREND,VPOC",13,13.0,ORB-15,ORB-15: breakout above 1125.00 (range=47.40),15:15,1123.6,TIME_EXIT,LOSS,-1349.34,-0.27,60.0,MEDIUM
2025-03-10,DIXON,SHORT,12:50,13800.0,36,496800.0,14087.95,13224.099999999999,2.0,"CAMARILLA,DAILY-BIAS,DBL-TOP,FIRST-CANDLE,INTRADAY-STRUCT,OPEN-WEAK,ORB-15,ORB-30,PDH-PDL,REL-STR,SR-BREAK,STOCHASTIC",12,12.0,ORB-15,ORB-15: breakdown below 13800.00,14:20,13224.099999999999,TARGET_HIT,EXACT_WIN,20019.71,4.03,60.0,MEDIUM
2025-03-11,AMBUJACEM,LONG,09:20,488.35,1023,499582.05,485.90825,506.7081632653061,7.52,"BOLLINGER,CAMARILLA,FIRST-CANDLE,INTRADAY-STRUCT,MACD,ORB-15,ORB-30,PIN-BAR,REL-STR,RSI-EXT,SR-BREAK,SUPERTREND,VPOC",13,13.0,VPOC,VPOC: rejection below VPOC=488.84,09:25,485.90825,STOP_HIT,LOSS,-3224.27,-0.65,60.0,MEDIUM
2025-03-11,MANKIND,SHORT,12:10,2235.0,223,498405.0,2269.9,2165.2,2.0,"ADX-FILTER,DAILY-BIAS,DBL-TOP,FIRST-CANDLE,MACD,OPEN-WEAK,ORB-15,ORB-30,PDH-PDL,REL-STR,STOCHASTIC",11,11.0,ORB-15,ORB-15: breakdown below 2235.00,15:15,2206.9,TIME_EXIT,WIN,5543.15,1.11,60.0,MEDIUM
2025-03-12,ADANIPORTS,LONG,09:45,1144.65,436,499067.4,1135.8,1162.3500000000004,2.0,"DAILY-BIAS,DBL-BTM,FIRST-CANDLE,MACD,ORB-15,ORB-30,PDH-PDL,REL-STR,RSI-EXT,SR-BREAK,SUPERTREND,VPOC,VWAP-REV",13,13.0,ORB-15,ORB-15: breakout above 1144.65 (range=8.85),10:35,1135.8,STOP_HIT,LOSS,-4583.18,-0.92,60.0,MEDIUM
2025-03-12,ANGELONE,SHORT,10:05,199.9,2501,499949.9,204.1358038965718,191.42839220685644,2.0,"ADX-FILTER,BOLLINGER,CAMARILLA,DAILY-BIAS,FAILED-BO,FIRST-CANDLE,INTRADAY-STRUCT,MACD,PIN-BAR,RSI-EXT,SR-BREAK,STOCHASTIC,SUPERTREND",13,13.0,SUPERTREND,"SUPERTREND: flipped bearish, ST=203.73",15:15,196.4,TIME_EXIT,WIN,8029.66,1.61,60.0,MEDIUM
2025-03-13,KOTAKBANK,LONG,09:40,396.7,1260,499842.0,393.9,402.3,2.0,"ASC-TRI,BOLLINGER,DAILY-BIAS,EMA-CROSS,FIRST-CANDLE,MACD,ORB-15,PIN-BAR,REL-STR,SR-BREAK,SUPERTREND,VPOC,VWAP-STDDEV",13,13.0,ORB-15,ORB-15: breakout above 396.70 (range=2.80),15:15,396.8,TIME_EXIT,LOSS,-602.79,-0.12,60.0,MEDIUM
2025-03-13,LTM,SHORT,09:25,4468.8,111,496036.8,4555.058303426429,4296.283393147142,2.0,"ADX-FILTER,BEAR-FLAG,CAMARILLA,DAILY-BIAS,FIRST-CANDLE,MACD,PDH-PDL,PIN-BAR,REL-STR,SR-BREAK,STOCHASTIC,SUPERTREND",12,12.0,SUPERTREND,"SUPERTREND: flipped bearish, ST=4545.97",15:15,4467.1,TIME_EXIT,LOSS,-534.7,-0.11,60.0,MEDIUM
2025-03-17,KOTAKBANK,LONG,13:55,397.5,1257,499657.5,394.8,402.9,2.0,"ASC-TRI,CAMARILLA,CPR,DAILY-BIAS,DBL-BTM,EMA-CROSS,FIRST-CANDLE,MACD,ORB-15,PDH-PDL,PIN-BAR,SR-BREAK,STOCHASTIC,SUPERTREND,VPOC",15,15.0,ORB-15,ORB-15: breakout above 397.50 (range=2.70),15:15,398.8,TIME_EXIT,WIN,904.36,0.18,60.0,MEDIUM
2025-03-17,TATATECH,SHORT,12:50,633.5,789,499831.5,642.9,614.7,2.0,"BOLLINGER,CAMARILLA,DAILY-BIAS,FIRST-CANDLE,INTRADAY-STRUCT,MACD,ORB-15,ORB-30,PDH-PDL,PIN-BAR,REL-STR,SR-BREAK,STOCHASTIC,SUPERTREND,VPOC",15,15.0,ORB-15,ORB-15: breakdown below 633.50,15:15,627.55,TIME_EXIT,WIN,3968.55,0.79,60.0,MEDIUM
2025-03-18,SWANCORP,LONG,09:15,403.29499999999996,1239,499682.5,398.6475,421.8849999999999,4.0,"ADX-FILTER,CAMARILLA,EMA-CROSS,FIRST-CANDLE,GAP-CONT,INTRADAY-STRUCT,ORB-15,ORB-30,PDH-PDL,REL-STR,SR-BREAK,STOCHASTIC,VPOC,VWAP-STDDEV",14,14.0,CAMARILLA,CAMARILLA: breakout above H4=403.29,15:15,411.3,TIME_EXIT,WIN,9181.87,1.84,60.0,MEDIUM
2025-03-18,JSWSTEEL,SHORT,12:40,1013.85,493,499828.05,1020.5774999999999,1000.15,2.04,"ADX-FILTER,BEAR-ENGULF,BOLLINGER,CAMARILLA,FIRST-CANDLE,MACD,PIN-BAR,REL-STR,RSI-EXT,SR-BREAK,SUPERTREND,VPOC,VWAP-STDDEV",13,13.0,BEAR-ENGULF,"Bear Engulf at resistance 1015.45, vol 1.7×",14:00,1020.5774999999999,STOP_HIT,LOSS,-4047.23,-0.81,60.0,MEDIUM
2025-03-19,HDFCAMC,LONG,09:15,1839.9857142857143,271,498636.13,1827.45,1880.8428571428572,3.26,"ADX-FILTER,CAMARILLA,DAILY-BIAS,DBL-BTM,FIRST-CANDLE,INTRADAY-STRUCT,ORB-15,ORB-30,PDH-PDL,PIN-BAR,REL-STR,SR-BREAK,VPOC",13,13.0,VPOC,VPOC: breakout above VAH=1839.99,12:15,1880.8428571428572,TARGET_HIT,EXACT_WIN,10336.47,2.07,60.0,MEDIUM
2025-03-19,PHOENIXLTD,SHORT,10:20,1580.2,316,499343.2,1626.35,1487.9000000000003,2.0,"ADX-FILTER,CAMARILLA,FAILED-BO,FIRST-CANDLE,MACD,ORB-15,ORB-30,PDH-PDL,PIN-BAR,REL-STR,SR-BREAK,STOCHASTIC,SUPERTREND",13,13.0,ORB-15,ORB-15: breakdown below 1580.20,15:15,1554.25,TIME_EXIT,WIN,7476.87,1.5,60.0,MEDIUM
2025-03-20,NUVAMA,LONG,09:15,1141.8061224489795,437,498969.28,1137.7653061224491,1163.3571428571427,5.33,"ADX-FILTER,CAMARILLA,CPR,DAILY-BIAS,DBL-BTM,EMA-CROSS,FIRST-CANDLE,MACD,ORB-15,ORB-30,PDH-PDL,PIN-BAR,REL-STR,SR-BREAK,VPOC",15,15.0,VPOC,VPOC: breakout above VAH=1141.81,10:30,1163.3571428571427,TARGET_HIT,EXACT_WIN,8682.84,1.74,60.0,MEDIUM
2025-03-20,MARUTI,SHORT,13:20,11742.1,42,493168.2,11818.749749999999,11547.0,2.55,"ADX-FILTER,BEAR-ENGULF,BOLLINGER,CAMARILLA,DAILY-BIAS,FAILED-BO,FIRST-CANDLE,MACD,PIN-BAR,REL-STR,RSI-EXT,SUPERTREND,VWAP-STDDEV",13,13.0,BEAR-ENGULF,"Bear Engulf at resistance 11714.45, vol 2.0×",15:15,11720.6,TIME_EXIT,WIN,183.92,0.04,60.0,MEDIUM
2025-03-21,SBILIFE,LONG,10:10,1507.75,331,499065.25,1493.45,1536.35,2.0,"ADX-FILTER,CAMARILLA,CPR,DAILY-BIAS,DBL-BTM,FIRST-CANDLE,MACD,ORB-15,ORB-30,PDH-PDL,PIN-BAR,SR-BREAK,SUPERTREND,VPOC,VWAP-STDDEV",15,15.0,ORB-15,ORB-15: breakout above 1507.75 (range=14.30),11:40,1536.35,TARGET_HIT,EXACT_WIN,8731.47,1.75,60.0,MEDIUM
2025-03-21,ITC,SHORT,10:40,384.8,1299,499855.2,387.05,380.3,2.0,"BOLLINGER,CAMARILLA,DAILY-BIAS,FIRST-CANDLE,ORB-15,ORB-30,PDH-PDL,REL-STR,SUPERTREND,VPOC,VWAP-STDDEV",11,11.0,ORB-15,ORB-15: breakdown below 384.80,15:10,387.05,STOP_HIT,LOSS,-3653.13,-0.73,60.0,MEDIUM
2025-03-24,GRASIM,LONG,09:50,2509.065,199,499303.93,2493.8575,2569.895,4.0,"CAMARILLA,DAILY-BIAS,DBL-BTM,FIRST-CANDLE,MACD,ORB-15,ORB-30,PDH-PDL,REL-STR,SR-BREAK,STOCHASTIC,SUPERTREND,VPOC",13,13.0,CAMARILLA,CAMARILLA: breakout above H4=2509.07,15:15,2512.0,TIME_EXIT,LOSS,-144.36,-0.03,60.0,MEDIUM
2025-03-24,LTTS,SHORT,09:35,4649.5,107,497496.5,4734.0,4480.5,2.0,"BOLLINGER,CAMARILLA,CPR,DAILY-BIAS,FIRST-CANDLE,MACD,ORB-15,ORB-30,PIN-BAR,REL-STR,SR-BREAK,STOCHASTIC,SUPERTREND",13,13.0,ORB-15,ORB-15: breakdown below 4649.50,15:15,4572.2,TIME_EXIT,WIN,7550.33,1.52,60.0,MEDIUM
2025-03-25,BHARTIHEXA,LONG,12:30,1438.2125,347,499059.74,1413.80625,1535.8375,4.0,"ADX-FILTER,CAMARILLA,DAILY-BIAS,FIRST-CANDLE,INTRADAY-STRUCT,MACD,ORB-15,ORB-30,PDH-PDL,SR-BREAK,STOCHASTIC,SUPERTREND,VPOC",13,13.0,CAMARILLA,CAMARILLA: breakout above H4=1438.21,15:15,1440.3,TIME_EXIT,LOSS,-3.84,-0.0,60.0,MEDIUM
2025-03-25,UNITDSPR,SHORT,10:10,1386.4,360,499104.0,1407.6897947647828,1343.8204104704346,2.0,"BOLLINGER,CAMARILLA,CPR,FAILED-BO,FIRST-CANDLE,MACD,PDH-PDL,PIN-BAR,REL-STR,SR-BREAK,STOCHASTIC,SUPERTREND,VPOC",13,13.0,SUPERTREND,"SUPERTREND: flipped bearish, ST=1404.88",15:15,1365.55,TIME_EXIT,WIN,6782.6,1.36,60.0,MEDIUM
2025-03-26,INDIANB,LONG,10:15,534.95,934,499643.3,525.1,554.6500000000001,2.0,"CAMARILLA,DAILY-BIAS,DBL-BTM,FIRST-CANDLE,MACD,ORB-15,ORB-30,PDH-PDL,PIN-BAR,REL-STR,SR-BREAK,STOCHASTIC,SUPERTREND",13,13.0,ORB-15,ORB-15: breakout above 534.95 (range=9.85),15:15,529.5,TIME_EXIT,LOSS,-5814.69,-1.16,60.0,MEDIUM
2025-03-26,ASIANPAINT,SHORT,12:35,2317.3,215,498219.5,2340.0,2271.9000000000005,2.0,"CAMARILLA,FIRST-CANDLE,MACD,ORB-15,ORB-30,PDH-PDL,PIN-BAR,REL-STR,STOCHASTIC,SUPERTREND,VPOC",11,11.0,ORB-15,ORB-15: breakdown below 2317.30,15:05,2340.0,STOP_HIT,LOSS,-5609.77,-1.13,60.0,MEDIUM
2025-03-27,DABUR,LONG,10:30,507.6,985,499986.0,503.85,515.1,2.0,"ADX-FILTER,BOLLINGER,CAMARILLA,DAILY-BIAS,EMA-CROSS,FIRST-CANDLE,INTRADAY-STRUCT,MACD,ORB-15,ORB-30,PIN-BAR,RSI-EXT,SR-BREAK,STOCHASTIC,SUPERTREND,VPOC",16,16.0,ORB-15,ORB-15: breakout above 507.60 (range=3.75),15:15,513.45,TIME_EXIT,WIN,5028.8,1.01,60.0,MEDIUM
2025-03-27,INFY,SHORT,12:50,1595.55,313,499407.15,1609.8,1567.05,2.0,"ADX-FILTER,BOLLINGER,CAMARILLA,DAILY-BIAS,MACD,ORB-15,ORB-30,PDH-PDL,STOCHASTIC,VPOC,VWAP-STDDEV",11,11.0,ORB-15,ORB-15: breakdown below 1595.55,15:15,1604.15,TIME_EXIT,LOSS,-3421.44,-0.69,60.0,MEDIUM
2025-03-28,HINDUNILVR,LONG,09:50,2252.2000000000003,222,499988.4,2244.1214285714286,2304.4000000000005,6.46,"CAMARILLA,DBL-BTM,FIRST-CANDLE,GAP-CONT,MACD,ORB-15,ORB-30,PDH-PDL,PIN-BAR,REL-STR,SR-BREAK,STOCHASTIC,VPOC",13,13.0,VPOC,VPOC: breakout above VAH=2252.20,15:15,2261.05,TIME_EXIT,WIN,1234.25,0.25,60.0,MEDIUM
2025-03-28,DIXON,SHORT,09:20,13627.95,36,490606.2,13749.203999999998,13100.0,4.35,"BEAR-ENGULF,BOLLINGER,CAMARILLA,DAILY-BIAS,FAILED-BO,MACD,ORB-30,PDH-PDL,PIN-BAR,SR-BREAK,SUPERTREND,VPOC",12,12.0,FAILED-BO,"Failed BO: bull trap above 13673.95, reversed on vol 1.6×",13:45,13100.0,TARGET_HIT,EXACT_WIN,18300.96,3.73,60.0,MEDIUM
2025-04-01,HUDCO,LONG,10:10,201.5,2481,499921.5,195.45,213.60000000000002,2.0,"CAMARILLA,DAILY-BIAS,EMA-CROSS,FIRST-CANDLE,MACD,ORB-15,ORB-30,PDH-PDL,REL-STR,SR-BREAK,STOCHASTIC,SUPERTREND,VPOC",13,13.0,ORB-15,ORB-15: breakout above 201.50 (range=6.05),15:15,206.47,TIME_EXIT,WIN,11592.0,2.32,60.0,MEDIUM
2025-04-01,ZYDUSLIFE,SHORT,13:40,881.3,567,499697.1,895.25,853.3999999999999,2.0,"ADX-FILTER,BEAR-ENGULF,BOLLINGER,CAMARILLA,DAILY-BIAS,MACD,ORB-15,ORB-30,PDH-PDL,SR-BREAK,SUPERTREND",11,11.0,ORB-15,ORB-15: breakdown below 881.30,15:15,877.95,TIME_EXIT,WIN,1172.04,0.23,60.0,MEDIUM
2025-04-02,UNITDSPR,LONG,09:25,1407.357142857143,355,499611.79,1406.017857142857,1425.0357142857144,13.2,"ADX-FILTER,CAMARILLA,CPR,DAILY-BIAS,DBL-BTM,FIRST-CANDLE,INTRADAY-STRUCT,MACD,ORB-15,ORB-30,PDH-PDL,SR-BREAK,STOCHASTIC,VPOC",14,14.0,VPOC,VPOC: breakout above VAH=1407.36,10:15,1425.0357142857144,TARGET_HIT,EXACT_WIN,5542.54,1.11,60.0,MEDIUM
2025-04-02,TITAN,SHORT,09:15,2989.95,167,499321.65,3083.37,2803.1099999999997,2.0,"BOLLINGER,CAMARILLA,DAILY-BIAS,DBL-TOP,DESC-TRI,FIRST-CANDLE,MACD,PDH-PDL,REL-STR,RSI-EXT,SR-BREAK,STOCHASTIC,VWAP-REV",13,13.0,SR-BREAK,SR-BREAK: breakdown below support 2989.95,13:05,3083.37,STOP_HIT,LOSS,-16338.04,-3.27,60.0,MEDIUM
2025-04-03,YESBANK,LONG,13:35,17.61,28392,499983.12,17.11,18.61,2.0,"ADX-FILTER,CAMARILLA,DAILY-BIAS,DBL-BTM,EMA-CROSS,FIRST-CANDLE,INTRADAY-STRUCT,ORB-30,PDH-PDL,REL-STR,SR-BREAK,STOCHASTIC,SUPERTREND,VPOC",14,14.0,ORB-30,ORB-30: breakout above 17.61 (range=0.50),15:15,17.98,TIME_EXIT,WIN,9767.84,1.95,60.0,MEDIUM
2025-04-03,PNBHOUSING,SHORT,13:45,919.95,543,499532.85,925.2532499999999,868.25,9.75,"BOLLINGER,CPR,FAILED-BO,FIRST-CANDLE,INTRADAY-STRUCT,MACD,PIN-BAR,REL-STR,RSI-EXT,SUPERTREND,VPOC,VWAP-STDDEV",12,12.0,FAILED-BO,"Failed BO: bull trap above 920.00, reversed on vol 1.6×",13:55,925.2532499999999,STOP_HIT,LOSS,-3609.58,-0.72,60.0,MEDIUM
2025-04-04,NESTLEIND,LONG,09:30,1124.5,444,499278.0,1123.1224489795918,1148.7448979591836,17.6,"ADX-FILTER,BOLLINGER,CAMARILLA,DAILY-BIAS,EMA-CROSS,FIRST-CANDLE,INTRADAY-STRUCT,MACD,ORB-15,PDH-PDL,REL-STR,SR-BREAK,STOCHASTIC,SUPERTREND,VPOC",15,15.0,VPOC,VPOC: breakout above VAH=1124.50,12:45,1123.1224489795918,STOP_HIT,LOSS,-1339.07,-0.27,60.0,MEDIUM
2025-04-04,ICICIPRULI,SHORT,09:20,557.0,897,499629.0,567.2925696293827,536.4148607412346,2.0,"ADX-FILTER,CAMARILLA,CPR,FAILED-BO,FIRST-CANDLE,MACD,PDH-PDL,PIN-BAR,REL-STR,SR-BREAK,STOCHASTIC,SUPERTREND",12,12.0,SUPERTREND,"SUPERTREND: flipped bearish, ST=566.16",15:15,557.35,TIME_EXIT,LOSS,-1042.53,-0.21,60.0,MEDIUM
2025-04-07,BRITANNIA,LONG,09:15,4622.0,108,499176.0,4529.5599999999995,5028.1,4.39,"ADX-FILTER,BOLLINGER,CAMARILLA,DAILY-BIAS,DBL-BTM,FIRST-CANDLE,GAP-FADE,INTRADAY-STRUCT,MACD,PIN-BAR,REL-STR,RSI-EXT,SR-BREAK,SUPERTREND",14,14.0,GAP-FADE,"GAP-FADE: gap-down -8.1%, fading back to 5028.10",13:40,5028.1,TARGET_HIT,EXACT_WIN,43096.29,8.63,60.0,MEDIUM
2025-04-07,SIGNATURE,SHORT,09:40,1054.9,473,498967.7,1079.45,1005.8000000000002,2.0,"ADX-FILTER,FIRST-CANDLE,ORB-15,ORB-30,PDH-PDL,PIN-BAR,REL-STR,STOCHASTIC,VWAP-STDDEV",9,10.799999999999999,ORB-15,ORB-15: breakdown below 1054.90,15:15,1053.2,TIME_EXIT,WIN,77.06,0.02,60.0,MEDIUM
2025-04-08,GRASIM,LONG,09:40,2563.575,195,499897.12,2537.5875,2667.5249999999996,4.0,"ADX-FILTER,CAMARILLA,DAILY-BIAS,DBL-BTM,FIRST-CANDLE,GAP-CONT,ORB-15,ORB-30,PDH-PDL,PIN-BAR,REL-STR,STOCHASTIC,VPOC",13,13.0,CAMARILLA,CAMARILLA: breakout above H4=2563.57,15:15,2587.3,TIME_EXIT,WIN,3893.94,0.78,60.0,MEDIUM
2025-04-08,RBLBANK,SHORT,13:35,170.36,2934,499836.24,171.4731,164.41,5.35,"ADX-FILTER,BEAR-ENGULF,BOLLINGER,CAMARILLA,CPR,FIRST-CANDLE,INTRADAY-STRUCT,MACD,ORB-15,ORB-30,PIN-BAR,REL-STR,RSI-EXT,STOCHASTIC,SUPERTREND",15,15.0,BEAR-ENGULF,"Bear Engulf at resistance 170.80, vol 2.4×",15:15,169.4,TIME_EXIT,WIN,2089.56,0.42,60.0,MEDIUM
2025-04-09,CREDITACC,LONG,09:40,998.469387755102,500,499234.69,995.0255102040817,1014.5408163265306,4.67,"BOLLINGER,CAMARILLA,CPR,DAILY-BIAS,EMA-CROSS,FIRST-CANDLE,MACD,ORB-15,ORB-30,PDH-PDL,REL-STR,SR-BREAK,STOCHASTIC,SUPERTREND,VPOC",15,15.0,VPOC,VPOC: breakout above VAH=998.47,09:55,1014.5408163265306,TARGET_HIT,EXACT_WIN,7301.49,1.46,60.0,MEDIUM
2025-04-09,BAJAJHFL,SHORT,09:20,116.61,4287,499907.07,118.65094883818503,112.52810232362994,2.0,"CAMARILLA,FAILED-BO,FIRST-CANDLE,INTRADAY-STRUCT,OPEN-WEAK,PDH-PDL,REL-STR,RSI-EXT,SR-BREAK,STOCHASTIC,SUPERTREND,VWAP-REV,VWAP-STDDEV",13,13.0,SUPERTREND,"SUPERTREND: flipped bearish, ST=118.41",11:15,118.65094883818503,STOP_HIT,LOSS,-9483.33,-1.9,60.0,MEDIUM
2025-04-11,PATANJALI,LONG,09:15,610.245,819,499790.66,608.0725,618.9350000000001,4.0,"CAMARILLA,CPR,DAILY-BIAS,DBL-BTM,FIRST-CANDLE,ORB-15,ORB-30,PDH-PDL,PIN-BAR,REL-STR,SR-BREAK,STOCHASTIC,VPOC",13,13.0,CAMARILLA,CAMARILLA: breakout above H4=610.25,10:05,618.9350000000001,TARGET_HIT,EXACT_WIN,6382.85,1.28,60.0,MEDIUM
2025-04-11,GLENMARK,SHORT,09:15,1419.0,352,499488.0,1442.4764999999998,1339.9,3.37,"ADX-FILTER,BOLLINGER,CAMARILLA,DAILY-BIAS,FAILED-BO,FIRST-CANDLE,MACD,ORB-15,ORB-30,PIN-BAR,REL-STR,RSI-EXT,SR-BREAK,SUPERTREND",14,14.0,FAILED-BO,"Failed BO: bull trap above 1428.65, reversed on vol 3.5×",15:15,1377.15,TIME_EXIT,WIN,14011.41,2.81,60.0,MEDIUM
2025-04-15,JWL,LONG,09:15,375.09999999999997,1332,499633.2,372.625,384.99999999999994,4.0,"ASC-TRI,CAMARILLA,CPR,DAILY-BIAS,FIRST-CANDLE,GAP-CONT,INTRADAY-STRUCT,ORB-15,ORB-30,PDH-PDL,PIN-BAR,REL-STR,SR-BREAK,STOCHASTIC,VPOC,VWAP-STDDEV",16,19.2,CAMARILLA,CAMARILLA: breakout above H4=375.10,10:20,384.99999999999994,TARGET_HIT,EXACT_WIN,12447.95,2.49,60.0,MEDIUM
2025-04-15,INFY,SHORT,09:55,1427.1,350,499485.0,1434.2354999999998,1398.754081632653,3.97,"ADX-FILTER,BEAR-ENGULF,BOLLINGER,CAMARILLA,DAILY-BIAS,FAILED-BO,FIRST-CANDLE,MACD,PIN-BAR,REL-STR,RSI-EXT,SUPERTREND,VPOC",13,13.0,VPOC,VPOC: rejection at VPOC=1426.45,15:15,1424.1,TIME_EXIT,WIN,322.39,0.06,60.0,MEDIUM
2025-04-16,INDIANB,LONG,09:20,529.8795918367347,943,499676.46,527.5224489795918,537.0632653061224,3.05,"ADX-FILTER,ASC-TRI,CPR,DAILY-BIAS,FIRST-CANDLE,INTRADAY-STRUCT,ORB-15,ORB-30,PDH-PDL,PIN-BAR,REL-STR,SR-BREAK,SUPERTREND,VOL-SPIKE,VPOC",15,15.0,VPOC,VPOC: breakout above VAH=529.88,09:25,537.0632653061224,TARGET_HIT,EXACT_WIN,6040.37,1.21,60.0,MEDIUM
2025-04-16,LUPIN,SHORT,11:35,1999.2,250,499800.0,2024.5,1948.6000000000001,2.0,"BOLLINGER,CAMARILLA,CPR,DAILY-BIAS,DBL-TOP,MACD,ORB-15,ORB-30,PDH-PDL,SR-BREAK,VPOC",11,11.0,ORB-15,ORB-15: breakdown below 1999.20,12:40,1948.6000000000001,TARGET_HIT,EXACT_WIN,11928.59,2.39,60.0,MEDIUM
2025-04-17,VIJAYA,LONG,10:25,992.9,503,499428.7,975.0,1028.6999999999998,2.0,"ADX-FILTER,BOLLINGER,CAMARILLA,CPR,FIRST-CANDLE,MACD,ORB-15,ORB-30,PDH-PDL,PIN-BAR,REL-STR,SR-BREAK,SUPERTREND,VPOC",14,14.0,ORB-15,ORB-15: breakout above 992.90 (range=17.90),10:30,1028.6999999999998,TARGET_HIT,EXACT_WIN,17265.01,3.46,60.0,MEDIUM
2025-04-17,GODREJPROP,SHORT,11:45,1984.9,251,498209.9,2014.9,1924.9,2.0,"ADX-FILTER,CAMARILLA,DAILY-BIAS,DBL-TOP,FIRST-CANDLE,INTRADAY-STRUCT,MACD,ORB-15,ORB-30,PDH-PDL,STOCHASTIC,SUPERTREND,VWAP-STDDEV",13,13.0,ORB-15,ORB-15: breakdown below 1984.90,15:15,1990.4,TIME_EXIT,LOSS,-2107.76,-0.42,60.0,MEDIUM
2025-04-21,DRREDDY,LONG,10:00,1167.7,428,499775.6,1155.0,1193.1000000000001,2.0,"ADX-FILTER,BOLLINGER,CAMARILLA,DAILY-BIAS,EMA-CROSS,FIRST-CANDLE,MACD,ORB-15,ORB-30,PIN-BAR,SR-BREAK,STOCHASTIC,SUPERTREND,VPOC",14,14.0,ORB-15,ORB-15: breakout above 1167.70 (range=12.70),15:15,1177.8,TIME_EXIT,WIN,3590.77,0.72,60.0,MEDIUM
2025-04-21,GODREJPROP,SHORT,11:00,2026.8,246,498592.8,2041.1549999999997,1975.4,3.58,"BEAR-ENGULF,BOLLINGER,CAMARILLA,DAILY-BIAS,DBL-TOP,FAILED-BO,FIRST-CANDLE,PIN-BAR,REL-STR,RSI-EXT,SR-BREAK,SUPERTREND,VPOC,VWAP-REV",14,14.0,BEAR-ENGULF,"Bear Engulf at resistance 2014.90, vol 1.6×",12:15,2041.1549999999997,STOP_HIT,LOSS,-4260.34,-0.85,60.0,MEDIUM
2025-04-22,GLENMARK,LONG,10:35,1389.805,359,498939.99,1379.6025000000002,1430.615,4.0,"BOLLINGER,CAMARILLA,EMA-CROSS,FIRST-CANDLE,INTRADAY-STRUCT,MACD,ORB-15,ORB-30,PDH-PDL,PIN-BAR,REL-STR,SR-BREAK,STOCHASTIC,SUPERTREND,VPOC",15,15.0,CAMARILLA,CAMARILLA: breakout above H4=1389.81,12:40,1379.6025000000002,STOP_HIT,LOSS,-4387.26,-0.88,60.0,MEDIUM
2025-04-22,COALINDIA,SHORT,11:40,394.4,1267,499704.8,397.02524999999997,385.2,3.5,"BEAR-ENGULF,BOLLINGER,CAMARILLA,FAILED-BO,FIRST-CANDLE,INTRADAY-STRUCT,MACD,PIN-BAR,SUPERTREND,VPOC",10,10.0,FAILED-BO,"Failed BO: bull trap above 394.85, reversed on vol 3.5×",14:45,385.2,TARGET_HIT,EXACT_WIN,10934.56,2.19,60.0,MEDIUM
2025-04-23,BRITANNIA,LONG,13:15,5444.7,91,495467.7,5406.3,5521.499999999999,2.0,"ADX-FILTER,CAMARILLA,DAILY-BIAS,EMA-CROSS,FIRST-CANDLE,MACD,ORB-15,ORB-30,REL-STR,SR-BREAK,STOCHASTIC,SUPERTREND,VWAP-STDDEV",13,13.0,ORB-15,ORB-15: breakout above 5444.70 (range=38.40),14:20,5521.499999999999,TARGET_HIT,EXACT_WIN,6260.54,1.26,60.0,MEDIUM
2025-04-23,BLUESTARCO,SHORT,10:45,2056.0,243,499608.0,2104.5,1959.0,2.0,"BOLLINGER,CAMARILLA,DAILY-BIAS,FAILED-BO,FIRST-CANDLE,INTRADAY-STRUCT,MACD,ORB-15,ORB-30,PDH-PDL,REL-STR,SR-BREAK,SUPERTREND",13,13.0,ORB-15,ORB-15: breakdown below 2056.00,10:50,1959.0,TARGET_HIT,EXACT_WIN,22856.1,4.57,60.0,MEDIUM
2025-04-24,ASIANPAINT,LONG,09:15,2455.9673469387753,203,498561.37,2449.9571428571426,2481.906122448979,4.32,"ADX-FILTER,CAMARILLA,CPR,DAILY-BIAS,FIRST-CANDLE,INTRADAY-STRUCT,ORB-15,ORB-30,PDH-PDL,PIN-BAR,REL-STR,SR-BREAK,STOCHASTIC,VPOC",14,14.0,VPOC,VPOC: breakout above VAH=2455.97,10:00,2481.906122448979,TARGET_HIT,EXACT_WIN,4534.45,0.91,60.0,MEDIUM
2025-04-24,PIIND,SHORT,09:45,3615.0,138,498870.0,3657.5,3530.0,2.0,"FAILED-BO,FIRST-CANDLE,MACD,ORB-30,PDH-PDL,PIN-BAR,REL-STR,SR-BREAK,STOCHASTIC,SUPERTREND,VPOC,VWAP-STDDEV",12,12.0,ORB-30,ORB-30: breakdown below 3615.00,11:55,3657.5,STOP_HIT,LOSS,-6595.72,-1.32,60.0,MEDIUM
2025-04-25,PAYTM,LONG,09:20,907.8724489795918,550,499329.85,905.6831632653061,924.7612244897958,7.71,"BOLLINGER,DAILY-BIAS,EMA-CROSS,FIRST-CANDLE,MACD,RSI-EXT,SR-BREAK,SUPERTREND,VPOC,VWAP-REV,VWAP-STDDEV",11,11.0,VPOC,VPOC: breakout above VAH=907.87,09:25,905.6831632653061,STOP_HIT,LOSS,-1931.15,-0.39,60.0,MEDIUM
2025-04-25,PIIND,SHORT,09:20,3670.0,136,499120.0,3700.3095,3609.1,2.01,"ADX-FILTER,BOLLINGER,FAILED-BO,FIRST-CANDLE,MACD,ORB-15,ORB-30,PIN-BAR,REL-STR,RSI-EXT,SR-BREAK,STOCHASTIC,SUPERTREND",13,13.0,FAILED-BO,"Failed BO: bull trap above 3678.30, reversed on vol 3.5×",09:50,3609.1,TARGET_HIT,EXACT_WIN,7559.42,1.51,60.0,MEDIUM
2025-04-28,DATAPATTNS,LONG,09:30,2141.685,233,499012.6,2106.8424999999997,2281.055,4.0,"CAMARILLA,DAILY-BIAS,EMA-CROSS,FIRST-CANDLE,MACD,ORB-15,ORB-30,PDH-PDL,REL-STR,SR-BREAK,STOCHASTIC,SUPERTREND,VOL-SPIKE,VPOC",14,14.0,CAMARILLA,CAMARILLA: breakout above H4=2141.68,10:55,2281.055,TARGET_HIT,EXACT_WIN,31719.94,6.36,60.0,MEDIUM
2025-04-28,CHOLAFIN,SHORT,09:15,1517.71,329,499326.59,1570.6,1411.9300000000003,2.0,"FAILED-BO,OPEN-WEAK,PDH-PDL,PIN-BAR,REL-STR,SR-BREAK,STOCHASTIC,VPOC,VWAP-REV,VWAP-STDDEV",10,10.0,SR-BREAK,SR-BREAK: breakdown below support 1517.71,15:15,1525.1,TIME_EXIT,LOSS,-3160.69,-0.63,60.0,MEDIUM
2025-04-29,OBEROIRLTY,LONG,13:30,1603.1,311,498564.1,1574.9514033196683,1659.397193360663,2.0,"ADX-FILTER,BOLLINGER,CPR,DAILY-BIAS,FIRST-CANDLE,GAP-FADE,MACD,PIN-BAR,REL-STR,RSI-EXT,SUPERTREND,VWAP-REV,VWAP-STDDEV",13,13.0,SUPERTREND,"SUPERTREND: flipped bullish, ST=1578.11",15:15,1618.8,TIME_EXIT,WIN,4151.88,0.83,60.0,MEDIUM
2025-04-29,IGIL,SHORT,09:15,358.1,1396,499907.6,361.4482499999999,344.55,4.05,"ADX-FILTER,BOLLINGER,CAMARILLA,DAILY-BIAS,FAILED-BO,FIRST-CANDLE,INTRADAY-STRUCT,MACD,ORB-15,PDH-PDL,REL-STR,SR-BREAK,STOCHASTIC,SUPERTREND",14,14.0,FAILED-BO,"Failed BO: bull trap above 359.00, reversed on vol 3.7×",12:25,344.55,TARGET_HIT,EXACT_WIN,18197.83,3.64,60.0,MEDIUM
2025-04-30,KPITTECH,LONG,09:30,1273.3224489795919,392,499142.4,1260.7408163265304,1350.4897959183675,6.13,"BOLLINGER,CAMARILLA,DAILY-BIAS,EMA-CROSS,FIRST-CANDLE,MACD,ORB-15,PDH-PDL,REL-STR,SR-BREAK,STOCHASTIC,SUPERTREND,VPOC,VWAP-REV,VWAP-STDDEV",15,15.0,VPOC,VPOC: breakout above VAH=1273.32,11:45,1260.7408163265304,STOP_HIT,LOSS,-5655.84,-1.13,60.0,MEDIUM
2025-04-30,VBL,SHORT,10:25,533.85,936,499683.6,537.2227499999999,523.45,3.08,"ADX-FILTER,BEAR-ENGULF,BOLLINGER,CAMARILLA,DAILY-BIAS,MACD,PDH-PDL,SR-BREAK,SUPERTREND,VPOC,VWAP-STDDEV",11,11.0,BEAR-ENGULF,"Bear Engulf at resistance 539.00, vol 2.1×",11:55,523.45,TARGET_HIT,EXACT_WIN,9011.49,1.8,60.0,MEDIUM
2025-05-02,PIIND,LONG,13:30,3704.9,134,496456.6,3484.8,4349.55,2.93,"ASC-TRI,DAILY-BIAS,EMA-CROSS,FIRST-CANDLE,INTRADAY-STRUCT,MACD,ORB-15,ORB-30,PDH-PDL,PIN-BAR,SR-BREAK,STOCHASTIC,SUPERTREND,VPOC,VWAP-STDDEV",15,15.0,ASC-TRI,Ascending Triangle: breakout above resistance 3700.28,15:15,3700.0,TIME_EXIT,LOSS,-1380.16,-0.28,60.0,MEDIUM
2025-05-02,FSL,SHORT,10:10,336.6,1485,499851.0,340.0919999999999,328.9,2.21,"ADX-FILTER,CAMARILLA,FAILED-BO,FIRST-CANDLE,MACD,ORB-15,ORB-30,PDH-PDL,PIN-BAR,REL-STR,SR-BREAK,STOCHASTIC,SUPERTREND,VPOC",14,14.0,FAILED-BO,"Failed BO: bull trap above 336.80, reversed on vol 3.8×",11:20,328.9,TARGET_HIT,EXACT_WIN,10712.33,2.14,60.0,MEDIUM
2025-05-05,ITC,LONG,10:45,410.58673469387753,1217,499684.06,410.0831632653061,415.1908163265306,9.14,"ADX-FILTER,CAMARILLA,CPR,DAILY-BIAS,FIRST-CANDLE,INTRADAY-STRUCT,MACD,ORB-15,ORB-30,PDH-PDL,REL-STR,SR-BREAK,STOCHASTIC,VPOC",14,14.0,VPOC,VPOC: breakout above VAH=410.59,10:50,415.1908163265306,TARGET_HIT,EXACT_WIN,4870.25,0.97,60.0,MEDIUM
2025-05-05,OFSS,SHORT,11:45,8207.0,60,492420.0,8289.0,8043.0,2.0,"BOLLINGER,CAMARILLA,FIRST-CANDLE,MACD,ORB-15,ORB-30,PDH-PDL,REL-STR,RSI-EXT,SR-BREAK,SUPERTREND,VPOC,VWAP-STDDEV",13,13.0,ORB-15,ORB-15: breakdown below 8207.00,15:15,8125.0,TIME_EXIT,WIN,4204.24,0.85,60.0,MEDIUM
2025-05-06,BALKRISIND,LONG,09:35,2723.0,183,498309.0,2697.3,2774.3999999999996,2.0,"BULL-FLAG,DAILY-BIAS,EMA-CROSS,FIRST-CANDLE,MACD,ORB-15,ORB-30,PDH-PDL,PIN-BAR,REL-STR,SR-BREAK,STOCHASTIC,SUPERTREND,VPOC",14,14.0,ORB-15,ORB-15: breakout above 2723.00 (range=25.70),15:15,2734.0,TIME_EXIT,WIN,1284.8,0.26,60.0,MEDIUM
2025-05-06,MRF,SHORT,10:10,136195.0,3,408585.0,137270.0,134045.0,2.0,"ADX-FILTER,BEAR-ENGULF,BOLLINGER,CAMARILLA,FIRST-CANDLE,MACD,ORB-15,ORB-30,PDH-PDL,PIN-BAR,STOCHASTIC,SUPERTREND,VPOC",13,13.0,ORB-15,ORB-15: breakdown below 136195.00,15:15,135045.0,TIME_EXIT,WIN,2847.7,0.7,60.0,MEDIUM
2025-05-07,PAGEIND,LONG,09:15,46135.0,10,461350.0,44183.7,51605.3,2.8,"ASC-TRI,BULL-FLAG,CAMARILLA,DAILY-BIAS,FIRST-CANDLE,INTRADAY-STRUCT,ORB-15,ORB-30,PDH-PDL,REL-STR,SR-BREAK,STOCHASTIC,VPOC",13,13.0,ASC-TRI,Ascending Triangle: breakout above resistance 46088.75,15:15,46400.0,TIME_EXIT,WIN,1971.69,0.43,60.0,MEDIUM
2025-05-07,PHOENIXLTD,SHORT,11:05,1474.4,339,499821.6,1498.2,1426.8000000000002,2.0,"DAILY-BIAS,FAILED-BO,FIRST-CANDLE,OPEN-WEAK,ORB-15,ORB-30,PDH-PDL,PIN-BAR,REL-STR,STOCHASTIC,VWAP-REV",11,11.0,ORB-15,ORB-15: breakdown below 1474.40,11:15,1498.2,STOP_HIT,LOSS,-8801.48,-1.76,60.0,MEDIUM
2025-05-08,LTM,LONG,12:10,4670.0,107,499690.0,4434.012,5527.4,3.63,"ASC-TRI,CPR,DAILY-BIAS,FIRST-CANDLE,MACD,ORB-15,ORB-30,PDH-PDL,REL-STR,SR-BREAK,STOCHASTIC,SUPERTREND,VPOC",13,13.0,ASC-TRI,Ascending Triangle: breakout above resistance 4664.70,15:15,4601.6,TIME_EXIT,LOSS,-8041.49,-1.61,60.0,MEDIUM
2025-05-08,PIDILITIND,SHORT,11:20,1482.5,337,499602.5,1497.0,1453.5,2.0,"ADX-FILTER,DBL-TOP,FAILED-BO,FIRST-CANDLE,MACD,ORB-15,ORB-30,PDH-PDL,PIN-BAR,REL-STR,SR-BREAK,STOCHASTIC,SUPERTREND",13,13.0,ORB-15,ORB-15: breakdown below 1482.50,15:15,1480.1,TIME_EXIT,WIN,80.89,0.02,60.0,MEDIUM
2025-05-09,BHARATFORG,LONG,10:10,1154.9299999999998,432,498929.76,1134.965,1234.7899999999995,4.0,"BULL-FLAG,CAMARILLA,DAILY-BIAS,DBL-BTM,EMA-CROSS,FIRST-CANDLE,GAP-CONT,INTRADAY-STRUCT,ORB-30,PDH-PDL,PIN-BAR,SR-BREAK,STOCHASTIC,VOL-SPIKE,VPOC",15,15.0,CAMARILLA,CAMARILLA: breakout above H4=1154.93,15:15,1166.9,TIME_EXIT,WIN,4439.5,0.89,60.0,MEDIUM
2025-05-09,DLF,SHORT,11:30,632.5,790,499675.0,651.0,595.5,2.0,"DAILY-BIAS,DBL-TOP,FIRST-CANDLE,OPEN-WEAK,ORB-30,PDH-PDL,PIN-BAR,REL-STR,STOCHASTIC",9,9.0,ORB-30,ORB-30: breakdown below 632.50,15:15,628.6,TIME_EXIT,WIN,2354.29,0.47,60.0,MEDIUM
2025-05-12,PIIND,LONG,09:15,3697.045,135,499101.08,3667.3725,3815.7350000000006,4.0,"ADX-FILTER,ASC-TRI,CAMARILLA,DAILY-BIAS,FIRST-CANDLE,GAP-CONT,INTRADAY-STRUCT,ORB-15,ORB-30,PDH-PDL,SR-BREAK,STOCHASTIC,VPOC,VWAP-STDDEV",14,16.8,CAMARILLA,CAMARILLA: breakout above H4=3697.05,12:55,3667.3725,STOP_HIT,LOSS,-4730.3,-0.95,60.0,MEDIUM
2025-05-12,DMART,SHORT,12:05,4015.7,124,497946.8,4043.7179999999994,3850.0,5.91,"ADX-FILTER,BEAR-ENGULF,BOLLINGER,CAMARILLA,DAILY-BIAS,FIRST-CANDLE,MACD,ORB-15,ORB-30,REL-STR,RSI-EXT,SR-BREAK,VWAP-STDDEV",13,13.0,BEAR-ENGULF,"Bear Engulf at resistance 3994.60, vol 3.0×",15:15,4019.7,TIME_EXIT,LOSS,-1222.39,-0.25,60.0,MEDIUM
2025-05-13,PIDILITIND,LONG,10:00,1556.665,321,499689.46,1548.3325,1589.995,4.0,"ASC-TRI,CAMARILLA,DAILY-BIAS,FIRST-CANDLE,INTRADAY-STRUCT,MACD,ORB-30,PDH-PDL,PIN-BAR,REL-STR,SR-BREAK,STOCHASTIC,VPOC,VWAP-STDDEV",14,14.0,CAMARILLA,CAMARILLA: breakout above H4=1556.66,10:45,1548.3325,STOP_HIT,LOSS,-3401.1,-0.68,60.0,MEDIUM
2025-05-13,ITC,SHORT,09:30,411.6,1214,499682.4,417.55,399.70000000000005,2.0,"ADX-FILTER,BEAR-ENGULF,FAILED-BO,FIRST-CANDLE,INTRADAY-STRUCT,ORB-15,ORB-30,PDH-PDL,PIN-BAR,SR-BREAK,SUPERTREND,VPOC",12,12.0,ORB-15,ORB-15: breakdown below 411.60,15:15,407.6,TIME_EXIT,WIN,4130.3,0.83,60.0,MEDIUM
2025-05-14,JINDALSTEL,LONG,09:25,921.2975,542,499343.24,915.94875,942.6925,4.0,"ASC-TRI,CAMARILLA,DAILY-BIAS,DBL-BTM,FIRST-CANDLE,INTRADAY-STRUCT,ORB-15,ORB-30,PDH-PDL,PIN-BAR,REL-STR,SR-BREAK,STOCHASTIC,VOL-SPIKE,VPOC",15,15.0,CAMARILLA,CAMARILLA: breakout above H4=921.30,13:50,942.6925,TARGET_HIT,EXACT_WIN,10858.89,2.17,60.0,MEDIUM
2025-05-14,CROMPTON,SHORT,10:10,331.55,1508,499977.4,339.45,315.75000000000006,2.0,"BEAR-ENGULF,BOLLINGER,CAMARILLA,DAILY-BIAS,FAILED-BO,FIRST-CANDLE,MACD,ORB-15,ORB-30,PDH-PDL,PIN-BAR,REL-STR,SR-BREAK,SUPERTREND,VPOC",15,15.0,ORB-15,ORB-15: breakdown below 331.55,15:15,331.2,TIME_EXIT,LOSS,-200.78,-0.04,60.0,MEDIUM
2025-05-15,SBICARD,LONG,10:00,901.2,554,499264.8,895.4,912.8000000000002,2.0,"ADX-FILTER,BOLLINGER,CAMARILLA,DAILY-BIAS,EMA-CROSS,FIRST-CANDLE,MACD,ORB-15,ORB-30,PDH-PDL,PIN-BAR,SR-BREAK,STOCHASTIC,SUPERTREND,VPOC",15,15.0,ORB-15,ORB-15: breakout above 901.20 (range=5.80),14:30,912.8000000000002,TARGET_HIT,EXACT_WIN,5693.4,1.14,60.0,MEDIUM
2025-05-15,CROMPTON,SHORT,10:05,329.5,1517,499851.5,334.0,320.5,2.0,"ADX-FILTER,DAILY-BIAS,FIRST-CANDLE,INTRADAY-STRUCT,MACD,ORB-15,ORB-30,PDH-PDL,REL-STR,SR-BREAK,STOCHASTIC,SUPERTREND,VPOC",13,13.0,ORB-15,ORB-15: breakdown below 329.50,15:15,327.4,TIME_EXIT,WIN,2458.81,0.49,60.0,MEDIUM
2025-05-16,ABFRL,LONG,09:15,210.72857142857143,2372,499848.17,210.184693877551,213.23877551020408,4.62,"ADX-FILTER,CAMARILLA,DAILY-BIAS,DBL-BTM,FIRST-CANDLE,MACD,ORB-15,ORB-30,PDH-PDL,PIN-BAR,REL-STR,SR-BREAK,STOCHASTIC,VPOC,VWAP-STDDEV",15,15.0,VPOC,VPOC: breakout above VAH=210.73,09:20,213.23877551020408,TARGET_HIT,EXACT_WIN,5220.79,1.04,60.0,MEDIUM
2025-05-16,JSWSTEEL,SHORT,10:20,1029.1,485,499113.5,1036.7579999999998,990.0,5.11,"ADX-FILTER,BEAR-ENGULF,CPR,FAILED-BO,FIRST-CANDLE,ORB-15,ORB-30,PIN-BAR,REL-STR,SUPERTREND,VPOC",11,11.0,BEAR-ENGULF,"Bear Engulf at resistance 1040.60, vol 1.8×",15:15,1021.2,TIME_EXIT,WIN,3105.99,0.62,60.0,MEDIUM
2025-05-19,CESC,LONG,09:15,161.31448979591838,3099,499913.6,161.02214285714285,165.52428571428572,14.4,"ASC-TRI,CAMARILLA,CPR,DAILY-BIAS,FIRST-CANDLE,GAP-CONT,INTRADAY-STRUCT,ORB-15,ORB-30,PDH-PDL,PIN-BAR,REL-STR,SR-BREAK,VOL-SPIKE,VPOC",15,15.0,VPOC,VPOC: breakout above VAH=161.31,09:30,165.52428571428572,TARGET_HIT,EXACT_WIN,12307.04,2.46,60.0,MEDIUM
2025-05-19,JSWSTEEL,SHORT,11:35,1020.6,489,499073.4,1034.0,993.8000000000001,2.0,"ADX-FILTER,BOLLINGER,CAMARILLA,FIRST-CANDLE,MACD,ORB-15,ORB-30,PDH-PDL,PIN-BAR,REL-STR,SR-BREAK,STOCHASTIC",12,12.0,ORB-15,ORB-15: breakdown below 1020.60,15:15,1019.7,TIME_EXIT,LOSS,-287.3,-0.06,60.0,MEDIUM
2025-05-20,COALINDIA,LONG,09:15,395.7875,1263,499879.61,394.06875,402.6625,4.0,"CAMARILLA,DAILY-BIAS,FIRST-CANDLE,INTRADAY-STRUCT,ORB-15,ORB-30,PDH-PDL,PIN-BAR,REL-STR,SR-BREAK,STOCHASTIC,VOL-SPIKE,VPOC",13,13.0,CAMARILLA,CAMARILLA: breakout above H4=395.79,09:20,394.06875,STOP_HIT,LOSS,-2897.81,-0.58,60.0,MEDIUM
2025-05-20,LTF,SHORT,11:25,174.81,2860,499956.6,177.14,170.15000000000003,2.0,"BOLLINGER,CAMARILLA,FAILED-BO,FIRST-CANDLE,MACD,ORB-15,ORB-30,PDH-PDL,PIN-BAR,REL-STR,SR-BREAK,SUPERTREND,VPOC",13,13.0,ORB-15,ORB-15: breakdown below 174.81,15:15,171.26,TIME_EXIT,WIN,9429.95,1.89,60.0,MEDIUM
2025-05-21,GLENMARK,LONG,09:20,1459.4,342,499114.8,1434.7208999765273,1508.7582000469456,2.0,"ASC-TRI,CAMARILLA,CPR,DAILY-BIAS,DBL-BTM,EMA-CROSS,FIRST-CANDLE,PDH-PDL,REL-STR,SR-BREAK,STOCHASTIC,SUPERTREND,VPOC,VWAP-STDDEV",14,14.0,EMA-CROSS,"EMA-CROSS: 9EMA crossed above 21EMA, price above VWAP",12:10,1434.7208999765273,STOP_HIT,LOSS,-9161.27,-1.84,60.0,MEDIUM
2025-05-21,BHARATFORG,SHORT,11:00,1242.0725,402,499313.15,1254.145,1217.9275,2.0,"ADX-FILTER,BOLLINGER,CAMARILLA,FAILED-BO,MACD,OPEN-WEAK,PDH-PDL,PIN-BAR,STOCHASTIC,VWAP-STDDEV",10,10.0,CAMARILLA,"CAMARILLA: reversal at H3=1242.07, target L3=1217.93",15:15,1228.3,TIME_EXIT,WIN,4811.74,0.96,60.0,MEDIUM
2025-05-22,MOTHERSON,LONG,10:55,98.33,5084,499909.72,96.83,101.33,2.0,"BOLLINGER,CAMARILLA,DAILY-BIAS,EMA-CROSS,FIRST-CANDLE,MACD,ORB-15,ORB-30,PDH-PDL,PIN-BAR,REL-STR,SR-BREAK,SUPERTREND,VPOC",14,14.0,ORB-15,ORB-15: breakout above 98.33 (range=1.50),15:15,98.85,TIME_EXIT,WIN,1912.8,0.38,60.0,MEDIUM
2025-05-22,BLUESTARCO,SHORT,11:25,1598.5975,312,498762.42,1619.1950000000002,1557.4025,2.0,"BOLLINGER,CAMARILLA,DAILY-BIAS,FAILED-BO,MACD,OPEN-WEAK,PDH-PDL,PIN-BAR,STOCHASTIC,VWAP-STDDEV",10,10.0,CAMARILLA,"CAMARILLA: reversal at H3=1598.60, target L3=1557.40",14:45,1557.4025,TARGET_HIT,EXACT_WIN,12132.97,2.43,60.0,MEDIUM
2025-05-23,FSL,LONG,09:20,368.65250000000003,1356,499892.79,366.85125,375.8575000000001,4.0,"CAMARILLA,DAILY-BIAS,FIRST-CANDLE,MACD,ORB-15,ORB-30,PDH-PDL,PIN-BAR,REL-STR,SR-BREAK,STOCHASTIC,SUPERTREND,VOL-SPIKE",13,13.0,CAMARILLA,CAMARILLA: breakout above H4=368.65,09:25,375.8575000000001,TARGET_HIT,EXACT_WIN,9033.48,1.81,60.0,MEDIUM
2025-05-23,PATANJALI,SHORT,09:50,568.5,879,499711.5,572.3,560.9000000000001,2.0,"ADX-FILTER,BEAR-ENGULF,BOLLINGER,CAMARILLA,DAILY-BIAS,FAILED-BO,FIRST-CANDLE,MACD,ORB-15,ORB-30,PDH-PDL,REL-STR,SR-BREAK,STOCHASTIC,SUPERTREND",15,15.0,ORB-15,ORB-15: breakdown below 568.50,10:45,572.3,STOP_HIT,LOSS,-4070.63,-0.81,60.0,MEDIUM
2025-05-26,LTM,LONG,09:35,5096.9,98,499496.2,4920.498,6165.200000000001,6.06,"ASC-TRI,CAMARILLA,CPR,DAILY-BIAS,EMA-CROSS,FIRST-CANDLE,MACD,ORB-15,ORB-30,PDH-PDL,PIN-BAR,SR-BREAK,SUPERTREND,VPOC",14,14.0,ASC-TRI,Ascending Triangle: breakout above resistance 5094.98,15:15,5118.0,TIME_EXIT,WIN,1337.94,0.27,60.0,MEDIUM
2025-05-26,INDUSTOWER,SHORT,10:45,381.3,1311,499884.3,385.0,373.90000000000003,2.0,"DAILY-BIAS,DBL-TOP,FIRST-CANDLE,MACD,ORB-15,ORB-30,PDH-PDL,PIN-BAR,REL-STR,SR-BREAK,STOCHASTIC,SUPERTREND,VPOC",13,13.0,ORB-15,ORB-15: breakdown below 381.30,15:15,380.3,TIME_EXIT,WIN,583.0,0.12,60.0,MEDIUM
2025-05-27,PIIND,LONG,09:40,3692.5,135,498487.5,3690.1785714285716,3715.714285714286,10.0,"BOLLINGER,CAMARILLA,DAILY-BIAS,FIRST-CANDLE,MACD,ORB-15,ORB-30,PDH-PDL,PIN-BAR,REL-STR,SR-BREAK,STOCHASTIC,SUPERTREND,VPOC",14,14.0,VPOC,VPOC: breakout above VAH=3692.50,09:45,3690.1785714285716,STOP_HIT,LOSS,-1039.99,-0.21,60.0,MEDIUM
2025-05-27,BIOCON,SHORT,09:30,332.0,1506,499992.0,334.55,326.9,2.0,"BEAR-ENGULF,BOLLINGER,CAMARILLA,DAILY-BIAS,FAILED-BO,FIRST-CANDLE,INTRADAY-STRUCT,MACD,ORB-15,PDH-PDL,SR-BREAK,SUPERTREND,VWAP-STDDEV",13,13.0,ORB-15,ORB-15: breakdown below 332.00,10:25,334.55,STOP_HIT,LOSS,-4571.39,-0.91,60.0,MEDIUM
2025-05-28,LICI,LONG,09:15,438.51250000000005,1140,499904.25,436.93125000000003,444.8375000000001,4.0,"ADX-FILTER,CAMARILLA,CPR,DAILY-BIAS,FIRST-CANDLE,GAP-CONT,INTRADAY-STRUCT,ORB-15,ORB-30,PDH-PDL,PIN-BAR,REL-STR,VOL-SPIKE,VPOC",14,14.0,CAMARILLA,CAMARILLA: breakout above H4=438.51,09:20,444.8375000000001,TARGET_HIT,EXACT_WIN,6476.01,1.3,60.0,MEDIUM
2025-05-28,LUPIN,SHORT,11:25,1961.2,254,498144.8,1978.4,1926.8,2.0,"CAMARILLA,DAILY-BIAS,DBL-TOP,FIRST-CANDLE,INTRADAY-STRUCT,MACD,ORB-15,ORB-30,PDH-PDL,PIN-BAR,SR-BREAK,STOCHASTIC,VPOC",13,13.0,ORB-15,ORB-15: breakdown below 1961.20,15:15,1940.9,TIME_EXIT,WIN,4432.77,0.89,60.0,MEDIUM
2025-05-29,GRANULES,LONG,09:15,529.4225000000001,944,499774.84,525.3112500000001,545.8675000000003,4.0,"ADX-FILTER,BULL-FLAG,CAMARILLA,DAILY-BIAS,EMA-CROSS,FIRST-CANDLE,INTRADAY-STRUCT,PDH-PDL,PIN-BAR,REL-STR,SR-BREAK,STOCHASTIC,VPOC",13,13.0,CAMARILLA,CAMARILLA: breakout above H4=529.42,11:30,525.3112500000001,STOP_HIT,LOSS,-4606.55,-0.92,60.0,MEDIUM
2025-05-29,ABFRL,SHORT,09:50,86.85,5757,499995.45,87.5,85.54999999999998,2.0,"BOLLINGER,CAMARILLA,DAILY-BIAS,FAILED-BO,FIRST-CANDLE,MACD,ORB-15,ORB-30,PDH-PDL,REL-STR,RSI-EXT,SR-BREAK,SUPERTREND,VPOC,VWAP-STDDEV",15,15.0,ORB-15,ORB-15: breakdown below 86.85,12:05,87.5,STOP_HIT,LOSS,-4473.09,-0.89,60.0,MEDIUM
2025-05-30,DATAPATTNS,LONG,09:40,2890.2204081632653,172,497117.91,2883.891836734694,2920.9591836734694,4.86,"BOLLINGER,CAMARILLA,DAILY-BIAS,EMA-CROSS,FIRST-CANDLE,MACD,ORB-15,ORB-30,PIN-BAR,REL-STR,RSI-EXT,STOCHASTIC,SUPERTREND,VPOC",14,14.0,VPOC,VPOC: breakout above VAH=2890.22,09:50,2883.891836734694,STOP_HIT,LOSS,-1812.63,-0.36,60.0,MEDIUM
2025-05-30,HAVELLS,SHORT,13:05,1545.0,323,499035.0,1556.9,1521.1999999999998,2.0,"CAMARILLA,CPR,DBL-TOP,DESC-TRI,FIRST-CANDLE,INTRADAY-STRUCT,MACD,ORB-30,PDH-PDL,PIN-BAR,SR-BREAK,STOCHASTIC,SUPERTREND,VPOC",14,14.0,ORB-30,ORB-30: breakdown below 1545.00,15:15,1528.0,TIME_EXIT,WIN,4766.54,0.96,60.0,MEDIUM
2025-06-02,INDIANB,LONG,10:45,611.6,817,499677.2,600.9,633.0000000000001,2.0,"ADX-FILTER,BULL-FLAG,CPR,DAILY-BIAS,FIRST-CANDLE,MACD,ORB-15,ORB-30,PDH-PDL,PIN-BAR,REL-STR,SR-BREAK,SUPERTREND,VOL-SPIKE,VPOC",15,15.0,ORB-15,ORB-15: breakout above 611.60 (range=10.70),14:40,633.0000000000001,TARGET_HIT,EXACT_WIN,16741.49,3.35,60.0,MEDIUM
2025-06-02,EICHERMOT,SHORT,10:05,5335.0,93,496155.0,5527.7300000000005,4767.0,2.95,"ADX-FILTER,BEAR-ENGULF,BOLLINGER,CAMARILLA,DAILY-BIAS,DESC-TRI,MACD,ORB-15,ORB-30,STOCHASTIC,SUPERTREND,VPOC",12,12.0,DESC-TRI,Descending Triangle: breakdown below support 5336.75,15:15,5362.0,TIME_EXIT,LOSS,-3236.1,-0.65,60.0,MEDIUM
2025-06-03,LODHA,LONG,09:20,1448.395,345,499696.27,1439.3475,1484.585,4.0,"CAMARILLA,CPR,DAILY-BIAS,EMA-CROSS,FIRST-CANDLE,GAP-CONT,ORB-15,ORB-30,PDH-PDL,PIN-BAR,REL-STR,SR-BREAK,STOCHASTIC,VPOC",14,14.0,CAMARILLA,CAMARILLA: breakout above H4=1448.39,15:15,1447.4,TIME_EXIT,LOSS,-1071.5,-0.21,60.0,MEDIUM
2025-06-03,BAJAJFINSV,SHORT,11:20,2020.1,247,498964.7,2044.8,1970.6999999999998,2.0,"ADX-FILTER,CAMARILLA,DBL-TOP,DESC-TRI,FAILED-BO,FIRST-CANDLE,MACD,ORB-15,ORB-30,PDH-PDL,PIN-BAR,REL-STR,SR-BREAK,SUPERTREND,VPOC",15,15.0,ORB-15,ORB-15: breakdown below 2020.10,15:15,1992.0,TIME_EXIT,WIN,6217.17,1.25,60.0,MEDIUM
2025-06-04,IRFC,LONG,11:20,144.22244897959186,3466,499875.01,144.18367346938777,147.86734693877557,94.0,"BOLLINGER,BULL-FLAG,CAMARILLA,DAILY-BIAS,DBL-BTM,MACD,ORB-15,ORB-30,RSI-EXT,SR-BREAK,STOCHASTIC,SUPERTREND,VOL-SPIKE,VPOC,VWAP-STDDEV",15,15.0,VPOC,VPOC: breakout above VAH=144.22,15:15,144.72,TIME_EXIT,WIN,994.41,0.2,60.0,MEDIUM
2025-06-04,ITC,SHORT,11:00,397.6,1257,499783.2,399.1,394.6,2.0,"BOLLINGER,CAMARILLA,DAILY-BIAS,DBL-TOP,FAILED-BO,FIRST-CANDLE,MACD,ORB-15,ORB-30,PIN-BAR,RSI-EXT,SR-BREAK,STOCHASTIC,VPOC",14,14.0,ORB-15,ORB-15: breakdown below 397.60,12:40,399.1,STOP_HIT,LOSS,-2615.19,-0.52,60.0,MEDIUM
2025-06-05,MOTILALOFS,LONG,09:45,830.2081632653061,602,499785.31,829.9035714285715,835.0816326530612,16.0,"ADX-FILTER,BOLLINGER,BULL-FLAG,DAILY-BIAS,EMA-CROSS,FIRST-CANDLE,INTRADAY-STRUCT,MACD,ORB-15,ORB-30,PDH-PDL,REL-STR,SR-BREAK,STOCHASTIC,SUPERTREND,VPOC",16,16.0,VPOC,VPOC: breakout above VAH=830.21,09:50,835.0816326530612,TARGET_HIT,EXACT_WIN,2202.89,0.44,60.0,MEDIUM
2025-06-05,ARE&M,SHORT,09:15,1002.95,498,499469.1,1010.3,988.2500000000002,2.0,"ADX-FILTER,BOLLINGER,CAMARILLA,DAILY-BIAS,DBL-TOP,FIRST-CANDLE,INTRADAY-STRUCT,MACD,PIN-BAR,REL-STR,SR-BREAK,STOCHASTIC,VPOC",13,13.0,SR-BREAK,SR-BREAK: breakdown below support 1002.95,15:15,1000.9,TIME_EXIT,WIN,293.3,0.06,60.0,MEDIUM
2025-06-06,SBICARD,LONG,11:35,983.0,508,499364.0,927.5699999999999,1093.8600000000001,2.0,"BOLLINGER,CAMARILLA,CPR,DAILY-BIAS,DBL-BTM,EMA-CROSS,MACD,PDH-PDL,PIN-BAR,SR-BREAK,STOCHASTIC,VOL-SPIKE,VPOC,VWAP-STDDEV",14,14.0,VOL-SPIKE,"VOL-SPIKE: price at resistance 946.50, vol 2.0x avg",15:15,995.0,TIME_EXIT,WIN,5363.13,1.07,60.0,MEDIUM
2025-06-06,MANKIND,SHORT,13:45,2359.2,211,497791.2,2379.9,2317.7999999999993,2.0,"ADX-FILTER,BEAR-ENGULF,BOLLINGER,CAMARILLA,DAILY-BIAS,DBL-TOP,FAILED-BO,FIRST-CANDLE,INTRADAY-STRUCT,MACD,ORB-15,RSI-EXT,SUPERTREND",13,13.0,ORB-15,ORB-15: breakdown below 2359.20,15:15,2351.3,TIME_EXIT,WIN,941.95,0.19,60.0,MEDIUM
2025-06-09,GMDCLTD,LONG,09:25,416.8125,1199,499758.19,408.90625,448.4375,4.0,"BULL-FLAG,CAMARILLA,CPR,DAILY-BIAS,EMA-CROSS,FIRST-CANDLE,MACD,PDH-PDL,REL-STR,SR-BREAK,STOCHASTIC,SUPERTREND,VOL-SPIKE,VPOC",14,14.0,CAMARILLA,CAMARILLA: breakout above H4=416.81,15:15,414.45,TIME_EXIT,LOSS,-3558.98,-0.71,60.0,MEDIUM
2025-06-09,PETRONET,SHORT,09:30,297.55,1680,499884.0,300.75,291.15000000000003,2.0,"BEAR-ENGULF,BOLLINGER,CAMARILLA,DAILY-BIAS,DBL-TOP,FIRST-CANDLE,INTRADAY-STRUCT,MACD,ORB-15,PDH-PDL,REL-STR,RSI-EXT,SR-BREAK,SUPERTREND,VWAP-REV,VWAP-STDDEV",16,16.0,ORB-15,ORB-15: breakdown below 297.55,11:50,300.75,STOP_HIT,LOSS,-6107.83,-1.22,60.0,MEDIUM
2025-06-10,VOLTAS,LONG,10:00,1301.0,384,499584.0,1296.9438775510205,1315.061224489796,3.47,"ADX-FILTER,ASC-TRI,BOLLINGER,DAILY-BIAS,DBL-BTM,EMA-CROSS,INTRADAY-STRUCT,MACD,ORB-15,ORB-30,PDH-PDL,PIN-BAR,RSI-EXT,SR-BREAK,SUPERTREND,VPOC",16,16.0,VPOC,VPOC: breakout above VAH=1301.00,13:05,1315.061224489796,TARGET_HIT,EXACT_WIN,4666.89,0.93,60.0,MEDIUM
2025-06-10,ABFRL,SHORT,09:30,77.26,6471,499949.46,77.74,76.30000000000003,2.0,"BEAR-ENGULF,BOLLINGER,CAMARILLA,DAILY-BIAS,FIRST-CANDLE,INTRADAY-STRUCT,MACD,ORB-15,PDH-PDL,PIN-BAR,SR-BREAK,STOCHASTIC,SUPERTREND",13,13.0,ORB-15,ORB-15: breakdown below 77.26,15:15,76.81,TIME_EXIT,WIN,2184.77,0.44,60.0,MEDIUM
2025-06-11,GAIL,LONG,09:25,191.15367346938774,2615,499866.86,189.78948979591837,194.16428571428568,2.21,"ADX-FILTER,ASC-TRI,CPR,DAILY-BIAS,DBL-BTM,FIRST-CANDLE,MACD,ORB-15,ORB-30,PDH-PDL,REL-STR,SR-BREAK,STOCHASTIC,VPOC,VWAP-STDDEV",15,15.0,VPOC,VPOC: breakout above VAH=191.15,14:40,194.16428571428568,TARGET_HIT,EXACT_WIN,7137.79,1.43,60.0,MEDIUM
2025-06-11,AUROPHARMA,SHORT,11:00,1173.4,426,499868.4,1194.3,1131.6000000000004,2.0,"ADX-FILTER,BEAR-ENGULF,BOLLINGER,CAMARILLA,DAILY-BIAS,FIRST-CANDLE,MACD,ORB-15,ORB-30,PIN-BAR,REL-STR,SR-BREAK,SUPERTREND",13,13.0,ORB-15,ORB-15: breakdown below 1173.40,15:15,1160.1,TIME_EXIT,WIN,4940.31,0.99,60.0,MEDIUM
2025-06-12,LTM,LONG,11:00,5414.0,92,498088.0,5360.0,5522.0,2.0,"CAMARILLA,CPR,DAILY-BIAS,DBL-BTM,FIRST-CANDLE,ORB-15,ORB-30,PDH-PDL,SR-BREAK,STOCHASTIC,SUPERTREND,VPOC,VWAP-STDDEV",13,13.0,ORB-15,ORB-15: breakout above 5414.00 (range=54.00),15:15,5422.0,TIME_EXIT,WIN,9.11,0.0,60.0,MEDIUM
2025-06-12,MARICO,SHORT,10:50,697.85,716,499660.6,715.8375,655.7750000000001,2.34,"ADX-FILTER,CAMARILLA,DAILY-BIAS,DBL-TOP,DESC-TRI,FIRST-CANDLE,INTRADAY-STRUCT,MACD,ORB-15,ORB-30,PDH-PDL,PIN-BAR,SR-BREAK,SUPERTREND,VPOC",15,15.0,DESC-TRI,Descending Triangle: breakdown below support 697.99,15:15,692.55,TIME_EXIT,WIN,3068.52,0.61,60.0,MEDIUM
2025-06-13,FORCEMOT,LONG,10:25,13132.65306122449,38,499040.82,13099.132653061224,13870.102040816326,22.0,"ADX-FILTER,BOLLINGER,BULL-FLAG,CAMARILLA,CPR,DAILY-BIAS,FIRST-CANDLE,GAP-FADE,INTRADAY-STRUCT,MACD,ORB-15,ORB-30,PDH-PDL,REL-STR,SR-BREAK,STOCHASTIC,SUPERTREND,VPOC",18,18.0,VPOC,VPOC: breakout above VAH=13132.65,12:45,13099.132653061224,STOP_HIT,LOSS,-2000.37,-0.4,60.0,MEDIUM
2025-06-13,ONGC,SHORT,10:20,237.85,2102,499960.7,241.40333118231763,230.74333763536472,2.0,"ADX-FILTER,BOLLINGER,CAMARILLA,FAILED-BO,FIRST-CANDLE,GAP-FADE,MACD,PIN-BAR,REL-STR,RSI-EXT,STOCHASTIC,SUPERTREND",12,14.399999999999999,SUPERTREND,"SUPERTREND: flipped bearish, ST=240.92",11:50,241.40333118231763,STOP_HIT,LOSS,-8202.23,-1.64,60.0,MEDIUM
2025-06-16,UPL,LONG,11:35,640.195,781,499992.3,636.0975000000001,656.5850000000002,4.0,"ADX-FILTER,CAMARILLA,CPR,DBL-BTM,FIRST-CANDLE,ORB-15,ORB-30,PDH-PDL,PIN-BAR,SR-BREAK,STOCHASTIC,VPOC",12,12.0,CAMARILLA,CAMARILLA: breakout above H4=640.20,15:15,641.85,TIME_EXIT,WIN,562.63,0.11,60.0,MEDIUM
2025-06-16,ABFRL,SHORT,12:20,73.9,6765,499933.5,74.80215,70.55,3.71,"BEAR-ENGULF,BOLLINGER,CPR,DAILY-BIAS,FAILED-BO,FIRST-CANDLE,INTRADAY-STRUCT,MACD,REL-STR,SR-BREAK,STOCHASTIC,SUPERTREND,VPOC,VWAP-STDDEV",14,14.0,FAILED-BO,"Failed BO: bull trap above 74.40, reversed on vol 2.5×",13:45,74.80215,STOP_HIT,LOSS,-6835.35,-1.37,60.0,MEDIUM
2025-06-17,HAL,LONG,09:15,5112.0,97,495864.0,4843.179,5840.250000000001,2.71,"ASC-TRI,CPR,DAILY-BIAS,DBL-BTM,FIRST-CANDLE,ORB-15,ORB-30,PDH-PDL,REL-STR,SR-BREAK,STOCHASTIC,VPOC,VWAP-STDDEV",13,13.0,ASC-TRI,Ascending Triangle: breakout above resistance 5100.23,15:15,5050.8,TIME_EXIT,LOSS,-6654.97,-1.34,60.0,MEDIUM
2025-06-17,RELIANCE,SHORT,10:05,1432.5,349,499942.5,1448.0,1401.5,2.0,"ADX-FILTER,BEAR-ENGULF,CAMARILLA,FAILED-BO,FIRST-CANDLE,ORB-15,ORB-30,REL-STR,RISE-WEDGE,SR-BREAK,SUPERTREND",11,11.0,ORB-15,ORB-15: breakdown below 1432.50,15:15,1430.5,TIME_EXIT,LOSS,-30.43,-0.01,60.0,MEDIUM
2025-06-18,RBLBANK,LONG,09:30,219.5165306122449,2277,499839.14,218.9957142857143,223.20959183673472,7.09,"ADX-FILTER,BOLLINGER,DAILY-BIAS,DBL-BTM,FIRST-CANDLE,INTRADAY-STRUCT,MACD,ORB-15,ORB-30,PDH-PDL,SR-BREAK,STOCHASTIC,SUPERTREND,VPOC",14,14.0,VPOC,VPOC: breakout above VAH=219.52,10:45,223.20959183673472,TARGET_HIT,EXACT_WIN,7673.75,1.54,60.0,MEDIUM
2025-06-18,ADANIENSOL,SHORT,12:30,844.1,592,499707.2,855.9,820.5000000000001,2.0,"CAMARILLA,DAILY-BIAS,DBL-TOP,DESC-TRI,FAILED-BO,MACD,OPEN-WEAK,ORB-15,ORB-30,PDH-PDL,SR-BREAK,STOCHASTIC,SUPERTREND,VPOC",14,14.0,ORB-15,ORB-15: breakdown below 844.10,15:15,842.95,TIME_EXIT,LOSS,-47.32,-0.01,60.0,MEDIUM
2025-06-19,SBILIFE,LONG,09:20,1802.0,277,499154.0,1788.5591992355446,1828.8816015289108,2.0,"ASC-TRI,BOLLINGER,CAMARILLA,DAILY-BIAS,EMA-CROSS,FIRST-CANDLE,MACD,RSI-EXT,SR-BREAK,STOCHASTIC,SUPERTREND,VPOC,VWAP-STDDEV",13,13.0,EMA-CROSS,"EMA-CROSS: 9EMA crossed above 21EMA, price above VWAP",12:40,1788.5591992355446,STOP_HIT,LOSS,-4447.91,-0.89,60.0,MEDIUM
2025-06-19,SONACOMS,SHORT,10:30,478.8,1044,499867.2,484.95,466.50000000000006,2.0,"ADX-FILTER,BEAR-ENGULF,BOLLINGER,CAMARILLA,DAILY-BIAS,FAILED-BO,MACD,ORB-30,PIN-BAR,RSI-EXT,SR-BREAK,SUPERTREND,VPOC",13,13.0,ORB-30,ORB-30: breakdown below 478.80,15:15,477.9,TIME_EXIT,WIN,211.41,0.04,60.0,MEDIUM
2025-06-20,BHARTIARTL,LONG,09:15,1882.1950000000002,265,498781.68,1878.0975,1898.5850000000005,4.0,"ADX-FILTER,ASC-TRI,CAMARILLA,CPR,DAILY-BIAS,DBL-BTM,FIRST-CANDLE,ORB-15,ORB-30,PDH-PDL,SR-BREAK,STOCHASTIC,VPOC",13,13.0,CAMARILLA,CAMARILLA: breakout above H4=1882.20,09:55,1898.5850000000005,TARGET_HIT,EXACT_WIN,3612.66,0.72,60.0,MEDIUM
2025-06-20,TITAGARH,SHORT,09:15,835.51,506,422768.06,894.75,717.03,2.0,"DAILY-BIAS,DBL-TOP,FAILED-BO,FIRST-CANDLE,PDH-PDL,REL-STR,RSI-EXT,SR-BREAK,STOCHASTIC,VPOC,VWAP-REV,VWAP-STDDEV",12,12.0,SR-BREAK,SR-BREAK: breakdown below support 835.51,15:15,862.65,TIME_EXIT,LOSS,-14364.3,-3.4,60.0,MEDIUM
2025-06-23,AFFLE,LONG,12:05,1908.0,262,499896.0,1884.5,1955.0,2.0,"ADX-FILTER,BOLLINGER,CAMARILLA,DAILY-BIAS,EMA-CROSS,FIRST-CANDLE,MACD,ORB-15,PIN-BAR,REL-STR,RSI-EXT,SR-BREAK,STOCHASTIC,SUPERTREND,VPOC",15,15.0,ORB-15,ORB-15: breakout above 1908.00 (range=23.50),15:15,1900.2,TIME_EXIT,LOSS,-2770.75,-0.55,60.0,MEDIUM
2025-06-23,OIL,SHORT,09:30,462.4,1081,499854.4,472.4789839469046,442.2420321061908,2.0,"BOLLINGER,CAMARILLA,FAILED-BO,FIRST-CANDLE,MACD,PDH-PDL,REL-STR,RSI-EXT,SR-BREAK,STOCHASTIC,SUPERTREND,VWAP-REV,VWAP-STDDEV",13,13.0,SUPERTREND,"SUPERTREND: flipped bearish, ST=471.54",12:30,472.4789839469046,STOP_HIT,LOSS,-11630.32,-2.33,60.0,MEDIUM
2025-06-24,INDIANB,LONG,09:15,623.5975000000001,801,499501.6,620.72375,635.0925000000002,4.0,"ADX-FILTER,CAMARILLA,CPR,DAILY-BIAS,FIRST-CANDLE,GAP-CONT,INTRADAY-STRUCT,ORB-15,ORB-30,PDH-PDL,PIN-BAR,STOCHASTIC,VPOC,VWAP-STDDEV",14,14.0,CAMARILLA,CAMARILLA: breakout above H4=623.60,13:30,620.72375,STOP_HIT,LOSS,-3028.28,-0.61,60.0,MEDIUM
2025-06-24,TATACOMM,SHORT,09:30,1644.2,304,499836.8,1665.0,1602.6000000000001,2.0,"ADX-FILTER,BOLLINGER,CAMARILLA,DAILY-BIAS,DBL-TOP,FIRST-CANDLE,MACD,ORB-15,PDH-PDL,REL-STR,SR-BREAK,VPOC",12,12.0,ORB-15,ORB-15: breakdown below 1644.20,11:40,1665.0,STOP_HIT,LOSS,-7055.5,-1.41,60.0,MEDIUM
2025-06-25,TORNTPHARM,LONG,09:20,3186.7571428571428,156,497134.11,3186.3683673469386,3200.7530612244896,36.0,"ADX-FILTER,CPR,EMA-CROSS,FALL-WEDGE,FIRST-CANDLE,MACD,ORB-15,ORB-30,PDH-PDL,PIN-BAR,REL-STR,SR-BREAK,STOCHASTIC,VPOC",14,14.0,VPOC,VPOC: breakout above VAH=3186.76,09:25,3200.7530612244896,TARGET_HIT,EXACT_WIN,1456.63,0.29,60.0,MEDIUM
2025-06-25,KARURVYSYA,SHORT,12:20,208.4,2399,499951.6,210.35,204.50000000000003,2.0,"ADX-FILTER,BEAR-ENGULF,BOLLINGER,CAMARILLA,FAILED-BO,FIRST-CANDLE,MACD,ORB-15,ORB-30,PIN-BAR,SUPERTREND,VWAP-STDDEV",12,12.0,ORB-15,ORB-15: breakdown below 208.40,15:15,207.1,TIME_EXIT,WIN,2391.64,0.48,60.0,MEDIUM
2025-06-26,IOC,LONG,09:40,135.7,3684,499918.8,134.87,137.35999999999996,2.0,"ADX-FILTER,DAILY-BIAS,DBL-BTM,FIRST-CANDLE,INTRADAY-STRUCT,ORB-15,ORB-30,PDH-PDL,PIN-BAR,REL-STR,SR-BREAK,STOCHASTIC,SUPERTREND,VPOC",14,14.0,ORB-15,ORB-15: breakout above 135.70 (range=0.83),10:25,137.35999999999996,TARGET_HIT,EXACT_WIN,5381.8,1.08,60.0,MEDIUM
2025-06-26,SONACOMS,SHORT,09:50,479.25,1043,499857.75,483.9,469.95000000000005,2.0,"CAMARILLA,DAILY-BIAS,FIRST-CANDLE,MACD,ORB-15,ORB-30,PDH-PDL,PIN-BAR,REL-STR,SR-BREAK,STOCHASTIC,SUPERTREND,VPOC",13,13.0,ORB-15,ORB-15: breakdown below 479.25,15:15,481.4,TIME_EXIT,LOSS,-2972.45,-0.59,60.0,MEDIUM
2025-06-27,TRITURBINE,LONG,09:15,615.8475,811,499452.32,612.4237499999999,629.5424999999999,4.0,"ASC-TRI,CAMARILLA,DAILY-BIAS,DBL-BTM,FIRST-CANDLE,ORB-15,ORB-30,PDH-PDL,PIN-BAR,REL-STR,SR-BREAK,VOL-SPIKE,VPOC,VWAP-REV,VWAP-STDDEV",15,15.0,CAMARILLA,CAMARILLA: breakout above H4=615.85,09:20,629.5424999999999,TARGET_HIT,EXACT_WIN,10369.69,2.08,60.0,MEDIUM
2025-06-27,PPLPHARMA,SHORT,10:00,201.61,2480,499992.8,203.2,198.43000000000006,2.0,"BOLLINGER,CAMARILLA,DAILY-BIAS,DBL-TOP,FIRST-CANDLE,MACD,ORB-15,ORB-30,RSI-EXT,SR-BREAK,SUPERTREND,VWAP-STDDEV",12,12.0,ORB-15,ORB-15: breakdown below 201.61,10:45,203.2,STOP_HIT,LOSS,-4674.35,-0.93,60.0,MEDIUM
2025-06-30,KARURVYSYA,LONG,09:30,217.9725,2293,499810.94,215.23624999999998,228.9175,4.0,"CAMARILLA,CPR,DAILY-BIAS,FIRST-CANDLE,GAP-CONT,INTRADAY-STRUCT,MACD,ORB-15,ORB-30,PDH-PDL,PIN-BAR,REL-STR,SR-BREAK,STOCHASTIC,SUPERTREND,VPOC",16,16.0,CAMARILLA,CAMARILLA: breakout above H4=217.97,15:15,222.7,TIME_EXIT,WIN,10102.92,2.02,60.0,MEDIUM
2025-06-30,WELCORP,SHORT,13:20,936.15,534,499904.1,944.95,918.5499999999998,2.0,"BEAR-ENGULF,BOLLINGER,CAMARILLA,FAILED-BO,FIRST-CANDLE,MACD,ORB-15,ORB-30,PIN-BAR,RSI-EXT,SR-BREAK,SUPERTREND,VPOC,VWAP-STDDEV",14,14.0,ORB-15,ORB-15: breakdown below 936.15,14:30,918.5499999999998,TARGET_HIT,EXACT_WIN,8674.99,1.74,60.0,MEDIUM
2025-07-01,CANBK,LONG,12:35,114.41775510204081,4369,499891.17,114.06530612244899,116.01979591836735,4.55,"ADX-FILTER,BOLLINGER,CAMARILLA,DAILY-BIAS,MACD,ORB-15,ORB-30,PDH-PDL,RSI-EXT,SR-BREAK,STOCHASTIC,VPOC,VWAP-STDDEV",13,13.0,VPOC,VPOC: breakout above VAH=114.42,15:15,115.36,TIME_EXIT,WIN,3384.65,0.68,60.0,MEDIUM
2025-07-01,APLAPOLLO,SHORT,10:00,1736.0,288,499968.0,1754.3,1699.4,2.0,"BEAR-ENGULF,BOLLINGER,CAMARILLA,DAILY-BIAS,DBL-TOP,FIRST-CANDLE,MACD,ORB-15,ORB-30,PDH-PDL,SR-BREAK,STOCHASTIC,SUPERTREND,VPOC",14,14.0,ORB-15,ORB-15: breakdown below 1736.00,15:05,1754.3,STOP_HIT,LOSS,-6002.28,-1.2,60.0,MEDIUM
2025-07-02,TRENT,LONG,11:40,4103.3,121,496499.3,4062.3,4185.3,2.0,"ADX-FILTER,BOLLINGER,CAMARILLA,DAILY-BIAS,DBL-BTM,MACD,ORB-15,ORB-30,PIN-BAR,RSI-EXT,SR-BREAK,SUPERTREND,VPOC,VWAP-STDDEV",14,14.0,ORB-15,ORB-15: breakout above 4103.30 (range=41.00),15:15,4150.0,TIME_EXIT,WIN,4922.09,0.99,60.0,MEDIUM
2025-07-02,SONACOMS,SHORT,11:00,472.05,1059,499900.95,493.89,386.3499999999999,3.92,"ADX-FILTER,BEAR-FLAG,BOLLINGER,CAMARILLA,DAILY-BIAS,DESC-TRI,FIRST-CANDLE,MACD,PDH-PDL,PIN-BAR,RSI-EXT,SR-BREAK,STOCHASTIC,SUPERTREND,VPOC",15,15.0,DESC-TRI,Descending Triangle: breakdown below support 472.92,15:15,475.7,TIME_EXIT,LOSS,-4596.33,-0.92,60.0,MEDIUM
2025-07-03,TRITURBINE,LONG,11:20,632.1725,790,499416.28,625.58625,658.5175,4.0,"ADX-FILTER,CAMARILLA,DAILY-BIAS,DBL-BTM,EMA-CROSS,FIRST-CANDLE,MACD,ORB-15,ORB-30,PDH-PDL,SR-BREAK,STOCHASTIC,SUPERTREND,VPOC",14,14.0,CAMARILLA,CAMARILLA: breakout above H4=632.17,15:15,635.0,TIME_EXIT,WIN,1503.84,0.3,60.0,MEDIUM
2025-07-03,APLAPOLLO,SHORT,09:40,1738.1,287,498834.7,1776.1129171551397,1662.0741656897203,2.0,"ADX-FILTER,BEAR-ENGULF,BOLLINGER,CAMARILLA,DAILY-BIAS,DBL-TOP,FAILED-BO,FIRST-CANDLE,MACD,PDH-PDL,PIN-BAR,REL-STR,RSI-EXT,SR-BREAK,SUPERTREND",15,15.0,SUPERTREND,"SUPERTREND: flipped bearish, ST=1772.57",15:15,1729.0,TIME_EXIT,WIN,1885.87,0.38,60.0,MEDIUM
2025-07-04,UPL,LONG,09:20,690.8075,723,499453.82,685.95375,710.2225,4.0,"CAMARILLA,CPR,DAILY-BIAS,EMA-CROSS,FIRST-CANDLE,MACD,PDH-PDL,PIN-BAR,REL-STR,RSI-EXT,SR-BREAK,STOCHASTIC,VPOC,VWAP-REV,VWAP-STDDEV",15,15.0,CAMARILLA,CAMARILLA: breakout above H4=690.81,11:35,685.95375,STOP_HIT,LOSS,-4234.65,-0.85,60.0,MEDIUM
2025-07-04,INDHOTEL,SHORT,11:45,747.4,668,499263.2,752.2,737.7999999999998,2.0,"BOLLINGER,CAMARILLA,DAILY-BIAS,FAILED-BO,MACD,ORB-15,ORB-30,PDH-PDL,PIN-BAR,SR-BREAK,STOCHASTIC,SUPERTREND,VPOC,VWAP-STDDEV",14,14.0,ORB-15,ORB-15: breakdown below 747.40,15:15,747.65,TIME_EXIT,LOSS,-895.0,-0.18,60.0,MEDIUM
2025-07-07,INDIANB,LONG,09:35,650.0,769,499850.0,645.9,658.2,2.0,"BOLLINGER,CAMARILLA,DAILY-BIAS,DBL-BTM,EMA-CROSS,FIRST-CANDLE,MACD,ORB-15,ORB-30,PDH-PDL,PIN-BAR,SR-BREAK,STOCHASTIC,SUPERTREND,VPOC",15,15.0,ORB-15,ORB-15: breakout above 650.00 (range=4.10),14:35,645.9,STOP_HIT,LOSS,-3879.11,-0.78,60.0,MEDIUM
2025-07-07,UNOMINDA,SHORT,13:30,1095.1,456,499365.6,1105.0,1075.2999999999997,2.0,"BEAR-ENGULF,BOLLINGER,CAMARILLA,FAILED-BO,FIRST-CANDLE,MACD,ORB-30,PIN-BAR,SR-BREAK,STOCHASTIC,SUPERTREND,VPOC,VWAP-STDDEV",13,13.0,ORB-30,ORB-30: breakdown below 1095.10,15:15,1096.9,TIME_EXIT,LOSS,-1549.31,-0.31,60.0,MEDIUM
2025-07-08,NTPC,LONG,09:45,341.03749999999997,1466,499960.97,339.59375,346.81249999999994,4.0,"ADX-FILTER,CAMARILLA,DAILY-BIAS,DBL-BTM,FIRST-CANDLE,INTRADAY-STRUCT,ORB-30,PDH-PDL,PIN-BAR,REL-STR,SR-BREAK,STOCHASTIC,VPOC",13,13.0,CAMARILLA,CAMARILLA: breakout above H4=341.04,11:30,339.59375,STOP_HIT,LOSS,-2843.72,-0.57,60.0,MEDIUM
2025-07-08,PAGEIND,SHORT,11:50,48660.0,10,486600.0,49195.0,47590.0,2.0,"ADX-FILTER,CAMARILLA,CPR,FAILED-BO,FIRST-CANDLE,MACD,ORB-15,ORB-30,PDH-PDL,REL-STR,SR-BREAK,SUPERTREND,VPOC,VWAP-STDDEV",14,14.0,ORB-15,ORB-15: breakdown below 48660.00,15:15,48965.0,TIME_EXIT,LOSS,-3762.38,-0.77,60.0,MEDIUM
2025-07-09,ICICIPRULI,LONG,09:30,667.85,748,499551.8,665.1,678.85,4.0,"CAMARILLA,DAILY-BIAS,DBL-BTM,EMA-CROSS,FIRST-CANDLE,INTRADAY-STRUCT,MACD,ORB-15,ORB-30,PDH-PDL,PIN-BAR,REL-STR,SR-BREAK,STOCHASTIC,SUPERTREND,VPOC",16,16.0,CAMARILLA,CAMARILLA: breakout above H4=667.85,10:15,678.85,TARGET_HIT,EXACT_WIN,7493.19,1.5,60.0,MEDIUM
2025-07-09,APLAPOLLO,SHORT,12:30,1726.5,289,498958.5,1749.5,1680.5,2.0,"BEAR-ENGULF,CAMARILLA,DAILY-BIAS,DBL-TOP,FAILED-BO,FIRST-CANDLE,ORB-15,ORB-30,PDH-PDL,PIN-BAR,SR-BREAK,SUPERTREND",12,12.0,ORB-15,ORB-15: breakdown below 1726.50,15:15,1706.9,TIME_EXIT,WIN,4940.15,0.99,60.0,MEDIUM
2025-07-10,RBLBANK,LONG,09:40,260.54,1919,499976.26,258.2820906566617,265.0558186866767,2.0,"BOLLINGER,DAILY-BIAS,EMA-CROSS,FIRST-CANDLE,MACD,PDH-PDL,PIN-BAR,REL-STR,RSI-EXT,SR-BREAK,SUPERTREND,VWAP-REV",12,12.0,EMA-CROSS,"EMA-CROSS: 9EMA crossed above 21EMA, price above VWAP",10:55,258.2820906566617,STOP_HIT,LOSS,-5058.38,-1.01,60.0,MEDIUM
2025-07-10,ABCAPITAL,SHORT,09:25,275.5,1814,499757.0,276.8775,272.55408163265304,2.14,"ADX-FILTER,BEAR-ENGULF,BOLLINGER,CAMARILLA,FAILED-BO,FIRST-CANDLE,MACD,ORB-30,PDH-PDL,PIN-BAR,SR-BREAK,STOCHASTIC,SUPERTREND,VPOC",14,14.0,VPOC,VPOC: rejection at VPOC=275.03,10:45,272.55408163265304,TARGET_HIT,EXACT_WIN,4618.37,0.92,60.0,MEDIUM
2025-07-11,SAGILITY,LONG,12:15,44.78,11165,499968.7,43.9,46.540000000000006,2.0,"ADX-FILTER,BOLLINGER,CAMARILLA,DAILY-BIAS,DBL-BTM,EMA-CROSS,FIRST-CANDLE,MACD,ORB-15,ORB-30,SR-BREAK,SUPERTREND,VWAP-STDDEV",13,13.0,ORB-15,ORB-15: breakout above 44.78 (range=0.88),15:15,44.87,TIME_EXIT,WIN,275.19,0.06,60.0,MEDIUM
2025-07-11,KARURVYSYA,SHORT,11:40,225.0,2222,499950.0,228.7,217.60000000000002,2.0,"BEAR-ENGULF,CAMARILLA,FAILED-BO,FIRST-CANDLE,MACD,ORB-15,ORB-30,PDH-PDL,PIN-BAR,REL-STR,SR-BREAK,SUPERTREND",12,12.0,ORB-15,ORB-15: breakdown below 225.00,15:15,223.85,TIME_EXIT,WIN,1827.92,0.37,60.0,MEDIUM
2025-07-14,FIRSTCRY,LONG,09:55,380.33061224489796,1314,499754.42,378.3913265306122,385.68673469387755,2.76,"ADX-FILTER,BOLLINGER,CAMARILLA,DAILY-BIAS,EMA-CROSS,FIRST-CANDLE,INTRADAY-STRUCT,MACD,ORB-15,ORB-30,PDH-PDL,SR-BREAK,STOCHASTIC,VPOC",14,14.0,VPOC,VPOC: breakout above VAH=380.33,10:20,385.68673469387755,TARGET_HIT,EXACT_WIN,6303.8,1.26,60.0,MEDIUM
2025-07-14,SIEMENS,SHORT,11:15,3116.9,160,498704.0,3143.664070044929,3063.3718599101426,2.0,"BEAR-ENGULF,BOLLINGER,CAMARILLA,DAILY-BIAS,DBL-TOP,FIRST-CANDLE,MACD,PDH-PDL,PIN-BAR,SR-BREAK,STOCHASTIC,SUPERTREND,VPOC",13,13.0,SUPERTREND,"SUPERTREND: flipped bearish, ST=3137.39",14:55,3143.664070044929,STOP_HIT,LOSS,-5011.84,-1.0,60.0,MEDIUM
2025-07-15,SWIGGY,LONG,09:15,393.2408163265306,1271,499809.08,388.7173469387755,403.74693877551016,2.32,"DAILY-BIAS,DBL-BTM,FIRST-CANDLE,MACD,ORB-15,PDH-PDL,PIN-BAR,REL-STR,RSI-EXT,SR-BREAK,STOCHASTIC,VPOC,VWAP-REV,VWAP-STDDEV",14,14.0,VPOC,VPOC: breakout above VAH=393.24,11:00,388.7173469387755,STOP_HIT,LOSS,-6473.43,-1.3,60.0,MEDIUM
2025-07-15,TATACONSUM,SHORT,10:40,1070.0,467,499690.0,1075.7,1058.6,2.0,"ADX-FILTER,BOLLINGER,CAMARILLA,DAILY-BIAS,DESC-TRI,FIRST-CANDLE,MACD,ORB-15,ORB-30,PDH-PDL,RSI-EXT,SR-BREAK,STOCHASTIC,VPOC",14,14.0,ORB-15,ORB-15: breakdown below 1070.00,11:10,1075.7,STOP_HIT,LOSS,-3391.91,-0.68,60.0,MEDIUM
2025-07-16,CANBK,LONG,09:35,115.58,4326,499999.08,114.61,117.52,2.0,"ADX-FILTER,CPR,DAILY-BIAS,DBL-BTM,EMA-CROSS,FIRST-CANDLE,INTRADAY-STRUCT,ORB-15,ORB-30,PDH-PDL,REL-STR,SR-BREAK,STOCHASTIC,SUPERTREND,VPOC",15,15.0,ORB-15,ORB-15: breakout above 115.58 (range=0.97),15:15,117.06,TIME_EXIT,WIN,5668.5,1.13,60.0,MEDIUM
2025-07-16,HDFCLIFE,SHORT,13:00,760.4,657,499582.8,776.9,727.4,2.0,"ADX-FILTER,BEAR-ENGULF,BOLLINGER,CAMARILLA,DAILY-BIAS,DBL-TOP,FAILED-BO,FIRST-CANDLE,INTRADAY-STRUCT,MACD,ORB-30,PIN-BAR,RSI-EXT,SUPERTREND",14,14.0,ORB-30,ORB-30: breakdown below 760.40,15:15,755.8,TIME_EXIT,WIN,2295.59,0.46,60.0,MEDIUM
2025-07-17,NATCOPHARM,LONG,09:20,1040.2244897959183,480,499307.76,1039.8091836734693,1063.481632653061,56.0,"BULL-FLAG,CAMARILLA,DAILY-BIAS,FIRST-CANDLE,GAP-CONT,PDH-PDL,PIN-BAR,REL-STR,SR-BREAK,STOCHASTIC,VPOC,VWAP-REV,VWAP-STDDEV",13,13.0,VPOC,VPOC: breakout above VAH=1040.22,10:45,1039.8091836734693,STOP_HIT,LOSS,-927.16,-0.19,60.0,MEDIUM
2025-07-17,MAZDOCK,SHORT,11:40,3108.1,160,497296.0,3136.5,3051.2999999999997,2.0,"BEAR-ENGULF,BOLLINGER,DAILY-BIAS,FAILED-BO,FIRST-CANDLE,INTRADAY-STRUCT,MACD,ORB-30,PIN-BAR,STOCHASTIC,SUPERTREND",11,11.0,ORB-30,ORB-30: breakdown below 3108.10,14:55,3051.2999999999997,TARGET_HIT,EXACT_WIN,8367.97,1.68,60.0,MEDIUM
2025-07-18,AMBER,LONG,09:35,7600.0,65,494000.0,7550.5,7699.0,2.0,"CAMARILLA,DAILY-BIAS,EMA-CROSS,FIRST-CANDLE,ORB-15,ORB-30,PDH-PDL,PIN-BAR,REL-STR,SR-BREAK,SUPERTREND,VPOC,VWAP-STDDEV",13,13.0,ORB-15,ORB-15: breakout above 7600.00 (range=49.50),09:55,7699.0,TARGET_HIT,EXACT_WIN,5709.18,1.16,60.0,MEDIUM
2025-07-18,BHEL,SHORT,10:20,253.1,1975,499872.5,254.85,249.6,2.0,"ADX-FILTER,CAMARILLA,DAILY-BIAS,DBL-TOP,FIRST-CANDLE,INTRADAY-STRUCT,MACD,ORB-15,ORB-30,PDH-PDL,PIN-BAR,SR-BREAK,STOCHASTIC,SUPERTREND",14,14.0,ORB-15,ORB-15: breakdown below 253.10,15:15,250.75,TIME_EXIT,WIN,3915.17,0.78,60.0,MEDIUM
2025-07-21,UPL,LONG,09:50,693.4025,721,499943.2,689.67625,708.3075,4.0,"ADX-FILTER,BOLLINGER,CAMARILLA,DAILY-BIAS,DBL-BTM,FIRST-CANDLE,MACD,ORB-15,ORB-30,REL-STR,SR-BREAK,STOCHASTIC,SUPERTREND,VOL-SPIKE,VPOC",15,15.0,CAMARILLA,CAMARILLA: breakout above H4=693.40,12:30,708.3075,TARGET_HIT,EXACT_WIN,10009.16,2.0,60.0,MEDIUM
2025-07-21,MARUTI,SHORT,09:45,12390.0,40,495600.0,12478.0,12214.0,2.0,"ADX-FILTER,BEAR-ENGULF,CAMARILLA,DAILY-BIAS,DBL-TOP,DESC-TRI,FIRST-CANDLE,MACD,ORB-15,PDH-PDL,PIN-BAR,SR-BREAK,STOCHASTIC,SUPERTREND",14,14.0,ORB-15,ORB-15: breakdown below 12390.00,15:15,12411.0,TIME_EXIT,LOSS,-1563.39,-0.32,60.0,MEDIUM
2025-07-22,ANGELONE,LONG,09:15,273.1183673469388,1830,499806.61,272.4561224489796,276.85102040816327,5.64,"CAMARILLA,CPR,DBL-BTM,FIRST-CANDLE,GAP-CONT,ORB-15,ORB-30,PDH-PDL,REL-STR,SR-BREAK,VPOC,VWAP-REV,VWAP-STDDEV",13,13.0,VPOC,VPOC: breakout above VAH=273.12,09:20,276.85102040816327,TARGET_HIT,EXACT_WIN,6096.7,1.22,60.0,MEDIUM
2025-07-22,CIPLA,SHORT,09:30,1468.0,340,499120.0,1479.4,1445.1999999999998,2.0,"ADX-FILTER,CAMARILLA,DAILY-BIAS,DBL-TOP,DESC-TRI,FIRST-CANDLE,MACD,ORB-15,PDH-PDL,REL-STR,SR-BREAK,STOCHASTIC,SUPERTREND,VWAP-STDDEV",14,14.0,ORB-15,ORB-15: breakdown below 1468.00,15:15,1463.4,TIME_EXIT,WIN,837.18,0.17,60.0,MEDIUM
2025-07-23,FORTIS,LONG,09:25,810.95,616,499545.2,782.793,879.1000000000001,2.42,"ASC-TRI,CPR,DAILY-BIAS,DBL-BTM,FIRST-CANDLE,MACD,ORB-15,ORB-30,PDH-PDL,PIN-BAR,SR-BREAK,STOCHASTIC,SUPERTREND",13,13.0,ASC-TRI,Ascending Triangle: breakout above resistance 810.65,15:15,820.8,TIME_EXIT,WIN,5334.51,1.07,60.0,MEDIUM
2025-07-23,BEL,SHORT,12:45,401.35,1245,499680.75,404.9,394.2500000000001,2.0,"BEAR-ENGULF,BOLLINGER,CAMARILLA,DAILY-BIAS,DBL-TOP,FAILED-BO,FIRST-CANDLE,MACD,ORB-15,ORB-30,PDH-PDL,REL-STR,SR-BREAK,STOCHASTIC,SUPERTREND",15,15.0,ORB-15,ORB-15: breakdown below 401.35,15:15,400.2,TIME_EXIT,WIN,704.09,0.14,60.0,MEDIUM
2025-07-24,EXIDEIND,LONG,10:00,395.35999999999996,1264,499735.04,393.38,403.2799999999999,4.0,"ASC-TRI,CAMARILLA,DAILY-BIAS,DBL-BTM,FIRST-CANDLE,ORB-15,ORB-30,PIN-BAR,REL-STR,RSI-EXT,SR-BREAK,SUPERTREND,VWAP-STDDEV",13,13.0,CAMARILLA,CAMARILLA: breakout above H4=395.36,12:30,393.38,STOP_HIT,LOSS,-3229.29,-0.65,60.0,MEDIUM
2025-07-24,BRITANNIA,SHORT,10:15,5700.0,87,495900.0,5751.5,5597.0,2.0,"ADX-FILTER,BEAR-ENGULF,DBL-TOP,FIRST-CANDLE,INTRADAY-STRUCT,MACD,ORB-15,ORB-30,PDH-PDL,PIN-BAR,SR-BREAK,STOCHASTIC,SUPERTREND,VPOC",14,14.0,ORB-15,ORB-15: breakdown below 5700.00,15:15,5684.5,TIME_EXIT,WIN,625.95,0.13,60.0,MEDIUM
2025-07-25,SUNPHARMA,LONG,12:45,1693.5,295,499582.5,1682.2,1716.1,2.0,"CAMARILLA,CPR,DAILY-BIAS,DBL-BTM,EMA-CROSS,FIRST-CANDLE,MACD,ORB-15,ORB-30,PDH-PDL,PIN-BAR,SR-BREAK,STOCHASTIC,VPOC",14,14.0,ORB-15,ORB-15: breakout above 1693.50 (range=11.30),15:15,1699.5,TIME_EXIT,WIN,1040.26,0.21,60.0,MEDIUM
2025-07-25,MGL,SHORT,12:20,1427.0,350,499450.0,1435.9,1409.1999999999998,2.0,"DAILY-BIAS,DBL-TOP,FIRST-CANDLE,MACD,ORB-15,ORB-30,PDH-PDL,PIN-BAR,RSI-EXT,SR-BREAK,STOCHASTIC,SUPERTREND",12,12.0,ORB-15,ORB-15: breakdown below 1427.00,12:25,1409.1999999999998,TARGET_HIT,EXACT_WIN,5505.4,1.1,60.0,MEDIUM
2025-07-28,ZYDUSLIFE,LONG,09:50,985.2975,507,499545.83,979.3987500000001,1008.8925,4.0,"BOLLINGER,CAMARILLA,CPR,DBL-BTM,FIRST-CANDLE,MACD,ORB-15,ORB-30,PDH-PDL,PIN-BAR,REL-STR,SR-BREAK,STOCHASTIC,VPOC,VWAP-STDDEV",15,15.0,CAMARILLA,CAMARILLA: breakout above H4=985.30,12:55,979.3987500000001,STOP_HIT,LOSS,-3716.59,-0.74,60.0,MEDIUM
2025-07-28,COALINDIA,SHORT,12:45,370.65,1348,499636.2,373.6,364.7499999999999,2.0,"BOLLINGER,CAMARILLA,DAILY-BIAS,DBL-TOP,DESC-TRI,FAILED-BO,MACD,ORB-15,ORB-30,PDH-PDL,PIN-BAR,SR-BREAK,SUPERTREND,VPOC",14,14.0,ORB-15,ORB-15: breakdown below 370.65,15:15,368.3,TIME_EXIT,WIN,2441.2,0.49,60.0,MEDIUM
2025-07-29,AMBER,LONG,13:10,7480.0,66,493680.0,7363.5,7713.0,2.0,"ADX-FILTER,BOLLINGER,CAMARILLA,DAILY-BIAS,EMA-CROSS,MACD,ORB-15,ORB-30,RSI-EXT,SR-BREAK,STOCHASTIC,SUPERTREND,VPOC,VWAP-REV,VWAP-STDDEV",15,15.0,ORB-15,ORB-15: breakout above 7480.00 (range=116.50),13:20,7713.0,TARGET_HIT,EXACT_WIN,14645.53,2.97,60.0,MEDIUM
2025-07-29,UNITDSPR,SHORT,11:05,1309.7,381,498995.7,1320.3,1288.5000000000002,2.0,"ADX-FILTER,CAMARILLA,DAILY-BIAS,DBL-TOP,FIRST-CANDLE,MACD,ORB-15,ORB-30,PDH-PDL,PIN-BAR,REL-STR,RSI-EXT,SR-BREAK,SUPERTREND,VWAP-STDDEV",15,15.0,ORB-15,ORB-15: breakdown below 1309.70,12:25,1320.3,STOP_HIT,LOSS,-4768.45,-0.96,60.0,MEDIUM
2025-07-30,POWERINDIA,LONG,09:15,19900.0,25,497500.0,19798.979591836734,20842.85714285714,9.33,"CAMARILLA,DAILY-BIAS,FIRST-CANDLE,GAP-CONT,ORB-15,ORB-30,PDH-PDL,PIN-BAR,REL-STR,SR-BREAK,STOCHASTIC,VOL-SPIKE,VPOC",13,13.0,VPOC,VPOC: breakout above VAH=19900.00,11:20,20842.85714285714,TARGET_HIT,EXACT_WIN,22827.27,4.59,60.0,MEDIUM
2025-07-30,CROMPTON,SHORT,10:05,326.0,1533,499758.0,330.8,316.4,2.0,"ADX-FILTER,BEAR-ENGULF,CPR,DAILY-BIAS,DBL-TOP,FAILED-BO,FIRST-CANDLE,INTRADAY-STRUCT,MACD,ORB-15,ORB-30,PDH-PDL,PIN-BAR,REL-STR,SR-BREAK,STOCHASTIC,VPOC",17,17.0,ORB-15,ORB-15: breakdown below 326.00,15:15,324.55,TIME_EXIT,WIN,1495.54,0.3,60.0,MEDIUM
2025-07-31,HINDUNILVR,LONG,09:45,2451.8,203,497715.4,2420.1,2515.2000000000007,2.0,"CPR,DAILY-BIAS,EMA-CROSS,FIRST-CANDLE,MACD,ORB-15,ORB-30,PDH-PDL,PIN-BAR,SR-BREAK,STOCHASTIC,SUPERTREND,VOL-SPIKE,VPOC",14,14.0,ORB-15,ORB-15: breakout above 2451.80 (range=31.70),10:10,2515.2000000000007,TARGET_HIT,EXACT_WIN,12134.22,2.44,60.0,MEDIUM
2025-07-31,COALINDIA,SHORT,09:20,367.05,1362,499922.1,371.86,357.43,2.0,"DAILY-BIAS,DBL-TOP,DESC-TRI,FIRST-CANDLE,INTRADAY-STRUCT,OPEN-WEAK,PDH-PDL,REL-STR,SR-BREAK,STOCHASTIC,VWAP-STDDEV",11,11.0,SR-BREAK,SR-BREAK: breakdown below support 367.05,15:15,366.3,TIME_EXIT,WIN,293.28,0.06,60.0,MEDIUM
2025-08-01,CGCL,LONG,09:35,188.79,2648,499915.92,185.57,195.23,2.0,"CPR,DAILY-BIAS,EMA-CROSS,FIRST-CANDLE,MACD,ORB-15,PDH-PDL,REL-STR,SR-BREAK,STOCHASTIC,SUPERTREND,VPOC,VWAP-STDDEV",13,13.0,ORB-15,ORB-15: breakout above 188.79 (range=3.22),12:00,185.57,STOP_HIT,LOSS,-9248.6,-1.85,60.0,MEDIUM
2025-08-01,OFSS,SHORT,12:55,8191.5,61,499681.5,8256.0,8062.5,2.0,"ADX-FILTER,CAMARILLA,DAILY-BIAS,DBL-TOP,DESC-TRI,FIRST-CANDLE,OPEN-WEAK,ORB-15,ORB-30,PDH-PDL,SR-BREAK,STOCHASTIC",12,12.0,ORB-15,ORB-15: breakdown below 8191.50,15:15,8128.0,TIME_EXIT,WIN,3147.24,0.63,60.0,MEDIUM
2025-08-04,VMM,LONG,10:10,141.44,3535,499990.4,139.6,145.12,2.0,"BOLLINGER,CAMARILLA,CPR,DAILY-BIAS,EMA-CROSS,FIRST-CANDLE,MACD,ORB-30,PDH-PDL,PIN-BAR,SR-BREAK,STOCHASTIC,SUPERTREND",13,13.0,ORB-30,ORB-30: breakout above 141.44 (range=1.84),15:15,141.67,TIME_EXIT,WIN,83.51,0.02,60.0,MEDIUM
2025-08-04,SHREECEM,SHORT,13:45,30575.0,16,489200.0,30970.0,29785.0,2.0,"ADX-FILTER,CAMARILLA,DAILY-BIAS,FAILED-BO,FIRST-CANDLE,ORB-15,PDH-PDL,PIN-BAR,REL-STR,SR-BREAK,STOCHASTIC,SUPERTREND,VPOC,VWAP-STDDEV",14,14.0,ORB-15,ORB-15: breakdown below 30575.00,15:15,30585.0,TIME_EXIT,LOSS,-874.28,-0.18,60.0,MEDIUM
2025-08-05,TVSMOTOR,LONG,11:20,2952.0,169,498888.0,2914.9,3026.2,2.0,"BOLLINGER,CAMARILLA,CPR,DAILY-BIAS,DBL-BTM,INTRADAY-STRUCT,MACD,ORB-15,ORB-30,PDH-PDL,PIN-BAR,SR-BREAK,STOCHASTIC,SUPERTREND,VPOC",15,15.0,ORB-15,ORB-15: breakout above 2952.00 (range=37.10),15:15,2981.8,TIME_EXIT,WIN,4304.82,0.86,60.0,MEDIUM
2025-08-05,MGL,SHORT,09:50,1326.6,376,498801.6,1350.1,1279.6,2.0,"CAMARILLA,DAILY-BIAS,FAILED-BO,FIRST-CANDLE,INTRADAY-STRUCT,MACD,ORB-15,ORB-30,PDH-PDL,REL-STR,SR-BREAK,SUPERTREND,VPOC",13,13.0,ORB-15,ORB-15: breakdown below 1326.60,15:15,1300.1,TIME_EXIT,WIN,9242.42,1.85,60.0,MEDIUM
2025-08-06,HDFCLIFE,LONG,09:20,740.0867346938776,675,499558.55,737.5989795918367,747.8744897959184,3.13,"ADX-FILTER,CAMARILLA,CPR,FIRST-CANDLE,MACD,ORB-15,ORB-30,PDH-PDL,REL-STR,SR-BREAK,STOCHASTIC,VPOC",12,12.0,VPOC,VPOC: breakout above VAH=740.09,10:35,737.5989795918367,STOP_HIT,LOSS,-2406.21,-0.48,60.0,MEDIUM
2025-08-06,ZEEL,SHORT,11:25,114.02,4385,499977.7,115.77,110.52,2.0,"BOLLINGER,CAMARILLA,DAILY-BIAS,FIRST-CANDLE,INTRADAY-STRUCT,MACD,ORB-15,ORB-30,PDH-PDL,PIN-BAR,REL-STR,SR-BREAK,STOCHASTIC,SUPERTREND,VPOC",15,15.0,ORB-15,ORB-15: breakdown below 114.02,11:35,110.52,TARGET_HIT,EXACT_WIN,14627.39,2.93,60.0,MEDIUM
2025-08-07,CUMMINSIND,LONG,09:45,3634.2,137,497885.4,3602.6,3697.3999999999996,2.0,"ADX-FILTER,ASC-TRI,BOLLINGER,CAMARILLA,DAILY-BIAS,DBL-BTM,EMA-CROSS,FIRST-CANDLE,MACD,ORB-30,PIN-BAR,RSI-EXT,VPOC,VWAP-STDDEV",14,14.0,ORB-30,ORB-30: breakout above 3634.20 (range=31.60),11:30,3602.6,STOP_HIT,LOSS,-5051.8,-1.01,60.0,MEDIUM
2025-08-07,MARUTI,SHORT,11:55,12486.0,40,499440.0,12572.0,12314.0,2.0,"BEAR-ENGULF,CAMARILLA,FIRST-CANDLE,MACD,ORB-15,ORB-30,PDH-PDL,PIN-BAR,SR-BREAK,STOCHASTIC,SUPERTREND,VPOC",12,12.0,ORB-15,ORB-15: breakdown below 12486.00,15:00,12572.0,STOP_HIT,LOSS,-4170.11,-0.83,60.0,MEDIUM
2025-08-08,SBILIFE,LONG,09:15,1860.93,268,498729.24,1843.96,1894.8700000000001,2.0,"ADX-FILTER,ASC-TRI,BOLLINGER,CAMARILLA,DAILY-BIAS,DBL-BTM,PIN-BAR,REL-STR,RSI-EXT,SR-BREAK,STOCHASTIC,VPOC,VWAP-STDDEV",13,13.0,SR-BREAK,SR-BREAK: breakout above resistance 1860.93,11:50,1843.96,STOP_HIT,LOSS,-5271.54,-1.06,60.0,MEDIUM
2025-08-08,GODREJPROP,SHORT,09:15,2060.0,242,498520.0,2083.0634999999997,2009.4,2.19,"BOLLINGER,CAMARILLA,DAILY-BIAS,FAILED-BO,FIRST-CANDLE,INTRADAY-STRUCT,MACD,ORB-15,ORB-30,PDH-PDL,PIN-BAR,REL-STR,SR-BREAK,STOCHASTIC,SUPERTREND",15,15.0,FAILED-BO,"Failed BO: bull trap above 2063.90, reversed on vol 1.8×",10:30,2009.4,TARGET_HIT,EXACT_WIN,11525.31,2.31,60.0,MEDIUM
2025-08-11,FORTIS,LONG,11:00,911.1550000000001,548,499312.94,904.2525,938.7650000000002,4.0,"ADX-FILTER,CAMARILLA,DAILY-BIAS,FIRST-CANDLE,INTRADAY-STRUCT,ORB-15,ORB-30,PDH-PDL,PIN-BAR,REL-STR,SR-BREAK,STOCHASTIC,SUPERTREND,VPOC",14,14.0,CAMARILLA,CAMARILLA: breakout above H4=911.16,15:15,921.35,TIME_EXIT,WIN,4854.46,0.97,60.0,MEDIUM
2025-08-11,COALINDIA,SHORT,09:45,368.05,1358,499811.9,370.6,362.95,2.0,"BEAR-ENGULF,CAMARILLA,DAILY-BIAS,DBL-TOP,FAILED-BO,FIRST-CANDLE,ORB-15,ORB-30,PDH-PDL,PIN-BAR,RSI-EXT,STOCHASTIC,VWAP-STDDEV",13,13.0,ORB-15,ORB-15: breakdown below 368.05,12:15,370.6,STOP_HIT,LOSS,-4193.53,-0.84,60.0,MEDIUM
2025-08-12,CARTRADE,LONG,09:15,2221.5428571428574,225,499847.14,2211.519387755102,2288.973469387756,6.73,"ADX-FILTER,BULL-FLAG,CAMARILLA,DAILY-BIAS,DBL-BTM,FIRST-CANDLE,INTRADAY-STRUCT,ORB-30,PDH-PDL,PIN-BAR,REL-STR,SR-BREAK,VPOC",13,13.0,VPOC,VPOC: breakout above VAH=2221.54,10:20,2288.973469387756,TARGET_HIT,EXACT_WIN,14431.17,2.89,60.0,MEDIUM
2025-08-12,APLAPOLLO,SHORT,09:30,1582.3,315,498424.5,1596.1,1554.7,2.0,"BEAR-ENGULF,CPR,DAILY-BIAS,FIRST-CANDLE,ORB-15,ORB-30,PDH-PDL,PIN-BAR,REL-STR,SR-BREAK,STOCHASTIC,SUPERTREND",12,12.0,ORB-15,ORB-15: breakdown below 1582.30,15:15,1580.8,TIME_EXIT,LOSS,-253.99,-0.05,60.0,MEDIUM
2025-08-13,CARTRADE,LONG,13:00,2350.0,212,498200.0,2313.418367346939,2429.0163265306123,2.16,"ADX-FILTER,BOLLINGER,BULL-FLAG,CAMARILLA,CPR,DAILY-BIAS,DBL-BTM,EMA-CROSS,MACD,ORB-15,ORB-30,PDH-PDL,SR-BREAK,STOCHASTIC,SUPERTREND,VPOC",16,16.0,VPOC,VPOC: breakout above VAH=2350.00,15:15,2342.9,TIME_EXIT,LOSS,-2230.46,-0.45,60.0,MEDIUM
2025-08-13,IGL,SHORT,09:50,207.5,2409,499867.5,209.24099999999996,202.63,2.8,"ADX-FILTER,BEAR-ENGULF,BOLLINGER,CAMARILLA,DAILY-BIAS,FAILED-BO,FIRST-CANDLE,MACD,ORB-15,ORB-30,PIN-BAR,STOCHASTIC,SUPERTREND,VPOC",14,14.0,BEAR-ENGULF,"Bear Engulf at resistance 208.83, vol 2.0×",15:15,206.36,TIME_EXIT,WIN,2019.1,0.4,60.0,MEDIUM
2025-08-14,SAGILITY,LONG,09:45,45.64,10955,499986.2,45.08,46.760000000000005,2.0,"BOLLINGER,CAMARILLA,DAILY-BIAS,EMA-CROSS,MACD,ORB-30,PIN-BAR,RSI-EXT,SR-BREAK,STOCHASTIC,VPOC,VWAP-REV",12,12.0,ORB-30,ORB-30: breakout above 45.64 (range=0.56),12:50,45.08,STOP_HIT,LOSS,-6858.83,-1.37,60.0,MEDIUM
2025-08-14,BALKRISIND,SHORT,11:20,2412.8,207,499449.6,2435.0,2368.4000000000005,2.0,"ADX-FILTER,BEAR-ENGULF,BOLLINGER,CAMARILLA,DAILY-BIAS,FAILED-BO,FIRST-CANDLE,MACD,ORB-15,ORB-30,PDH-PDL,REL-STR,RSI-EXT,SR-BREAK,SUPERTREND,VPOC",16,16.0,ORB-15,ORB-15: breakdown below 2412.80,15:15,2398.3,TIME_EXIT,WIN,2275.06,0.46,60.0,MEDIUM
2025-08-18,CARTRADE,LONG,09:35,2386.0428571428574,209,498682.96,2384.8500000000004,2464.771428571429,66.0,"ADX-FILTER,CAMARILLA,DAILY-BIAS,DBL-BTM,FIRST-CANDLE,GAP-CONT,MACD,ORB-15,ORB-30,PDH-PDL,REL-STR,SR-BREAK,STOCHASTIC,VPOC",14,14.0,VPOC,VPOC: breakout above VAH=2386.04,10:20,2464.771428571429,TARGET_HIT,EXACT_WIN,15714.13,3.15,60.0,MEDIUM
2025-08-18,BHEL,SHORT,09:30,222.2,2250,499950.0,225.46329967867254,215.67340064265488,2.0,"BOLLINGER,CAMARILLA,DAILY-BIAS,DBL-TOP,FIRST-CANDLE,INTRADAY-STRUCT,MACD,PDH-PDL,REL-STR,RSI-EXT,SR-BREAK,STOCHASTIC,SUPERTREND,VPOC",14,14.0,SUPERTREND,"SUPERTREND: flipped bearish, ST=225.01",15:15,216.34,TIME_EXIT,WIN,12463.7,2.49,60.0,MEDIUM
2025-08-19,ADANIENT,LONG,10:45,2286.5099999999998,218,498459.18,2270.505,2350.5299999999993,4.0,"ADX-FILTER,BOLLINGER,CAMARILLA,EMA-CROSS,FIRST-CANDLE,INTRADAY-STRUCT,MACD,ORB-15,ORB-30,PDH-PDL,RSI-EXT,SR-BREAK,STOCHASTIC,SUPERTREND,VPOC",15,15.0,CAMARILLA,CAMARILLA: breakout above H4=2286.51,15:15,2309.7,TIME_EXIT,WIN,4324.61,0.87,60.0,MEDIUM
2025-08-19,NHPC,SHORT,09:40,82.31,6074,499950.94,82.97,80.99000000000001,2.0,"ADX-FILTER,CPR,DAILY-BIAS,DESC-TRI,FIRST-CANDLE,MACD,ORB-15,PDH-PDL,PIN-BAR,REL-STR,SR-BREAK,STOCHASTIC,SUPERTREND",13,13.0,ORB-15,ORB-15: breakdown below 82.31,15:15,82.08,TIME_EXIT,WIN,668.98,0.13,60.0,MEDIUM
2025-08-20,MARICO,LONG,09:30,729.6336734693878,685,499799.07,728.7178571428572,743.1877551020409,14.8,"ADX-FILTER,CAMARILLA,DAILY-BIAS,DBL-BTM,EMA-CROSS,FIRST-CANDLE,MACD,ORB-15,ORB-30,PDH-PDL,PIN-BAR,REL-STR,SR-BREAK,SUPERTREND,VPOC",15,15.0,VPOC,VPOC: breakout above VAH=729.63,11:25,743.1877551020409,TARGET_HIT,EXACT_WIN,8548.56,1.71,60.0,MEDIUM
2025-08-20,RADICO,SHORT,12:15,2816.6,177,498538.2,2842.0,2765.7999999999997,2.0,"ADX-FILTER,BEAR-ENGULF,CAMARILLA,FIRST-CANDLE,MACD,ORB-15,ORB-30,PDH-PDL,REL-STR,RSI-EXT,SR-BREAK,STOCHASTIC,VPOC,VWAP-STDDEV",14,14.0,ORB-15,ORB-15: breakdown below 2816.60,13:55,2842.0,STOP_HIT,LOSS,-5225.29,-1.05,60.0,MEDIUM
2025-08-21,CIPLA,LONG,10:35,1557.425,321,499933.42,1550.9625,1583.2749999999999,4.0,"ADX-FILTER,BOLLINGER,CAMARILLA,DAILY-BIAS,INTRADAY-STRUCT,MACD,ORB-15,ORB-30,PDH-PDL,RSI-EXT,SR-BREAK,STOCHASTIC,SUPERTREND,VPOC",14,14.0,CAMARILLA,CAMARILLA: breakout above H4=1557.42,14:15,1583.2749999999999,TARGET_HIT,EXACT_WIN,7562.46,1.51,60.0,MEDIUM
2025-08-21,MANKIND,SHORT,09:40,2501.8,199,497858.2,2518.0,2469.4000000000005,2.0,"BOLLINGER,CAMARILLA,DAILY-BIAS,FIRST-CANDLE,INTRADAY-STRUCT,MACD,ORB-15,RSI-EXT,SUPERTREND,VPOC,VWAP-REV,VWAP-STDDEV",12,12.0,ORB-15,ORB-15: breakdown below 2501.80,09:55,2518.0,STOP_HIT,LOSS,-3951.63,-0.79,60.0,MEDIUM
2025-08-22,HBLENGINE,LONG,09:45,795.3,628,499448.4,785.0,815.8999999999999,2.0,"BOLLINGER,CAMARILLA,DAILY-BIAS,EMA-CROSS,FIRST-CANDLE,MACD,ORB-15,ORB-30,PDH-PDL,PIN-BAR,REL-STR,SR-BREAK,STOCHASTIC,SUPERTREND,VPOC",15,15.0,ORB-15,ORB-15: breakout above 795.30 (range=10.30),15:15,799.85,TIME_EXIT,WIN,2126.98,0.43,60.0,MEDIUM
2025-08-22,KPITTECH,SHORT,10:45,1207.7,414,499987.8,1218.6,1185.9000000000003,2.0,"CAMARILLA,DAILY-BIAS,FIRST-CANDLE,INTRADAY-STRUCT,OPEN-WEAK,ORB-15,ORB-30,PDH-PDL,REL-STR,SR-BREAK,STOCHASTIC,VPOC",12,12.0,ORB-15,ORB-15: breakdown below 1207.70,15:15,1196.9,TIME_EXIT,WIN,3744.86,0.75,60.0,MEDIUM
2025-08-25,DELHIVERY,LONG,11:35,475.4469387755102,1051,499694.73,475.069387755102,478.76938775510206,8.8,"ASC-TRI,BOLLINGER,BULL-FLAG,CAMARILLA,DAILY-BIAS,FIRST-CANDLE,MACD,ORB-15,ORB-30,PDH-PDL,RSI-EXT,SR-BREAK,SUPERTREND,VPOC",14,14.0,VPOC,VPOC: breakout above VAH=475.45,11:45,478.76938775510206,TARGET_HIT,EXACT_WIN,2760.64,0.55,60.0,MEDIUM
2025-08-25,APARINDS,SHORT,10:20,8170.0,61,498370.0,8268.5,7973.0,2.0,"ADX-FILTER,BEAR-FLAG,CAMARILLA,DAILY-BIAS,DBL-TOP,FIRST-CANDLE,MACD,ORB-15,ORB-30,PDH-PDL,REL-STR,SR-BREAK,STOCHASTIC,SUPERTREND",14,14.0,ORB-15,ORB-15: breakdown below 8170.00,15:15,8087.5,TIME_EXIT,WIN,4308.69,0.86,60.0,MEDIUM
2025-08-26,TCS,LONG,13:10,3147.0,158,497226.0,3120.0,3201.0,2.0,"CAMARILLA,DAILY-BIAS,DBL-BTM,FIRST-CANDLE,INTRADAY-STRUCT,MACD,ORB-15,ORB-30,PDH-PDL,PIN-BAR,REL-STR,SR-BREAK,STOCHASTIC,SUPERTREND,VPOC",15,15.0,ORB-15,ORB-15: breakout above 3147.00 (range=27.00),15:15,3155.1,TIME_EXIT,WIN,553.66,0.11,60.0,MEDIUM
2025-08-26,CHOLAFIN,SHORT,12:10,1500.0,333,499500.0,1518.3,1463.4,2.0,"ADX-FILTER,CAMARILLA,FIRST-CANDLE,INTRADAY-STRUCT,OPEN-WEAK,ORB-15,ORB-30,PDH-PDL,PIN-BAR,REL-STR,SR-BREAK,STOCHASTIC",12,12.0,ORB-15,ORB-15: breakdown below 1500.00,15:15,1476.0,TIME_EXIT,WIN,7268.34,1.46,60.0,MEDIUM
2025-08-28,DALBHARAT,LONG,11:35,2354.1,212,499069.2,2333.7312703683606,2394.8374592632786,2.0,"BOLLINGER,CAMARILLA,DAILY-BIAS,DBL-BTM,EMA-CROSS,MACD,REL-STR,RSI-EXT,SR-BREAK,SUPERTREND,VPOC",11,11.0,EMA-CROSS,"EMA-CROSS: 9EMA crossed above 21EMA, price above VWAP",15:15,2352.3,TIME_EXIT,LOSS,-1108.94,-0.22,60.0,MEDIUM
2025-08-28,AXISBANK,SHORT,09:15,1051.3,475,499367.5,1100.9,945.6999999999998,2.13,"ADX-FILTER,CAMARILLA,DAILY-BIAS,DBL-TOP,DESC-TRI,FIRST-CANDLE,MACD,PDH-PDL,PIN-BAR,SR-BREAK,STOCHASTIC,VPOC,VWAP-STDDEV",13,13.0,DESC-TRI,Descending Triangle: breakdown below support 1062.35,15:15,1051.7,TIME_EXIT,LOSS,-918.16,-0.18,60.0,MEDIUM
2025-08-29,APLAPOLLO,LONG,10:10,1598.0,312,498576.0,1590.01,1626.4,3.55,"ADX-FILTER,BOLLINGER,CAMARILLA,FALL-WEDGE,FIRST-CANDLE,MACD,ORB-15,ORB-30,PIN-BAR,RSI-EXT,SR-BREAK,SUPERTREND,VPOC,VWAP-STDDEV",14,14.0,VPOC,VPOC: rejection below VPOC=1600.40,11:25,1626.4,TARGET_HIT,EXACT_WIN,8126.82,1.63,60.0,MEDIUM
2025-08-29,BHEL,SHORT,09:50,207.0,2415,499905.0,209.0,203.0,2.0,"BEAR-FLAG,DAILY-BIAS,DBL-TOP,FIRST-CANDLE,OPEN-WEAK,ORB-15,ORB-30,PDH-PDL,PIN-BAR,REL-STR,SR-BREAK,STOCHASTIC,VWAP-REV,VWAP-STDDEV",14,14.0,ORB-15,ORB-15: breakdown below 207.00,10:40,209.0,STOP_HIT,LOSS,-5561.54,-1.11,60.0,MEDIUM
2025-09-01,COLPAL,LONG,09:55,2331.5,214,498941.0,2320.0,2354.5,2.0,"BOLLINGER,DAILY-BIAS,DBL-BTM,EMA-CROSS,FIRST-CANDLE,MACD,ORB-15,ORB-30,PDH-PDL,PIN-BAR,SR-BREAK,STOCHASTIC,SUPERTREND",13,13.0,ORB-15,ORB-15: breakout above 2331.50 (range=11.50),10:35,2354.5,TARGET_HIT,EXACT_WIN,4190.64,0.84,60.0,MEDIUM
2025-09-01,SONACOMS,SHORT,09:30,442.01,1131,499913.31,450.64,424.75,2.0,"ADX-FILTER,BOLLINGER,DAILY-BIAS,FIRST-CANDLE,INTRADAY-STRUCT,MACD,PDH-PDL,PIN-BAR,SR-BREAK,STOCHASTIC,VPOC,VWAP-STDDEV",12,12.0,SR-BREAK,SR-BREAK: breakdown below support 442.01,13:10,450.64,STOP_HIT,LOSS,-10494.9,-2.1,60.0,MEDIUM
2025-09-02,COLPAL,LONG,09:30,2378.9,210,499569.0,2355.1,2426.5000000000005,2.0,"ADX-FILTER,CPR,DAILY-BIAS,EMA-CROSS,FIRST-CANDLE,MACD,ORB-15,ORB-30,PDH-PDL,PIN-BAR,REL-STR,SR-BREAK,STOCHASTIC,SUPERTREND,VPOC",15,15.0,ORB-15,ORB-15: breakout above 2378.90 (range=23.80),15:15,2413.0,TIME_EXIT,WIN,6427.01,1.29,60.0,MEDIUM
2025-09-02,BSE,SHORT,09:20,2169.0,230,498870.0,2206.1048404143717,2094.7903191712567,2.0,"BOLLINGER,CAMARILLA,CPR,DAILY-BIAS,FAILED-BO,FIRST-CANDLE,INTRADAY-STRUCT,MACD,PIN-BAR,RSI-EXT,SR-BREAK,SUPERTREND,VWAP-REV,VWAP-STDDEV",14,14.0,SUPERTREND,"SUPERTREND: flipped bearish, ST=2201.70",10:00,2206.1048404143717,STOP_HIT,LOSS,-9266.36,-1.86,60.0,MEDIUM
2025-09-03,HBLENGINE,LONG,09:20,858.2020408163265,582,499473.59,853.8397959183674,871.5795918367347,3.07,"BULL-FLAG,CAMARILLA,CPR,DAILY-BIAS,EMA-CROSS,FIRST-CANDLE,MACD,PDH-PDL,PIN-BAR,REL-STR,SR-BREAK,STOCHASTIC,SUPERTREND,VPOC,VWAP-REV,VWAP-STDDEV",16,16.0,VPOC,VPOC: breakout above VAH=858.20,09:40,871.5795918367347,TARGET_HIT,EXACT_WIN,7051.38,1.41,60.0,MEDIUM
2025-09-03,HCLTECH,SHORT,11:00,1461.3,342,499764.6,1475.0,1433.8999999999999,2.0,"CAMARILLA,DAILY-BIAS,DBL-TOP,FIRST-CANDLE,MACD,ORB-15,ORB-30,PDH-PDL,REL-STR,SR-BREAK,STOCHASTIC",11,11.0,ORB-15,ORB-15: breakdown below 1461.30,15:15,1467.2,TIME_EXIT,LOSS,-2747.54,-0.55,60.0,MEDIUM
2025-09-04,JINDALSTEL,LONG,10:05,1032.05,484,499512.2,1020.2,1055.7499999999998,2.0,"ASC-TRI,DAILY-BIAS,DBL-BTM,FIRST-CANDLE,INTRADAY-STRUCT,MACD,ORB-15,ORB-30,PDH-PDL,PIN-BAR,SR-BREAK,STOCHASTIC,SUPERTREND",13,13.0,ORB-15,ORB-15: breakout above 1032.05 (range=11.85),15:15,1031.75,TIME_EXIT,LOSS,-873.33,-0.17,60.0,MEDIUM
2025-09-04,AXISBANK,SHORT,09:50,1060.5,471,499495.5,1066.3049999999998,1045.0,2.67,"ADX-FILTER,BEAR-ENGULF,BOLLINGER,CAMARILLA,DAILY-BIAS,DBL-TOP,FAILED-BO,FIRST-CANDLE,MACD,ORB-15,ORB-30,SR-BREAK,STOCHASTIC,SUPERTREND",14,14.0,FAILED-BO,"Failed BO: bull trap above 1060.90, reversed on vol 1.5×",15:15,1049.1,TIME_EXIT,WIN,4644.25,0.93,60.0,MEDIUM
2025-09-05,ZYDUSLIFE,LONG,09:30,1020.2449999999999,490,499920.05,1016.1474999999999,1036.6349999999998,4.0,"CAMARILLA,CPR,DAILY-BIAS,INTRADAY-STRUCT,ORB-15,ORB-30,PDH-PDL,PIN-BAR,REL-STR,STOCHASTIC,VPOC,VWAP-REV,VWAP-STDDEV",13,13.0,CAMARILLA,CAMARILLA: breakout above H4=1020.24,09:55,1036.6349999999998,TARGET_HIT,EXACT_WIN,7295.94,1.46,60.0,MEDIUM
2025-09-05,OFSS,SHORT,10:10,8049.5,62,499069.0,8122.0,7904.5,2.0,"ADX-FILTER,BOLLINGER,CAMARILLA,DAILY-BIAS,DBL-TOP,FAILED-BO,INTRADAY-STRUCT,MACD,ORB-15,ORB-30,PDH-PDL,SR-BREAK,STOCHASTIC,SUPERTREND,VWAP-STDDEV",15,15.0,ORB-15,ORB-15: breakdown below 8049.50,15:15,8039.5,TIME_EXIT,LOSS,-107.29,-0.02,60.0,MEDIUM
2025-09-08,LEMONTREE,LONG,09:15,173.92,2750,478280.0,163.0134,206.19,2.96,"ASC-TRI,BOLLINGER,BULL-FLAG,CAMARILLA,DAILY-BIAS,EMA-CROSS,MACD,ORB-15,ORB-30,PDH-PDL,SR-BREAK,STOCHASTIC,SUPERTREND,VPOC",14,14.0,ASC-TRI,Ascending Triangle: breakout above resistance 173.62,15:15,177.6,TIME_EXIT,WIN,9412.69,1.97,60.0,MEDIUM
2025-09-08,INDUSINDBK,SHORT,10:45,754.35,662,499379.7,760.5,742.0500000000001,2.0,"ADX-FILTER,BEAR-ENGULF,DAILY-BIAS,FIRST-CANDLE,MACD,ORB-15,ORB-30,PDH-PDL,PIN-BAR,STOCHASTIC,SUPERTREND,VPOC",12,12.0,ORB-15,ORB-15: breakdown below 754.35,15:15,749.15,TIME_EXIT,WIN,2716.3,0.54,60.0,MEDIUM
2025-09-09,CARTRADE,LONG,09:30,2654.3,188,499008.4,2624.3,2714.3,2.0,"ADX-FILTER,BOLLINGER,DAILY-BIAS,EMA-CROSS,FIRST-CANDLE,MACD,ORB-15,ORB-30,PDH-PDL,REL-STR,SR-BREAK,STOCHASTIC,SUPERTREND,VPOC",14,14.0,ORB-15,ORB-15: breakout above 2654.30 (range=30.00),13:40,2714.3,TARGET_HIT,EXACT_WIN,10543.51,2.11,60.0,MEDIUM
2025-09-09,VBL,SHORT,11:55,476.25,1049,499586.25,479.2844999999999,469.25,2.31,"ADX-FILTER,BEAR-ENGULF,CAMARILLA,DAILY-BIAS,DBL-TOP,FAILED-BO,FIRST-CANDLE,MACD,SR-BREAK,SUPERTREND,VPOC,VWAP-STDDEV",12,12.0,BEAR-ENGULF,"Bear Engulf at resistance 477.90, vol 3.6×",15:15,473.75,TIME_EXIT,WIN,1895.65,0.38,60.0,MEDIUM
2025-09-10,360ONE,LONG,09:30,1047.061224489796,477,499448.2,1046.938775510204,1052.6938775510205,46.0,"ADX-FILTER,CAMARILLA,EMA-CROSS,FIRST-CANDLE,INTRADAY-STRUCT,MACD,ORB-15,ORB-30,PDH-PDL,REL-STR,SR-BREAK,STOCHASTIC,VPOC,VWAP-STDDEV",14,14.0,VPOC,VPOC: breakout above VAH=1047.06,09:35,1052.6938775510205,TARGET_HIT,EXACT_WIN,1956.49,0.39,60.0,MEDIUM
2025-09-10,DELHIVERY,SHORT,10:10,464.35,1076,499640.6,468.75,455.55000000000007,2.0,"ADX-FILTER,BOLLINGER,CAMARILLA,DAILY-BIAS,FIRST-CANDLE,MACD,ORB-15,PIN-BAR,REL-STR,SR-BREAK,STOCHASTIC,SUPERTREND,VPOC",13,13.0,ORB-15,ORB-15: breakdown below 464.35,15:15,464.5,TIME_EXIT,LOSS,-889.91,-0.18,60.0,MEDIUM
2025-09-11,PREMIERENE,LONG,09:15,1042.3520408163265,479,499286.63,1040.9576530612244,1069.3102040816325,19.33,"ADX-FILTER,DAILY-BIAS,DBL-BTM,FIRST-CANDLE,INTRADAY-STRUCT,ORB-15,ORB-30,PDH-PDL,PIN-BAR,REL-STR,SR-BREAK,STOCHASTIC,VPOC,VWAP-REV,VWAP-STDDEV",15,15.0,VPOC,VPOC: breakout above VAH=1042.35,09:55,1040.9576530612244,STOP_HIT,LOSS,-1395.32,-0.28,60.0,MEDIUM
2025-09-11,UPL,SHORT,11:45,696.5,717,499390.5,700.65,688.2,2.0,"BOLLINGER,CAMARILLA,DAILY-BIAS,DBL-TOP,FIRST-CANDLE,MACD,ORB-15,ORB-30,PIN-BAR,SR-BREAK,STOCHASTIC,SUPERTREND,VPOC",13,13.0,ORB-15,ORB-15: breakdown below 696.50,14:10,700.65,STOP_HIT,LOSS,-3705.33,-0.74,60.0,MEDIUM
2025-09-12,VEDL,LONG,09:20,231.13,2163,499934.19,230.14000000000001,235.08999999999997,4.0,"ADX-FILTER,CAMARILLA,CPR,DAILY-BIAS,DBL-BTM,FIRST-CANDLE,ORB-15,ORB-30,PDH-PDL,REL-STR,SR-BREAK,STOCHASTIC,VPOC",13,13.0,CAMARILLA,CAMARILLA: breakout above H4=231.13,13:30,235.08999999999997,TARGET_HIT,EXACT_WIN,7829.88,1.57,60.0,MEDIUM
2025-09-12,DALBHARAT,SHORT,12:05,2403.2,208,499865.6,2422.5,2364.5999999999995,2.0,"ADX-FILTER,BEAR-ENGULF,BOLLINGER,CAMARILLA,FAILED-BO,FIRST-CANDLE,MACD,ORB-15,SR-BREAK,SUPERTREND,VPOC,VWAP-STDDEV",12,12.0,ORB-15,ORB-15: breakdown below 2403.20,15:15,2413.4,TIME_EXIT,LOSS,-2851.54,-0.57,60.0,MEDIUM
2025-09-15,IREDA,LONG,09:15,148.6815,3362,499867.2,148.20575,150.58450000000002,4.0,"ASC-TRI,CAMARILLA,CPR,DAILY-BIAS,DBL-BTM,FIRST-CANDLE,ORB-15,ORB-30,PDH-PDL,PIN-BAR,REL-STR,SR-BREAK,STOCHASTIC,VOL-SPIKE,VPOC",15,15.0,CAMARILLA,CAMARILLA: breakout above H4=148.68,09:20,150.58450000000002,TARGET_HIT,EXACT_WIN,5664.09,1.13,60.0,MEDIUM
2025-09-15,LODHA,SHORT,09:40,1160.6,430,499058.0,1177.8327509490994,1126.134498101801,2.0,"BEAR-FLAG,BOLLINGER,CAMARILLA,DAILY-BIAS,FIRST-CANDLE,MACD,PDH-PDL,PIN-BAR,REL-STR,RSI-EXT,SR-BREAK,STOCHASTIC,SUPERTREND,VWAP-REV,VWAP-STDDEV",15,15.0,SUPERTREND,"SUPERTREND: flipped bearish, ST=1175.48",11:35,1177.8327509490994,STOP_HIT,LOSS,-8141.94,-1.63,60.0,MEDIUM
2025-09-16,NBCC,LONG,09:30,109.04081632653062,4585,499952.14,109.01428571428572,110.47346938775512,54.0,"ADX-FILTER,CAMARILLA,DAILY-BIAS,DBL-BTM,EMA-CROSS,FIRST-CANDLE,INTRADAY-STRUCT,ORB-15,PDH-PDL,PIN-BAR,REL-STR,SR-BREAK,STOCHASTIC,SUPERTREND,VPOC",15,15.0,VPOC,VPOC: breakout above VAH=109.04,10:50,109.01428571428572,STOP_HIT,LOSS,-850.39,-0.17,60.0,MEDIUM
2025-09-16,UPL,SHORT,09:20,689.8,724,499415.2,698.3050910195614,672.7898179608771,2.0,"BEAR-ENGULF,CAMARILLA,CPR,DAILY-BIAS,FIRST-CANDLE,MACD,PDH-PDL,PIN-BAR,REL-STR,RSI-EXT,SR-BREAK,SUPERTREND,VWAP-STDDEV",13,13.0,SUPERTREND,"SUPERTREND: flipped bearish, ST=696.91",12:05,698.3050910195614,STOP_HIT,LOSS,-6889.32,-1.38,60.0,MEDIUM
2025-09-17,COCHINSHIP,LONG,09:45,1871.05,267,499570.35,1846.025,1971.1499999999999,4.0,"CAMARILLA,DAILY-BIAS,DBL-BTM,FIRST-CANDLE,INTRADAY-STRUCT,ORB-15,ORB-30,PDH-PDL,REL-STR,SR-BREAK,STOCHASTIC,VOL-SPIKE,VPOC",13,13.0,CAMARILLA,CAMARILLA: breakout above H4=1871.05,15:15,1891.9,TIME_EXIT,WIN,4834.22,0.97,60.0,MEDIUM
2025-09-17,SONACOMS,SHORT,09:35,436.3,1146,499999.8,438.4815,431.47244897959183,2.21,"ADX-FILTER,BEAR-ENGULF,BOLLINGER,CAMARILLA,DAILY-BIAS,DBL-TOP,MACD,ORB-30,PIN-BAR,STOCHASTIC,SUPERTREND,VPOC,VWAP-STDDEV",13,13.0,VPOC,VPOC: rejection at VPOC=435.58,15:15,434.9,TIME_EXIT,WIN,876.41,0.18,60.0,MEDIUM
2025-09-18,AUROPHARMA,LONG,10:15,1101.0,454,499854.0,1095.8,1111.4,2.0,"ADX-FILTER,DAILY-BIAS,DBL-BTM,EMA-CROSS,FIRST-CANDLE,INTRADAY-STRUCT,ORB-15,ORB-30,PDH-PDL,PIN-BAR,SR-BREAK,STOCHASTIC,VPOC",13,13.0,ORB-15,ORB-15: breakout above 1101.00 (range=5.20),13:40,1111.4,TARGET_HIT,EXACT_WIN,3989.15,0.8,60.0,MEDIUM
2025-09-18,GRSE,SHORT,09:25,2610.0,191,498510.0,2623.0499999999997,2475.0,10.34,"ADX-FILTER,BOLLINGER,CAMARILLA,CPR,FAILED-BO,FIRST-CANDLE,INTRADAY-STRUCT,REL-STR,RSI-EXT,SUPERTREND,VPOC,VWAP-REV,VWAP-STDDEV",13,13.0,VPOC,VPOC: rejection at VPOC=2608.93,10:50,2623.0499999999997,STOP_HIT,LOSS,-3220.85,-0.65,60.0,MEDIUM
2025-09-19,SAMMAANCAP,LONG,09:25,139.96,3572,499937.12,139.32591836734696,144.15469387755104,6.62,"ADX-FILTER,ASC-TRI,BULL-FLAG,CAMARILLA,DAILY-BIAS,DBL-BTM,FIRST-CANDLE,MACD,ORB-15,ORB-30,PDH-PDL,PIN-BAR,REL-STR,SR-BREAK,STOCHASTIC,SUPERTREND,VPOC",17,17.0,VPOC,VPOC: breakout above VAH=139.96,10:10,144.15469387755104,TARGET_HIT,EXACT_WIN,14242.76,2.85,60.0,MEDIUM
2025-09-19,ZYDUSLIFE,SHORT,11:35,1043.0,479,499597.0,1069.6017252873557,930.0,4.25,"BOLLINGER,CAMARILLA,FAILED-BO,FIRST-CANDLE,INTRADAY-STRUCT,MACD,ORB-15,ORB-30,PIN-BAR,RISE-WEDGE,RSI-EXT,SUPERTREND",12,12.0,RISE-WEDGE,Rising Wedge: broke below lower trendline 1044.15,15:15,1035.6,TIME_EXIT,WIN,2818.27,0.56,60.0,MEDIUM
2025-09-22,GRASIM,LONG,11:00,2889.3,173,499848.9,2860.0,2947.9000000000005,2.0,"ASC-TRI,CAMARILLA,DAILY-BIAS,DBL-BTM,FIRST-CANDLE,MACD,ORB-15,ORB-30,PDH-PDL,PIN-BAR,REL-STR,SR-BREAK,STOCHASTIC,SUPERTREND,VPOC",15,15.0,ORB-15,ORB-15: breakout above 2889.30 (range=29.30),14:40,2860.0,STOP_HIT,LOSS,-5793.59,-1.16,60.0,MEDIUM
2025-09-22,ALKEM,SHORT,09:30,5501.0,90,495090.0,5631.375735632183,4792.5,5.43,"ADX-FILTER,FIRST-CANDLE,MACD,ORB-15,ORB-30,PDH-PDL,REL-STR,RISE-WEDGE,STOCHASTIC,SUPERTREND,VPOC",11,11.0,RISE-WEDGE,Rising Wedge: broke below lower trendline 5516.07,15:15,5499.5,TIME_EXIT,LOSS,-587.14,-0.12,60.0,MEDIUM
2025-09-23,TATASTEEL,LONG,09:20,172.28,2902,499956.56,167.3298,191.48499999999996,3.88,"ADX-FILTER,ASC-TRI,BULL-FLAG,CPR,DAILY-BIAS,FIRST-CANDLE,ORB-15,ORB-30,PDH-PDL,REL-STR,SR-BREAK,STOCHASTIC,SUPERTREND,VPOC",14,14.0,ASC-TRI,Ascending Triangle: breakout above resistance 172.27,15:15,173.32,TIME_EXIT,WIN,2286.84,0.46,60.0,MEDIUM
2025-09-23,ASIANPAINT,SHORT,09:35,2456.3,203,498628.9,2483.8,2401.3,2.0,"ADX-FILTER,DAILY-BIAS,DBL-TOP,DESC-TRI,FIRST-CANDLE,INTRADAY-STRUCT,MACD,OPEN-WEAK,ORB-15,ORB-30,PDH-PDL,REL-STR,SR-BREAK,STOCHASTIC",14,14.0,ORB-15,ORB-15: breakdown below 2456.30,15:15,2446.8,TIME_EXIT,WIN,1202.56,0.24,60.0,MEDIUM
2025-09-24,TATASTEEL,LONG,09:30,173.5969387755102,2880,499959.18,173.41051020408162,175.78081632653064,11.71,"ASC-TRI,BULL-FLAG,CAMARILLA,DAILY-BIAS,EMA-CROSS,FIRST-CANDLE,MACD,ORB-15,PDH-PDL,PIN-BAR,REL-STR,SR-BREAK,STOCHASTIC,SUPERTREND,VPOC",15,15.0,VPOC,VPOC: breakout above VAH=173.60,10:45,173.41051020408162,STOP_HIT,LOSS,-1265.34,-0.25,60.0,MEDIUM
2025-09-24,SUPREMEIND,SHORT,11:25,4320.3,115,496834.5,4353.0,4254.900000000001,2.0,"ADX-FILTER,CAMARILLA,DAILY-BIAS,FAILED-BO,FIRST-CANDLE,MACD,ORB-15,ORB-30,PDH-PDL,PIN-BAR,RSI-EXT,SR-BREAK,STOCHASTIC,VWAP-STDDEV",14,14.0,ORB-15,ORB-15: breakdown below 4320.30,12:50,4353.0,STOP_HIT,LOSS,-4487.24,-0.9,60.0,MEDIUM
2025-09-25,SBICARD,LONG,11:20,886.05,564,499732.2,875.3,907.55,2.0,"BOLLINGER,CAMARILLA,CPR,DAILY-BIAS,EMA-CROSS,FIRST-CANDLE,MACD,ORB-15,ORB-30,PDH-PDL,PIN-BAR,SR-BREAK,STOCHASTIC,SUPERTREND,VPOC",15,15.0,ORB-15,ORB-15: breakout above 886.05 (range=10.75),15:15,885.7,TIME_EXIT,LOSS,-925.79,-0.19,60.0,MEDIUM
2025-09-25,ZYDUSLIFE,SHORT,09:50,1035.0,483,499905.0,1042.4,1020.1999999999998,2.0,"ADX-FILTER,CAMARILLA,DBL-TOP,FIRST-CANDLE,INTRADAY-STRUCT,ORB-15,ORB-30,PDH-PDL,PIN-BAR,SR-BREAK,STOCHASTIC,SUPERTREND",12,12.0,ORB-15,ORB-15: breakdown below 1035.00,12:15,1020.1999999999998,TARGET_HIT,EXACT_WIN,6423.71,1.28,60.0,MEDIUM
2025-09-26,ENRIN,LONG,09:55,3539.6530612244896,141,499091.08,3537.0510204081634,3593.428571428571,20.67,"ASC-TRI,BOLLINGER,CAMARILLA,DAILY-BIAS,DBL-BTM,EMA-CROSS,INTRADAY-STRUCT,MACD,ORB-15,ORB-30,PDH-PDL,STOCHASTIC,SUPERTREND,VPOC",14,14.0,VPOC,VPOC: breakout above VAH=3539.65,10:35,3593.428571428571,TARGET_HIT,EXACT_WIN,6848.67,1.37,60.0,MEDIUM
2025-09-26,INDUSINDBK,SHORT,10:10,731.45,683,499580.35,742.65,709.0500000000002,2.0,"CPR,DAILY-BIAS,DBL-TOP,DESC-TRI,FIRST-CANDLE,INTRADAY-STRUCT,ORB-15,ORB-30,PDH-PDL,REL-STR,SR-BREAK,STOCHASTIC",12,12.0,ORB-15,ORB-15: breakdown below 731.45,15:15,713.3,TIME_EXIT,WIN,11675.2,2.34,60.0,MEDIUM
2025-09-29,RBLBANK,LONG,09:20,275.0975,1817,499852.16,273.59875,281.09250000000003,4.0,"ASC-TRI,CAMARILLA,DAILY-BIAS,FIRST-CANDLE,ORB-15,ORB-30,PDH-PDL,PIN-BAR,REL-STR,SR-BREAK,STOCHASTIC,SUPERTREND,VPOC",13,13.0,CAMARILLA,CAMARILLA: breakout above H4=275.10,15:15,277.6,TIME_EXIT,WIN,3814.73,0.76,60.0,MEDIUM
2025-09-29,SARDAEN,SHORT,10:00,573.6,871,499605.6,578.3774999999999,559.95,2.86,"BOLLINGER,CAMARILLA,DAILY-BIAS,FAILED-BO,INTRADAY-STRUCT,MACD,ORB-30,PDH-PDL,REL-STR,SR-BREAK,STOCHASTIC,SUPERTREND,VPOC,VWAP-STDDEV",14,14.0,FAILED-BO,"Failed BO: bull trap above 573.75, reversed on vol 1.8×",12:30,559.95,TARGET_HIT,EXACT_WIN,11167.57,2.24,60.0,MEDIUM
2025-09-30,INDIANB,LONG,09:15,726.1867346938776,688,499616.47,725.9663265306124,742.9377551020409,76.0,"ADX-FILTER,CAMARILLA,DAILY-BIAS,FIRST-CANDLE,INTRADAY-STRUCT,ORB-15,ORB-30,PDH-PDL,PIN-BAR,REL-STR,SR-BREAK,STOCHASTIC,VOL-SPIKE,VPOC",14,14.0,VPOC,VPOC: breakout above VAH=726.19,14:25,742.9377551020409,TARGET_HIT,EXACT_WIN,10787.19,2.16,60.0,MEDIUM
2025-09-30,COLPAL,SHORT,13:40,2213.1,225,497947.5,2235.0,2169.2999999999997,2.0,"CAMARILLA,CPR,DAILY-BIAS,FIRST-CANDLE,MACD,ORB-30,PDH-PDL,REL-STR,SR-BREAK,STOCHASTIC,SUPERTREND,VPOC",12,12.0,ORB-30,ORB-30: breakdown below 2213.10,15:15,2221.3,TIME_EXIT,LOSS,-2572.17,-0.52,60.0,MEDIUM
2025-10-01,BDL,LONG,09:45,1508.1714285714286,331,499204.74,1495.4744897959185,1554.5428571428572,3.65,"ADX-FILTER,CPR,DBL-BTM,FIRST-CANDLE,INTRADAY-STRUCT,ORB-15,ORB-30,PDH-PDL,PIN-BAR,REL-STR,SR-BREAK,STOCHASTIC,VPOC",13,13.0,VPOC,VPOC: breakout above VAH=1508.17,15:15,1541.4,TIME_EXIT,WIN,10262.12,2.06,60.0,MEDIUM
2025-10-01,OBEROIRLTY,SHORT,10:00,1582.1,316,499943.6,1609.6,1527.1,2.0,"ADX-FILTER,BEAR-ENGULF,BOLLINGER,DAILY-BIAS,DBL-TOP,FAILED-BO,FIRST-CANDLE,MACD,ORB-15,ORB-30,PIN-BAR,RSI-EXT,STOCHASTIC,SUPERTREND,VPOC",15,15.0,ORB-15,ORB-15: breakdown below 1582.10,15:15,1594.8,TIME_EXIT,LOSS,-4744.33,-0.95,60.0,MEDIUM
2025-10-03,SUNPHARMA,LONG,09:20,1638.569387755102,305,499763.66,1634.9326530612245,1654.7326530612245,4.44,"ADX-FILTER,BOLLINGER,CAMARILLA,CPR,DAILY-BIAS,FIRST-CANDLE,MACD,PIN-BAR,REL-STR,RSI-EXT,SR-BREAK,SUPERTREND,VPOC,VWAP-STDDEV",14,14.0,VPOC,VPOC: breakout above VAH=1638.57,09:40,1634.9326530612245,STOP_HIT,LOSS,-1836.91,-0.37,60.0,MEDIUM
2025-10-03,PRESTIGE,SHORT,09:15,1544.8,323,498970.4,1552.524,1519.3775510204082,3.29,"ADX-FILTER,BEAR-ENGULF,CAMARILLA,DAILY-BIAS,FAILED-BO,FIRST-CANDLE,MACD,ORB-15,ORB-30,REL-STR,RSI-EXT,SUPERTREND,VPOC",13,13.0,VPOC,VPOC: rejection at VPOC=1542.64,12:10,1519.3775510204082,TARGET_HIT,EXACT_WIN,7488.64,1.5,60.0,MEDIUM
2025-10-06,FORTIS,LONG,09:15,999.1175000000001,500,499558.75,989.80875,1036.3525000000002,4.0,"ASC-TRI,CAMARILLA,DAILY-BIAS,FIRST-CANDLE,GAP-CONT,ORB-15,ORB-30,PDH-PDL,REL-STR,SR-BREAK,STOCHASTIC,VOL-SPIKE,VPOC",13,13.0,CAMARILLA,CAMARILLA: breakout above H4=999.12,10:30,1036.3525000000002,TARGET_HIT,EXACT_WIN,17874.45,3.58,60.0,MEDIUM
2025-10-06,NTPCGREEN,SHORT,10:15,97.53,5126,499938.78,98.38585272455293,95.81829455089414,2.0,"ADX-FILTER,BEAR-ENGULF,BOLLINGER,CAMARILLA,DAILY-BIAS,FAILED-BO,FIRST-CANDLE,MACD,PDH-PDL,PIN-BAR,RSI-EXT,SUPERTREND,VPOC",13,13.0,SUPERTREND,"SUPERTREND: flipped bearish, ST=98.19",15:15,98.09,TIME_EXIT,LOSS,-3601.03,-0.72,60.0,MEDIUM
2025-10-07,UNOMINDA,LONG,09:15,1335.0775510204082,374,499319.0,1331.642857142857,1354.922448979592,5.78,"ASC-TRI,CAMARILLA,DAILY-BIAS,DBL-BTM,FIRST-CANDLE,ORB-15,ORB-30,PDH-PDL,PIN-BAR,REL-STR,SR-BREAK,STOCHASTIC,SUPERTREND,VOL-SPIKE,VPOC",15,15.0,VPOC,VPOC: breakout above VAH=1335.08,09:30,1354.922448979592,TARGET_HIT,EXACT_WIN,6688.13,1.34,60.0,MEDIUM
2025-10-07,BRITANNIA,SHORT,09:55,5996.5,83,497709.5,6036.0,5917.5,2.0,"CPR,DAILY-BIAS,FAILED-BO,FIRST-CANDLE,MACD,ORB-15,ORB-30,PDH-PDL,PIN-BAR,REL-STR,SUPERTREND,VPOC",12,12.0,ORB-15,ORB-15: breakdown below 5996.50,12:05,5917.5,TARGET_HIT,EXACT_WIN,5834.96,1.17,60.0,MEDIUM
2025-10-08,HBLENGINE,LONG,09:15,872.4928571428571,573,499938.41,871.3933673469387,881.288775510204,8.0,"ADX-FILTER,CAMARILLA,CPR,DAILY-BIAS,DBL-BTM,EMA-CROSS,FIRST-CANDLE,ORB-15,ORB-30,SR-BREAK,VPOC,VWAP-REV,VWAP-STDDEV",13,13.0,VPOC,VPOC: breakout above VAH=872.49,09:25,871.3933673469387,STOP_HIT,LOSS,-1358.33,-0.27,60.0,MEDIUM
2025-10-08,LUPIN,SHORT,11:35,1921.0,260,499460.0,1942.0,1879.0,2.0,"BOLLINGER,CAMARILLA,DAILY-BIAS,INTRADAY-STRUCT,MACD,ORB-15,ORB-30,PDH-PDL,PIN-BAR,REL-STR,RSI-EXT,STOCHASTIC,SUPERTREND,VPOC",14,14.0,ORB-15,ORB-15: breakdown below 1921.00,15:15,1902.7,TIME_EXIT,WIN,4032.55,0.81,60.0,MEDIUM
2025-10-09,KEI,LONG,11:30,4268.0,117,499356.0,4217.0,4370.0,2.0,"ASC-TRI,BOLLINGER,CAMARILLA,DAILY-BIAS,DBL-BTM,EMA-CROSS,MACD,ORB-15,ORB-30,PDH-PDL,PIN-BAR,RSI-EXT,SR-BREAK,STOCHASTIC,SUPERTREND,VPOC",16,16.0,ORB-15,ORB-15: breakout above 4268.00 (range=51.00),15:15,4250.5,TIME_EXIT,LOSS,-2773.91,-0.56,60.0,MEDIUM
2025-10-09,CROMPTON,SHORT,10:40,286.1,1747,499816.7,287.95,282.4000000000001,2.0,"ADX-FILTER,CAMARILLA,DAILY-BIAS,FIRST-CANDLE,MACD,ORB-15,ORB-30,PDH-PDL,PIN-BAR,REL-STR,SR-BREAK,STOCHASTIC,SUPERTREND",13,13.0,ORB-15,ORB-15: breakdown below 286.10,15:15,284.35,TIME_EXIT,WIN,2330.34,0.47,60.0,MEDIUM
2025-10-10,LT,LONG,10:40,3783.9,132,499474.8,3760.0,3831.7000000000003,2.0,"ASC-TRI,CPR,DAILY-BIAS,DBL-BTM,EMA-CROSS,FIRST-CANDLE,ORB-15,ORB-30,PDH-PDL,PIN-BAR,SR-BREAK,STOCHASTIC,SUPERTREND,VPOC",14,14.0,ORB-15,ORB-15: breakout above 3783.90 (range=23.90),15:15,3782.4,TIME_EXIT,LOSS,-926.04,-0.19,60.0,MEDIUM
2025-10-10,ABCAPITAL,SHORT,10:25,296.55,1686,499983.3,299.2,291.25000000000006,2.0,"ADX-FILTER,CAMARILLA,FAILED-BO,FIRST-CANDLE,INTRADAY-STRUCT,MACD,ORB-15,ORB-30,PDH-PDL,PIN-BAR,SR-BREAK,STOCHASTIC,SUPERTREND,VPOC",14,14.0,ORB-15,ORB-15: breakdown below 296.55,15:15,292.85,TIME_EXIT,WIN,5512.88,1.1,60.0,MEDIUM
2025-10-13,KEI,LONG,13:35,4267.8,117,499332.6,4227.3,4348.8,2.0,"ADX-FILTER,ASC-TRI,BOLLINGER,CAMARILLA,DAILY-BIAS,DBL-BTM,FIRST-CANDLE,INTRADAY-STRUCT,MACD,ORB-15,ORB-30,PDH-PDL,PIN-BAR,SR-BREAK,SUPERTREND,VPOC",16,16.0,ORB-15,ORB-15: breakout above 4267.80 (range=40.50),15:15,4305.2,TIME_EXIT,WIN,3644.34,0.73,60.0,MEDIUM
2025-10-13,MANKIND,SHORT,12:35,2450.1,204,499820.4,2480.0,2390.2999999999997,2.0,"ADX-FILTER,CAMARILLA,DAILY-BIAS,DBL-TOP,FIRST-CANDLE,INTRADAY-STRUCT,OPEN-WEAK,ORB-15,ORB-30,PDH-PDL,REL-STR,SR-BREAK,STOCHASTIC",13,13.0,ORB-15,ORB-15: breakdown below 2450.10,15:15,2439.0,TIME_EXIT,WIN,1537.03,0.31,60.0,MEDIUM
2025-10-14,SONACOMS,LONG,09:25,436.0040816326531,1146,499660.68,435.8744897959184,446.1122448979592,78.0,"ADX-FILTER,CAMARILLA,DAILY-BIAS,DBL-BTM,FIRST-CANDLE,MACD,ORB-15,ORB-30,PDH-PDL,REL-STR,SR-BREAK,STOCHASTIC,VPOC",13,13.0,VPOC,VPOC: breakout above VAH=436.00,10:20,446.1122448979592,TARGET_HIT,EXACT_WIN,10846.34,2.17,60.0,MEDIUM
2025-10-14,RECLTD,SHORT,09:55,372.2,1343,499864.6,374.0,368.59999999999997,2.0,"ADX-FILTER,BEAR-ENGULF,BOLLINGER,CAMARILLA,DAILY-BIAS,FAILED-BO,FIRST-CANDLE,MACD,ORB-15,ORB-30,PDH-PDL,PIN-BAR,RSI-EXT,SR-BREAK,STOCHASTIC,SUPERTREND",16,16.0,ORB-15,ORB-15: breakdown below 372.20,12:10,368.59999999999997,TARGET_HIT,EXACT_WIN,4108.84,0.82,60.0,MEDIUM
2025-10-15,BEML,LONG,10:05,2222.265306122449,224,497787.43,2213.341836734694,2287.163265306123,7.27,"ASC-TRI,CAMARILLA,DAILY-BIAS,FIRST-CANDLE,MACD,ORB-15,ORB-30,PDH-PDL,PIN-BAR,REL-STR,SR-BREAK,STOCHASTIC,VOL-SPIKE,VPOC",14,14.0,VPOC,VPOC: breakout above VAH=2222.27,15:15,2237.5,TIME_EXIT,WIN,2683.98,0.54,60.0,MEDIUM
2025-10-15,PIDILITIND,SHORT,09:15,1500.125,333,499541.62,1509.75,1480.875,2.0,"ADX-FILTER,BOLLINGER,CAMARILLA,DAILY-BIAS,FAILED-BO,INTRADAY-STRUCT,MACD,PIN-BAR,REL-STR,RSI-EXT,STOCHASTIC,VPOC,VWAP-STDDEV",13,13.0,CAMARILLA,"CAMARILLA: reversal at H3=1500.12, target L3=1480.88",15:15,1500.0,TIME_EXIT,LOSS,-686.64,-0.14,60.0,MEDIUM
2025-10-16,BHARATFORG,LONG,09:20,1242.76,402,499589.52,1236.38,1268.28,4.0,"ADX-FILTER,CAMARILLA,CPR,DAILY-BIAS,DBL-BTM,EMA-CROSS,FIRST-CANDLE,MACD,ORB-15,ORB-30,PDH-PDL,PIN-BAR,REL-STR,SR-BREAK,STOCHASTIC,VPOC",16,16.0,CAMARILLA,CAMARILLA: breakout above H4=1242.76,09:45,1268.28,TARGET_HIT,EXACT_WIN,9522.57,1.91,60.0,MEDIUM
2025-10-16,IOC,SHORT,09:30,148.76,3361,499982.36,149.71,146.85999999999996,2.0,"ADX-FILTER,BEAR-ENGULF,CPR,FAILED-BO,FIRST-CANDLE,MACD,ORB-15,PDH-PDL,PIN-BAR,REL-STR,SR-BREAK,SUPERTREND,VPOC",13,13.0,ORB-15,ORB-15: breakdown below 148.76,11:25,149.71,STOP_HIT,LOSS,-3923.66,-0.78,60.0,MEDIUM
2025-10-17,TRENT,LONG,09:45,3196.2,156,498607.2,3164.7,3259.2,2.0,"BOLLINGER,CAMARILLA,DBL-BTM,EMA-CROSS,FIRST-CANDLE,MACD,ORB-15,ORB-30,PDH-PDL,PIN-BAR,SR-BREAK,STOCHASTIC,SUPERTREND,VPOC",14,14.0,ORB-15,ORB-15: breakout above 3196.20 (range=31.50),15:15,3213.4,TIME_EXIT,WIN,1954.06,0.39,60.0,MEDIUM
2025-10-17,PIIND,SHORT,09:55,3529.6,141,497673.6,3549.8,3489.1999999999994,2.0,"ADX-FILTER,DAILY-BIAS,FAILED-BO,FIRST-CANDLE,INTRADAY-STRUCT,ORB-15,ORB-30,PDH-PDL,PIN-BAR,REL-STR,RSI-EXT,SR-BREAK,STOCHASTIC",13,13.0,ORB-15,ORB-15: breakdown below 3529.60,11:15,3549.8,STOP_HIT,LOSS,-3575.57,-0.72,60.0,MEDIUM
2025-10-20,SAMMAANCAP,LONG,09:30,167.69,1908,319952.52,151.9749,202.87,2.24,"ADX-FILTER,BULL-FLAG,CAMARILLA,CPR,DAILY-BIAS,FIRST-CANDLE,INTRADAY-STRUCT,MACD,ORB-15,ORB-30,PDH-PDL,PIN-BAR,REL-STR,SR-BREAK,STOCHASTIC,VPOC",16,16.0,BULL-FLAG,"Bull Flag: pole +26.2%, breakout above 167.58",15:15,172.2,TIME_EXIT,WIN,8114.84,2.54,60.0,MEDIUM
2025-10-20,POLICYBZR,SHORT,10:30,1650.0,303,499950.0,1675.7,1598.6,2.0,"ADX-FILTER,BOLLINGER,CAMARILLA,DAILY-BIAS,DBL-TOP,INTRADAY-STRUCT,MACD,ORB-15,ORB-30,PDH-PDL,PIN-BAR,SR-BREAK,STOCHASTIC,SUPERTREND",14,14.0,ORB-15,ORB-15: breakdown below 1650.00,15:15,1641.5,TIME_EXIT,WIN,1848.13,0.37,60.0,MEDIUM
2025-10-21,SCI,LONG,13:45,228.36149999999998,2189,499883.32,227.28074999999998,232.68449999999996,4.0,"ADX-FILTER,CAMARILLA,DAILY-BIAS,DBL-BTM,FIRST-CANDLE,GAP-CONT,PDH-PDL,SR-BREAK,VPOC",9,9.0,CAMARILLA,CAMARILLA: breakout above H4=228.36,13:55,232.68449999999996,TARGET_HIT,EXACT_WIN,8726.8,1.75,60.0,MEDIUM
2025-10-21,DLF,SHORT,13:50,773.3,646,499551.8,776.8,766.3,2.0,"ADX-FILTER,CAMARILLA,FAILED-BO,FIRST-CANDLE,MACD,PIN-BAR,VPOC",7,7.0,FIRST-CANDLE,FIRST-CANDLE: break below first candle low=773.30,14:40,770.6,TIME_EXIT,WIN,1016.9,0.2,60.0,MEDIUM
2025-10-23,UNITDSPR,LONG,09:30,1370.9,364,499007.6,1357.2318749064616,1398.236250187077,2.0,"ASC-TRI,CAMARILLA,DAILY-BIAS,EMA-CROSS,FIRST-CANDLE,MACD,PDH-PDL,PIN-BAR,REL-STR,RSI-EXT,SR-BREAK,STOCHASTIC,SUPERTREND,VPOC,VWAP-STDDEV",15,15.0,EMA-CROSS,"EMA-CROSS: 9EMA crossed above 21EMA, price above VWAP",13:50,1357.2318749064616,STOP_HIT,LOSS,-5698.82,-1.14,60.0,MEDIUM
2025-10-23,DRREDDY,SHORT,12:10,1276.4,391,499072.4,1303.6,1222.0000000000005,2.0,"ADX-FILTER,BEAR-ENGULF,CAMARILLA,CPR,FIRST-CANDLE,INTRADAY-STRUCT,ORB-15,ORB-30,PDH-PDL,PIN-BAR,REL-STR,SUPERTREND",12,12.0,ORB-15,ORB-15: breakdown below 1276.40,15:15,1277.6,TIME_EXIT,LOSS,-1197.11,-0.24,60.0,MEDIUM
2025-10-24,BHARATFORG,LONG,10:10,1304.0,383,499432.0,1293.0,1326.0,2.0,"ADX-FILTER,BOLLINGER,DAILY-BIAS,EMA-CROSS,FIRST-CANDLE,MACD,ORB-15,ORB-30,PIN-BAR,RSI-EXT,SR-BREAK,STOCHASTIC,SUPERTREND,VPOC,VWAP-REV,VWAP-STDDEV",16,16.0,ORB-15,ORB-15: breakout above 1304.00 (range=11.00),13:20,1293.0,STOP_HIT,LOSS,-4937.8,-0.99,60.0,MEDIUM
2025-10-24,HYUNDAI,SHORT,12:30,2281.0,219,499539.0,2310.5,2222.0,2.0,"ADX-FILTER,BEAR-FLAG,CAMARILLA,DAILY-BIAS,DBL-TOP,FIRST-CANDLE,ORB-15,ORB-30,PDH-PDL,REL-STR,SR-BREAK,STOCHASTIC",12,12.0,ORB-15,ORB-15: breakdown below 2281.00,15:15,2266.9,TIME_EXIT,WIN,2361.38,0.47,60.0,MEDIUM
2025-10-27,MOTILALOFS,LONG,09:15,1050.02,476,499809.52,1043.0349999999999,1077.96,4.0,"ADX-FILTER,BULL-FLAG,CAMARILLA,CPR,DAILY-BIAS,FIRST-CANDLE,INTRADAY-STRUCT,PDH-PDL,PIN-BAR,REL-STR,SR-BREAK,STOCHASTIC,VPOC,VWAP-REV,VWAP-STDDEV",15,15.0,CAMARILLA,CAMARILLA: breakout above H4=1050.02,12:00,1043.0349999999999,STOP_HIT,LOSS,-4050.88,-0.81,60.0,MEDIUM
2025-10-27,HDBFS,SHORT,13:50,735.5,679,499404.5,739.75,727.0,2.0,"BEAR-ENGULF,BOLLINGER,CAMARILLA,DAILY-BIAS,FIRST-CANDLE,MACD,ORB-15,ORB-30,PIN-BAR,REL-STR,RSI-EXT,SR-BREAK,STOCHASTIC,SUPERTREND",14,14.0,ORB-15,ORB-15: breakdown below 735.50,15:15,734.45,TIME_EXIT,LOSS,-14.74,-0.0,60.0,MEDIUM
2025-10-28,APLAPOLLO,LONG,09:25,1765.3,283,499579.9,1723.194,1869.95,2.49,"ASC-TRI,BOLLINGER,CAMARILLA,DAILY-BIAS,EMA-CROSS,FIRST-CANDLE,MACD,ORB-15,ORB-30,PDH-PDL,SR-BREAK,STOCHASTIC,SUPERTREND,VPOC",14,14.0,ASC-TRI,Ascending Triangle: breakout above resistance 1761.62,15:15,1777.8,TIME_EXIT,WIN,2806.36,0.56,60.0,MEDIUM
2025-10-28,HINDUNILVR,SHORT,12:05,2515.0,198,497970.0,2526.0,2493.0,2.0,"BOLLINGER,CAMARILLA,DAILY-BIAS,FAILED-BO,FIRST-CANDLE,MACD,ORB-15,ORB-30,PDH-PDL,PIN-BAR,RSI-EXT,SR-BREAK,STOCHASTIC,SUPERTREND,VPOC",15,15.0,ORB-15,ORB-15: breakdown below 2515.00,12:10,2493.0,TARGET_HIT,EXACT_WIN,3632.35,0.73,60.0,MEDIUM
2025-10-29,IRCTC,LONG,10:15,726.8,687,499311.6,720.15,740.0999999999999,2.0,"CAMARILLA,CPR,DAILY-BIAS,DBL-BTM,EMA-CROSS,FIRST-CANDLE,MACD,ORB-15,ORB-30,PDH-PDL,PIN-BAR,REL-STR,SR-BREAK,STOCHASTIC,SUPERTREND,VPOC",16,16.0,ORB-15,ORB-15: breakout above 726.80 (range=6.65),15:15,730.4,TIME_EXIT,WIN,1743.27,0.35,60.0,MEDIUM
2025-10-29,GODREJCP,SHORT,10:35,1114.4,448,499251.2,1122.7,1097.8000000000002,2.0,"ADX-FILTER,BOLLINGER,CAMARILLA,DAILY-BIAS,MACD,ORB-15,ORB-30,PDH-PDL,PIN-BAR,SR-BREAK,STOCHASTIC,SUPERTREND,VPOC",13,13.0,ORB-15,ORB-15: breakdown below 1114.40,15:15,1106.9,TIME_EXIT,WIN,2634.03,0.53,60.0,MEDIUM
2025-10-30,SYRMA,LONG,11:30,823.8,606,499222.8,805.1,861.1999999999998,2.0,"ADX-FILTER,CAMARILLA,DAILY-BIAS,EMA-CROSS,FIRST-CANDLE,MACD,ORB-15,ORB-30,PDH-PDL,PIN-BAR,REL-STR,SR-BREAK,VPOC,VWAP-STDDEV",14,14.0,ORB-15,ORB-15: breakout above 823.80 (range=18.70),15:15,822.95,TIME_EXIT,LOSS,-1242.54,-0.25,60.0,MEDIUM
2025-10-30,KARURVYSYA,SHORT,09:30,247.5,2020,499950.0,250.47,241.56,2.0,"BEAR-ENGULF,CPR,FAILED-BO,FIRST-CANDLE,INTRADAY-STRUCT,ORB-15,PIN-BAR,REL-STR,SR-BREAK,STOCHASTIC,SUPERTREND,VPOC,VWAP-STDDEV",13,13.0,ORB-15,ORB-15: breakdown below 247.50,15:15,244.85,TIME_EXIT,WIN,4627.22,0.93,60.0,MEDIUM
2025-10-31,BEL,LONG,09:15,410.2612244897959,1218,499698.17,409.93724489795915,415.5744897959183,16.4,"ADX-FILTER,CAMARILLA,DAILY-BIAS,EMA-CROSS,ORB-15,ORB-30,PDH-PDL,PIN-BAR,SR-BREAK,STOCHASTIC,VPOC,VWAP-STDDEV",12,12.0,VPOC,VPOC: breakout above VAH=410.26,11:55,409.93724489795915,STOP_HIT,LOSS,-1122.79,-0.22,60.0,MEDIUM
2025-10-31,ZYDUSLIFE,SHORT,09:45,981.95,509,499812.55,989.921307497699,966.0073850046022,2.0,"BOLLINGER,DAILY-BIAS,DBL-TOP,DESC-TRI,FAILED-BO,FIRST-CANDLE,MACD,PDH-PDL,PIN-BAR,REL-STR,SR-BREAK,SUPERTREND,VWAP-STDDEV",13,13.0,SUPERTREND,"SUPERTREND: flipped bearish, ST=987.95",10:45,989.921307497699,STOP_HIT,LOSS,-4788.37,-0.96,60.0,MEDIUM
2025-11-03,ALKEM,LONG,09:40,5524.3877551020405,90,497194.9,5523.836734693878,5558.551020408163,62.0,"ADX-FILTER,ASC-TRI,CAMARILLA,DAILY-BIAS,FIRST-CANDLE,INTRADAY-STRUCT,MACD,ORB-15,PDH-PDL,SR-BREAK,STOCHASTIC,SUPERTREND,VPOC,VWAP-STDDEV",14,14.0,VPOC,VPOC: breakout above VAH=5524.39,10:15,5523.836734693878,STOP_HIT,LOSS,-774.64,-0.16,60.0,MEDIUM
2025-11-03,RVNL,SHORT,11:30,328.85,1520,499852.0,340.673,289.725,3.31,"ADX-FILTER,BEAR-ENGULF,BOLLINGER,DAILY-BIAS,DESC-TRI,INTRADAY-STRUCT,MACD,OPEN-WEAK,PDH-PDL,PIN-BAR,STOCHASTIC,VPOC",12,12.0,DESC-TRI,Descending Triangle: breakdown below support 328.86,15:15,329.35,TIME_EXIT,LOSS,-1489.14,-0.3,60.0,MEDIUM
2025-11-04,YESBANK,LONG,09:25,23.04877551020408,21693,499997.09,23.004489795918367,23.276530612244898,5.14,"ASC-TRI,BOLLINGER,CAMARILLA,DAILY-BIAS,EMA-CROSS,FIRST-CANDLE,MACD,ORB-15,ORB-30,PDH-PDL,REL-STR,SR-BREAK,STOCHASTIC,SUPERTREND,VPOC",15,15.0,VPOC,VPOC: breakout above VAH=23.05,09:55,23.004489795918367,STOP_HIT,LOSS,-1688.84,-0.34,60.0,MEDIUM
2025-11-04,COLPAL,SHORT,11:45,2193.1,227,497833.7,2208.0,2163.2999999999997,2.0,"ADX-FILTER,DAILY-BIAS,DBL-TOP,DESC-TRI,FIRST-CANDLE,MACD,ORB-15,ORB-30,PDH-PDL,SR-BREAK,STOCHASTIC,SUPERTREND",12,12.0,ORB-15,ORB-15: breakdown below 2193.10,15:15,2191.8,TIME_EXIT,LOSS,-430.69,-0.09,60.0,MEDIUM
2025-11-06,ASTRAL,LONG,09:15,1482.335,337,499546.9,1474.1675,1515.005,4.0,"ASC-TRI,CAMARILLA,DAILY-BIAS,DBL-BTM,FIRST-CANDLE,GAP-CONT,INTRADAY-STRUCT,PDH-PDL,PIN-BAR,REL-STR,SR-BREAK,STOCHASTIC,VOL-SPIKE,VPOC",14,14.0,CAMARILLA,CAMARILLA: breakout above H4=1482.34,09:20,1515.005,TARGET_HIT,EXACT_WIN,10272.78,2.06,60.0,MEDIUM
2025-11-06,ZYDUSLIFE,SHORT,12:50,966.55,517,499706.35,998.0,903.6499999999999,2.0,"ADX-FILTER,CAMARILLA,DAILY-BIAS,DBL-TOP,DESC-TRI,FAILED-BO,FIRST-CANDLE,MACD,ORB-15,ORB-30,PDH-PDL,PIN-BAR,REL-STR,SR-BREAK,VPOC",15,15.0,ORB-15,ORB-15: breakdown below 966.55,15:15,935.65,TIME_EXIT,WIN,15255.92,3.05,60.0,MEDIUM
2025-11-07,BRITANNIA,LONG,09:45,5998.0,83,497834.0,5913.5,6167.0,2.0,"BOLLINGER,CAMARILLA,DAILY-BIAS,DBL-BTM,EMA-CROSS,FIRST-CANDLE,INTRADAY-STRUCT,MACD,ORB-15,ORB-30,PIN-BAR,RSI-EXT,SR-BREAK,SUPERTREND,VPOC",15,15.0,ORB-15,ORB-15: breakout above 5998.00 (range=84.50),15:15,6160.0,TIME_EXIT,WIN,12709.4,2.55,60.0,MEDIUM
2025-11-07,HAVELLS,SHORT,09:35,1435.7,348,499623.6,1451.4,1404.3,2.0,"ADX-FILTER,CAMARILLA,DAILY-BIAS,DBL-TOP,DESC-TRI,FIRST-CANDLE,MACD,OPEN-WEAK,PDH-PDL,PIN-BAR,RSI-EXT,STOCHASTIC,VWAP-STDDEV",13,13.0,FIRST-CANDLE,FIRST-CANDLE: break below first candle low=1435.70,11:45,1451.4,STOP_HIT,LOSS,-6195.12,-1.24,60.0,MEDIUM
2025-11-10,IIFL,LONG,09:30,528.5275510204082,946,499987.06,526.0336734693877,536.2010204081632,3.08,"CPR,DAILY-BIAS,DBL-BTM,FIRST-CANDLE,INTRADAY-STRUCT,MACD,ORB-15,ORB-30,PDH-PDL,PIN-BAR,REL-STR,SR-BREAK,STOCHASTIC,SUPERTREND,VPOC",15,15.0,VPOC,VPOC: breakout above VAH=528.53,10:30,536.2010204081632,TARGET_HIT,EXACT_WIN,6524.46,1.3,60.0,MEDIUM
2025-11-10,INDIANB,SHORT,10:35,872.0,573,499656.0,879.7769999999999,850.0,2.83,"BEAR-ENGULF,BOLLINGER,CAMARILLA,CPR,FIRST-CANDLE,MACD,ORB-15,ORB-30,PIN-BAR,REL-STR,RSI-EXT,SUPERTREND",12,12.0,BEAR-ENGULF,"Bear Engulf at resistance 876.00, vol 2.4×",15:15,877.8,TIME_EXIT,LOSS,-4053.74,-0.81,60.0,MEDIUM
2025-11-11,INDUSINDBK,LONG,09:20,806.24,620,499868.8,801.62,824.72,4.0,"BOLLINGER,CAMARILLA,DAILY-BIAS,EMA-CROSS,FIRST-CANDLE,MACD,ORB-15,ORB-30,PDH-PDL,PIN-BAR,REL-STR,SR-BREAK,STOCHASTIC,SUPERTREND,VPOC",15,15.0,CAMARILLA,CAMARILLA: breakout above H4=806.24,10:20,824.72,TARGET_HIT,EXACT_WIN,10719.8,2.14,60.0,MEDIUM
2025-11-11,JSWSTEEL,SHORT,10:30,1177.1,424,499090.4,1187.0,1157.2999999999997,2.0,"CAMARILLA,FAILED-BO,FIRST-CANDLE,ORB-15,ORB-30,PDH-PDL,PIN-BAR,REL-STR,RSI-EXT,SR-BREAK,STOCHASTIC,SUPERTREND,VPOC,VWAP-STDDEV",14,14.0,ORB-15,ORB-15: breakdown below 1177.10,13:50,1187.0,STOP_HIT,LOSS,-4927.67,-0.99,60.0,MEDIUM
2025-11-12,TCS,LONG,09:15,3049.5448979591833,163,497075.82,3046.8520408163263,3077.2428571428563,10.29,"ADX-FILTER,ASC-TRI,CAMARILLA,CPR,DAILY-BIAS,DBL-BTM,FIRST-CANDLE,ORB-15,ORB-30,PDH-PDL,PIN-BAR,REL-STR,SR-BREAK,VPOC",14,14.0,VPOC,VPOC: breakout above VAH=3049.54,09:20,3077.2428571428563,TARGET_HIT,EXACT_WIN,3786.27,0.76,60.0,MEDIUM
2025-11-12,NHPC,SHORT,11:00,81.92,6103,499957.76,82.85,80.06000000000002,2.0,"BOLLINGER,CAMARILLA,DAILY-BIAS,DBL-TOP,FAILED-BO,FIRST-CANDLE,MACD,ORB-15,ORB-30,PIN-BAR,RSI-EXT,SR-BREAK,STOCHASTIC,SUPERTREND",14,14.0,ORB-15,ORB-15: breakdown below 81.92,15:15,82.01,TIME_EXIT,LOSS,-1278.44,-0.26,60.0,MEDIUM
2025-11-13,POLYCAB,LONG,09:30,7716.05,64,493827.2,7685.525,7838.150000000001,4.0,"BOLLINGER,CAMARILLA,DAILY-BIAS,EMA-CROSS,FIRST-CANDLE,MACD,ORB-15,ORB-30,PDH-PDL,PIN-BAR,REL-STR,SR-BREAK,STOCHASTIC,SUPERTREND,VPOC",15,15.0,CAMARILLA,CAMARILLA: breakout above H4=7716.05,15:15,7721.0,TIME_EXIT,LOSS,-403.94,-0.08,60.0,MEDIUM
2025-11-13,IOC,SHORT,12:00,167.18,2990,499868.2,169.26,163.02000000000004,2.0,"ADX-FILTER,BEAR-ENGULF,BOLLINGER,CAMARILLA,FIRST-CANDLE,MACD,ORB-30,PIN-BAR,STOCHASTIC,SUPERTREND,VPOC",11,11.0,ORB-30,ORB-30: breakdown below 167.18,15:15,167.54,TIME_EXIT,LOSS,-1805.75,-0.36,60.0,MEDIUM
2025-11-14,GLENMARK,LONG,10:00,1890.0,264,498960.0,1855.0,1960.0,2.0,"BOLLINGER,CAMARILLA,DAILY-BIAS,DBL-BTM,EMA-CROSS,FIRST-CANDLE,MACD,ORB-15,ORB-30,PDH-PDL,SR-BREAK,STOCHASTIC,SUPERTREND,VPOC",14,14.0,ORB-15,ORB-15: breakout above 1890.00 (range=35.00),15:15,1892.4,TIME_EXIT,LOSS,-94.39,-0.02,60.0,MEDIUM
2025-11-14,VMM,SHORT,09:25,138.09,3620,499885.8,141.63065825400625,131.0086834919875,2.0,"BEAR-ENGULF,BOLLINGER,DAILY-BIAS,FAILED-BO,FIRST-CANDLE,MACD,PDH-PDL,PIN-BAR,REL-STR,SR-BREAK,SUPERTREND",11,11.0,SUPERTREND,"SUPERTREND: flipped bearish, ST=141.35",15:15,137.6,TIME_EXIT,WIN,1046.06,0.21,60.0,MEDIUM
2025-11-17,HDBFS,LONG,09:30,730.55,684,499696.2,726.89725,738.4775510204082,2.17,"ADX-FILTER,CAMARILLA,EMA-CROSS,FIRST-CANDLE,INTRADAY-STRUCT,MACD,ORB-15,ORB-30,PDH-PDL,PIN-BAR,SR-BREAK,STOCHASTIC,SUPERTREND,VPOC",14,14.0,VPOC,VPOC: rejection below VPOC=731.82,09:45,738.4775510204082,TARGET_HIT,EXACT_WIN,4689.66,0.94,60.0,MEDIUM
2025-11-17,AMBER,SHORT,09:30,7355.0,67,492785.0,7420.4175,7099.0,3.91,"ADX-FILTER,BEAR-ENGULF,BOLLINGER,CAMARILLA,CPR,DAILY-BIAS,FAILED-BO,FIRST-CANDLE,MACD,PIN-BAR,REL-STR,RSI-EXT,SUPERTREND,VPOC",14,14.0,BEAR-ENGULF,"Bear Engulf at resistance 7400.00, vol 1.9×",10:35,7420.4175,STOP_HIT,LOSS,-5104.55,-1.04,60.0,MEDIUM
2025-11-18,IIFL,LONG,09:45,561.9,889,499529.1,550.8,584.1,2.0,"BOLLINGER,CAMARILLA,CPR,DAILY-BIAS,EMA-CROSS,FIRST-CANDLE,INTRADAY-STRUCT,MACD,ORB-15,ORB-30,PDH-PDL,RSI-EXT,SR-BREAK,STOCHASTIC,SUPERTREND,VPOC",16,16.0,ORB-15,ORB-15: breakout above 561.90 (range=11.10),15:15,566.25,TIME_EXIT,WIN,3135.82,0.63,60.0,MEDIUM
2025-11-18,ULTRACEMCO,SHORT,12:10,11745.0,42,493290.0,11888.0,11459.0,2.0,"CAMARILLA,DAILY-BIAS,DESC-TRI,FAILED-BO,FIRST-CANDLE,INTRADAY-STRUCT,MACD,ORB-15,ORB-30,PDH-PDL,REL-STR,SR-BREAK,STOCHASTIC,SUPERTREND",14,14.0,ORB-15,ORB-15: breakdown below 11745.00,15:15,11689.0,TIME_EXIT,WIN,1633.58,0.33,60.0,MEDIUM
2025-11-19,HCLTECH,LONG,09:15,1597.4755102040815,312,498412.36,1595.6316326530612,1602.581632653061,2.77,"ADX-FILTER,CAMARILLA,DAILY-BIAS,DBL-BTM,FIRST-CANDLE,MACD,ORB-15,ORB-30,PDH-PDL,REL-STR,SR-BREAK,SUPERTREND,VOL-SPIKE,VPOC",14,14.0,VPOC,VPOC: breakout above VAH=1597.48,09:20,1595.6316326530612,STOP_HIT,LOSS,-1301.58,-0.26,60.0,MEDIUM
2025-11-19,DLF,SHORT,11:10,741.5,674,499771.0,750.85,722.8,2.0,"ADX-FILTER,DAILY-BIAS,DBL-TOP,FIRST-CANDLE,INTRADAY-STRUCT,OPEN-WEAK,ORB-30,PDH-PDL,PIN-BAR,SR-BREAK,STOCHASTIC,VWAP-STDDEV",12,12.0,ORB-30,ORB-30: breakdown below 741.50,15:15,743.5,TIME_EXIT,LOSS,-2077.37,-0.42,60.0,MEDIUM
2025-11-20,ONGC,LONG,10:25,243.8,2050,499790.0,241.9,247.60000000000002,2.0,"ASC-TRI,BOLLINGER,CPR,DAILY-BIAS,FIRST-CANDLE,MACD,ORB-15,ORB-30,PDH-PDL,RSI-EXT,SR-BREAK,STOCHASTIC,SUPERTREND,VPOC",14,14.0,ORB-15,ORB-15: breakout above 243.80 (range=1.90),15:15,242.3,TIME_EXIT,LOSS,-3801.19,-0.76,60.0,MEDIUM
2025-11-20,PAYTM,SHORT,09:50,1282.0,390,499980.0,1302.5289581180868,1240.9420837638263,2.0,"ADX-FILTER,BEAR-ENGULF,BOLLINGER,CAMARILLA,DAILY-BIAS,DBL-TOP,FAILED-BO,FIRST-CANDLE,MACD,PIN-BAR,SR-BREAK,STOCHASTIC,SUPERTREND",13,13.0,SUPERTREND,"SUPERTREND: flipped bearish, ST=1299.93",15:15,1283.6,TIME_EXIT,LOSS,-1353.24,-0.27,60.0,MEDIUM
2025-11-21,SONACOMS,LONG,09:30,514.6887755102041,971,499762.8,513.2015306122449,526.045918367347,7.64,"CAMARILLA,DAILY-BIAS,DBL-BTM,EMA-CROSS,FIRST-CANDLE,ORB-15,PDH-PDL,REL-STR,SR-BREAK,SUPERTREND,VPOC,VWAP-STDDEV",12,12.0,VPOC,VPOC: breakout above VAH=514.69,09:55,513.2015306122449,STOP_HIT,LOSS,-2171.56,-0.43,60.0,MEDIUM
2025-11-21,BAJAJHLDNG,SHORT,11:50,11711.0,42,491862.0,11824.0,11485.0,2.0,"ADX-FILTER,CAMARILLA,CPR,DAILY-BIAS,DBL-TOP,DESC-TRI,FAILED-BO,FIRST-CANDLE,ORB-15,ORB-30,PDH-PDL,PIN-BAR,REL-STR,SR-BREAK,STOCHASTIC",15,15.0,ORB-15,ORB-15: breakdown below 11711.00,15:15,11639.0,TIME_EXIT,WIN,2307.91,0.47,60.0,MEDIUM
2025-11-24,ABCAPITAL,LONG,09:50,328.3,1522,499672.6,323.3,338.3,2.0,"CAMARILLA,DAILY-BIAS,FIRST-CANDLE,INTRADAY-STRUCT,MACD,ORB-15,ORB-30,PDH-PDL,PIN-BAR,REL-STR,SR-BREAK,STOCHASTIC,SUPERTREND,VPOC",14,14.0,ORB-15,ORB-15: breakout above 328.30 (range=5.00),15:15,332.25,TIME_EXIT,WIN,5278.68,1.06,60.0,MEDIUM
2025-11-24,MOTILALOFS,SHORT,09:35,942.0,530,499260.0,950.0,926.0,2.0,"BOLLINGER,DAILY-BIAS,DBL-TOP,FIRST-CANDLE,OPEN-WEAK,ORB-15,ORB-30,PDH-PDL,REL-STR,SR-BREAK,STOCHASTIC,VWAP-STDDEV",12,12.0,ORB-15,ORB-15: breakdown below 942.00,15:00,950.0,STOP_HIT,LOSS,-4970.33,-1.0,60.0,MEDIUM
2025-11-25,CUB,LONG,11:15,272.13938775510206,1837,499920.06,272.0292857142857,273.460612244898,12.0,"BOLLINGER,CAMARILLA,DAILY-BIAS,EMA-CROSS,FIRST-CANDLE,MACD,ORB-15,ORB-30,PDH-PDL,PIN-BAR,STOCHASTIC,SUPERTREND,VPOC",13,13.0,VPOC,VPOC: breakout above VAH=272.14,11:20,273.460612244898,TARGET_HIT,EXACT_WIN,1696.37,0.34,60.0,MEDIUM
2025-11-25,TRENT,SHORT,09:45,2859.5,174,497553.0,2879.7,2819.1000000000004,2.0,"DAILY-BIAS,FIRST-CANDLE,INTRADAY-STRUCT,MACD,OPEN-WEAK,ORB-15,ORB-30,PDH-PDL,REL-STR,SR-BREAK,STOCHASTIC,SUPERTREND,VPOC",13,13.0,ORB-15,ORB-15: breakdown below 2859.50,15:15,2827.8,TIME_EXIT,WIN,4793.38,0.96,60.0,MEDIUM
2025-11-26,HDFCLIFE,LONG,09:25,772.6400000000001,647,499898.08,769.12,786.7200000000003,4.0,"ADX-FILTER,CAMARILLA,CPR,DAILY-BIAS,DBL-BTM,FIRST-CANDLE,MACD,ORB-15,PDH-PDL,PIN-BAR,REL-STR,SR-BREAK,SUPERTREND,VPOC",14,14.0,CAMARILLA,CAMARILLA: breakout above H4=772.64,10:05,786.7200000000003,TARGET_HIT,EXACT_WIN,8373.78,1.68,60.0,MEDIUM
2025-11-26,COCHINSHIP,SHORT,09:15,1694.3,295,499818.5,1710.2085,1660.0,2.16,"ADX-FILTER,BEAR-ENGULF,BOLLINGER,CAMARILLA,DAILY-BIAS,FAILED-BO,FIRST-CANDLE,INTRADAY-STRUCT,MACD,PIN-BAR,RSI-EXT,STOCHASTIC,SUPERTREND,VPOC",14,14.0,FAILED-BO,"Failed BO: bull trap above 1700.50, reversed on vol 5.9×",15:15,1678.8,TIME_EXIT,WIN,3846.45,0.77,60.0,MEDIUM
2025-11-27,IDFCFIRSTB,LONG,09:30,80.68285714285715,6197,499991.67,80.49000000000001,81.19714285714286,2.67,"BOLLINGER,CPR,DAILY-BIAS,EMA-CROSS,ORB-15,ORB-30,PDH-PDL,PIN-BAR,SR-BREAK,STOCHASTIC,VPOC,VWAP-STDDEV",12,12.0,VPOC,VPOC: breakout above VAH=80.68,09:40,80.49000000000001,STOP_HIT,LOSS,-1923.09,-0.38,60.0,MEDIUM
2025-11-27,HDFCAMC,SHORT,13:30,2622.6,190,498294.0,2647.6,2572.6,2.0,"ADX-FILTER,BEAR-ENGULF,BOLLINGER,CAMARILLA,DAILY-BIAS,FAILED-BO,FIRST-CANDLE,MACD,ORB-15,ORB-30,REL-STR,SR-BREAK,SUPERTREND,VPOC",14,14.0,ORB-15,ORB-15: breakdown below 2622.60,15:15,2622.6,TIME_EXIT,LOSS,-726.58,-0.15,60.0,MEDIUM
2025-11-28,CUMMINSIND,LONG,10:00,4457.322448979592,112,499220.11,4449.765306122449,4526.416326530612,9.14,"ASC-TRI,BOLLINGER,CAMARILLA,DAILY-BIAS,DBL-BTM,EMA-CROSS,MACD,ORB-15,ORB-30,PDH-PDL,SR-BREAK,STOCHASTIC,SUPERTREND,VPOC",14,14.0,VPOC,VPOC: breakout above VAH=4457.32,15:15,4480.1,TIME_EXIT,WIN,1821.22,0.36,60.0,MEDIUM
2025-11-28,CONCOR,SHORT,11:55,512.65,975,499833.75,529.139,468.92499999999995,2.65,"ADX-FILTER,BEAR-ENGULF,DAILY-BIAS,DBL-TOP,DESC-TRI,FIRST-CANDLE,INTRADAY-STRUCT,MACD,ORB-15,ORB-30,PDH-PDL,PIN-BAR,STOCHASTIC,SUPERTREND,VPOC",15,15.0,DESC-TRI,Descending Triangle: breakdown below support 512.96,15:15,511.35,TIME_EXIT,WIN,539.54,0.11,60.0,MEDIUM
2025-12-01,ADANIPORTS,LONG,09:15,1533.66,326,499973.16,1525.08,1567.9800000000002,4.0,"ADX-FILTER,ASC-TRI,CAMARILLA,DAILY-BIAS,DBL-BTM,EMA-CROSS,FIRST-CANDLE,ORB-15,PDH-PDL,PIN-BAR,REL-STR,SR-BREAK,STOCHASTIC,VPOC,VWAP-STDDEV",15,15.0,CAMARILLA,CAMARILLA: breakout above H4=1533.66,14:10,1525.08,STOP_HIT,LOSS,-3523.74,-0.7,60.0,MEDIUM
2025-12-01,TRENT,SHORT,12:00,2843.5,175,497612.5,2856.7,2817.1000000000004,2.0,"BEAR-FLAG,BOLLINGER,CAMARILLA,DAILY-BIAS,FAILED-BO,FIRST-CANDLE,INTRADAY-STRUCT,MACD,ORB-15,ORB-30,PDH-PDL,PIN-BAR,SR-BREAK,STOCHASTIC,SUPERTREND,VPOC",16,16.0,ORB-15,ORB-15: breakdown below 2843.50,12:05,2817.1000000000004,TARGET_HIT,EXACT_WIN,3896.99,0.78,60.0,MEDIUM
2025-12-02,KOTAKBANK,LONG,13:00,431.6,1158,499792.8,428.0,438.80000000000007,2.0,"CPR,DAILY-BIAS,DBL-BTM,EMA-CROSS,FIRST-CANDLE,MACD,ORB-15,ORB-30,PIN-BAR,SR-BREAK,STOCHASTIC,SUPERTREND,VPOC,VWAP-STDDEV",14,14.0,ORB-15,ORB-15: breakout above 431.60 (range=3.60),14:40,428.0,STOP_HIT,LOSS,-4894.13,-0.98,60.0,MEDIUM
2025-12-02,FORTIS,SHORT,09:15,908.45,550,499647.5,944.754,732.0999999999999,4.86,"BEAR-FLAG,BOLLINGER,CAMARILLA,DAILY-BIAS,DESC-TRI,MACD,ORB-30,PDH-PDL,PIN-BAR,SR-BREAK,STOCHASTIC,SUPERTREND,VPOC",13,13.0,DESC-TRI,Descending Triangle: breakdown below support 918.20,15:15,916.4,TIME_EXIT,LOSS,-5103.43,-1.02,60.0,MEDIUM
2025-12-03,HINDZINC,LONG,09:15,500.5285714285714,998,499527.51,500.0178571428571,505.92755102040815,10.57,"ADX-FILTER,CAMARILLA,DAILY-BIAS,EMA-CROSS,FIRST-CANDLE,ORB-15,ORB-30,PDH-PDL,PIN-BAR,REL-STR,SR-BREAK,STOCHASTIC,VOL-SPIKE,VPOC",14,14.0,VPOC,VPOC: breakout above VAH=500.53,09:30,500.0178571428571,STOP_HIT,LOSS,-1237.56,-0.25,60.0,MEDIUM
2025-12-03,SHREECEM,SHORT,09:25,26325.0,18,473850.0,27244.75,22975.0,3.64,"ADX-FILTER,BEAR-ENGULF,BOLLINGER,CAMARILLA,DAILY-BIAS,DESC-TRI,FIRST-CANDLE,MACD,ORB-15,ORB-30,PDH-PDL,REL-STR,SR-BREAK,STOCHASTIC,SUPERTREND",15,15.0,DESC-TRI,Descending Triangle: breakdown below support 26407.50,15:15,26300.0,TIME_EXIT,LOSS,-243.0,-0.05,60.0,MEDIUM
2025-12-04,VBL,LONG,09:25,482.1102040816327,1037,499948.28,480.7239795918367,491.280612244898,6.62,"BOLLINGER,CAMARILLA,DAILY-BIAS,DBL-BTM,EMA-CROSS,FIRST-CANDLE,MACD,ORB-15,PDH-PDL,REL-STR,SR-BREAK,STOCHASTIC,SUPERTREND,VPOC",14,14.0,VPOC,VPOC: breakout above VAH=482.11,13:50,480.7239795918367,STOP_HIT,LOSS,-2165.22,-0.43,60.0,MEDIUM
2025-12-04,FORTIS,SHORT,11:20,890.0,561,499290.0,897.0629999999999,863.3,3.78,"ADX-FILTER,DAILY-BIAS,FAILED-BO,FIRST-CANDLE,OPEN-WEAK,ORB-15,ORB-30,PDH-PDL,PIN-BAR,SR-BREAK,STOCHASTIC,VWAP-STDDEV",12,12.0,FAILED-BO,"Failed BO: bull trap above 899.30, reversed on vol 1.5×",15:15,889.9,TIME_EXIT,LOSS,-671.81,-0.13,60.0,MEDIUM
2025-12-05,BAJAJ-AUTO,LONG,09:15,9088.448979591836,55,499864.69,9067.704081632652,9162.693877551019,3.58,"ASC-TRI,CAMARILLA,DAILY-BIAS,EMA-CROSS,FIRST-CANDLE,INTRADAY-STRUCT,ORB-15,ORB-30,PDH-PDL,PIN-BAR,SR-BREAK,STOCHASTIC,VPOC,VWAP-STDDEV",14,14.0,VPOC,VPOC: breakout above VAH=9088.45,09:45,9067.704081632652,STOP_HIT,LOSS,-1868.79,-0.37,60.0,MEDIUM
2025-12-05,INDIGO,SHORT,10:05,5347.0,93,497271.0,5445.0,5151.0,2.0,"ADX-FILTER,DAILY-BIAS,FAILED-BO,FIRST-CANDLE,MACD,OPEN-WEAK,ORB-30,PDH-PDL,REL-STR,SR-BREAK,STOCHASTIC,SUPERTREND,VWAP-REV,VWAP-STDDEV",14,14.0,ORB-30,ORB-30: breakdown below 5347.00,13:10,5445.0,STOP_HIT,LOSS,-9844.4,-1.98,60.0,MEDIUM
2025-12-08,GRASIM,LONG,09:20,2748.3489795918367,181,497451.17,2747.3234693877553,2772.277551020408,23.33,"CAMARILLA,DBL-BTM,EMA-CROSS,FIRST-CANDLE,MACD,ORB-15,ORB-30,PDH-PDL,PIN-BAR,SR-BREAK,STOCHASTIC,SUPERTREND,VPOC,VWAP-STDDEV",14,14.0,VPOC,VPOC: breakout above VAH=2748.35,10:00,2747.3234693877553,STOP_HIT,LOSS,-910.91,-0.18,60.0,MEDIUM
2025-12-08,AXISBANK,SHORT,13:30,1272.2,393,499974.6,1288.8,1239.0000000000002,2.0,"ADX-FILTER,BEAR-ENGULF,CAMARILLA,FAILED-BO,FIRST-CANDLE,MACD,ORB-30,PDH-PDL,PIN-BAR,REL-STR,SR-BREAK,STOCHASTIC,SUPERTREND",13,13.0,ORB-30,ORB-30: breakdown below 1272.20,15:15,1274.3,TIME_EXIT,LOSS,-1554.65,-0.31,60.0,MEDIUM
2025-12-09,SWIGGY,LONG,09:45,386.05,1295,499934.75,380.15,397.8500000000001,2.0,"ADX-FILTER,BOLLINGER,CAMARILLA,EMA-CROSS,FIRST-CANDLE,MACD,ORB-15,ORB-30,PDH-PDL,PIN-BAR,REL-STR,STOCHASTIC,SUPERTREND,VPOC",14,14.0,ORB-15,ORB-15: breakout above 386.05 (range=5.90),10:10,397.8500000000001,TARGET_HIT,EXACT_WIN,14540.08,2.91,60.0,MEDIUM
2025-12-09,PRESTIGE,SHORT,09:30,1593.1,313,498640.3,1611.9,1555.4999999999995,2.0,"ADX-FILTER,BOLLINGER,CAMARILLA,DAILY-BIAS,FIRST-CANDLE,MACD,ORB-15,PDH-PDL,PIN-BAR,RSI-EXT,SR-BREAK,STOCHASTIC,SUPERTREND,VPOC,VWAP-REV,VWAP-STDDEV",16,16.0,ORB-15,ORB-15: breakdown below 1593.10,11:05,1611.9,STOP_HIT,LOSS,-6614.82,-1.33,60.0,MEDIUM
2025-12-10,PHOENIXLTD,LONG,12:25,1762.975,283,498921.92,1747.9875,1822.9249999999997,4.0,"ASC-TRI,BOLLINGER,CAMARILLA,CPR,DAILY-BIAS,DBL-BTM,FIRST-CANDLE,MACD,ORB-15,ORB-30,PDH-PDL,SR-BREAK,STOCHASTIC,SUPERTREND,VPOC",15,15.0,CAMARILLA,CAMARILLA: breakout above H4=1762.97,14:50,1747.9875,STOP_HIT,LOSS,-4965.54,-1.0,60.0,MEDIUM
2025-12-10,INOXWIND,SHORT,11:00,124.01,4031,499884.31,125.72,120.59000000000002,2.0,"BEAR-FLAG,BOLLINGER,CAMARILLA,CPR,DAILY-BIAS,MACD,ORB-15,ORB-30,PIN-BAR,RSI-EXT,SR-BREAK,STOCHASTIC,SUPERTREND",13,13.0,ORB-15,ORB-15: breakdown below 124.01,13:45,120.59000000000002,TARGET_HIT,EXACT_WIN,13065.15,2.61,60.0,MEDIUM
2025-12-11,INDUSTOWER,LONG,09:50,405.35,1233,499796.55,401.2,413.6500000000001,2.0,"ADX-FILTER,BOLLINGER,CAMARILLA,DBL-BTM,FIRST-CANDLE,MACD,ORB-15,ORB-30,PDH-PDL,PIN-BAR,REL-STR,SR-BREAK,STOCHASTIC,SUPERTREND,VPOC",15,15.0,ORB-15,ORB-15: breakout above 405.35 (range=4.15),15:15,410.4,TIME_EXIT,WIN,5493.09,1.1,60.0,MEDIUM
2025-12-11,BAJAJHLDNG,SHORT,10:25,11040.0,45,496800.0,11174.0,10772.0,2.0,"ADX-FILTER,CAMARILLA,CPR,DAILY-BIAS,FAILED-BO,FIRST-CANDLE,INTRADAY-STRUCT,MACD,ORB-15,PIN-BAR,SR-BREAK,STOCHASTIC,SUPERTREND",13,13.0,ORB-15,ORB-15: breakdown below 11040.00,15:15,10988.0,TIME_EXIT,WIN,1616.79,0.33,60.0,MEDIUM
2025-12-12,HINDCOPPER,LONG,09:15,363.54999999999995,1375,499881.25,359.97499999999997,377.8499999999999,4.0,"ADX-FILTER,CAMARILLA,DAILY-BIAS,FIRST-CANDLE,GAP-CONT,INTRADAY-STRUCT,ORB-15,ORB-30,PDH-PDL,PIN-BAR,REL-STR,SR-BREAK,STOCHASTIC,VOL-SPIKE,VPOC",15,15.0,CAMARILLA,CAMARILLA: breakout above H4=363.55,10:35,377.8499999999999,TARGET_HIT,EXACT_WIN,18918.18,3.78,60.0,MEDIUM
2025-12-12,ALKEM,SHORT,10:45,5618.5,88,494428.0,5676.0,5503.5,2.0,"ADX-FILTER,CAMARILLA,DAILY-BIAS,FAILED-BO,FIRST-CANDLE,MACD,ORB-15,ORB-30,REL-STR,SR-BREAK,STOCHASTIC,SUPERTREND,VPOC",13,13.0,ORB-15,ORB-15: breakdown below 5618.50,15:15,5632.5,TIME_EXIT,LOSS,-1954.02,-0.4,60.0,MEDIUM
2025-12-15,NAVINFLUOR,LONG,09:30,6121.5,81,495841.5,6050.0,6264.5,2.0,"BOLLINGER,CAMARILLA,DAILY-BIAS,EMA-CROSS,FIRST-CANDLE,MACD,ORB-15,ORB-30,PIN-BAR,REL-STR,RSI-EXT,SR-BREAK,SUPERTREND,VPOC,VWAP-STDDEV",15,15.0,ORB-15,ORB-15: breakout above 6121.50 (range=71.50),15:15,6146.0,TIME_EXIT,WIN,1259.69,0.25,60.0,MEDIUM
2025-12-15,GRSE,SHORT,11:05,2342.5,213,498952.5,2384.2482141379287,2259.0035717241426,2.0,"ADX-FILTER,BOLLINGER,CAMARILLA,DAILY-BIAS,FAILED-BO,MACD,OPEN-WEAK,PDH-PDL,SR-BREAK,STOCHASTIC,SUPERTREND,VPOC,VWAP-STDDEV",13,13.0,SUPERTREND,"SUPERTREND: flipped bearish, ST=2379.49",15:15,2351.0,TIME_EXIT,LOSS,-2539.02,-0.51,60.0,MEDIUM
2025-12-16,TITAN,LONG,09:45,3867.9,129,498959.1,3828.0,3947.7000000000003,2.0,"ADX-FILTER,ASC-TRI,BOLLINGER,CAMARILLA,FIRST-CANDLE,MACD,ORB-15,ORB-30,PIN-BAR,REL-STR,RSI-EXT,STOCHASTIC,SUPERTREND,VPOC",14,14.0,ORB-15,ORB-15: breakout above 3867.90 (range=39.90),15:15,3929.1,TIME_EXIT,WIN,7161.06,1.44,60.0,MEDIUM
2025-12-16,UNOMINDA,SHORT,09:55,1231.8,405,498879.0,1242.6553580083626,1210.0892839832748,2.0,"BOLLINGER,DAILY-BIAS,DBL-TOP,FAILED-BO,FIRST-CANDLE,MACD,PIN-BAR,RSI-EXT,STOCHASTIC,SUPERTREND,VWAP-REV,VWAP-STDDEV",12,12.0,SUPERTREND,"SUPERTREND: flipped bearish, ST=1240.18",11:20,1242.6553580083626,STOP_HIT,LOSS,-5126.32,-1.03,60.0,MEDIUM
2025-12-17,SHRIRAMFIN,LONG,09:15,852.6075,586,499627.99,848.85375,867.6224999999998,4.0,"ASC-TRI,CAMARILLA,DAILY-BIAS,EMA-CROSS,FIRST-CANDLE,GAP-CONT,INTRADAY-STRUCT,PDH-PDL,PIN-BAR,REL-STR,SR-BREAK,STOCHASTIC,VPOC,VWAP-STDDEV",14,14.0,CAMARILLA,CAMARILLA: breakout above H4=852.61,09:20,867.6224999999998,TARGET_HIT,EXACT_WIN,8063.42,1.61,60.0,MEDIUM
2025-12-17,RBLBANK,SHORT,10:20,298.0,1677,499746.0,305.0,284.0,2.0,"ADX-FILTER,BOLLINGER,CAMARILLA,DAILY-BIAS,FAILED-BO,FIRST-CANDLE,MACD,ORB-15,PDH-PDL,REL-STR,SR-BREAK,STOCHASTIC,SUPERTREND",13,13.0,ORB-15,ORB-15: breakdown below 298.00,15:15,297.55,TIME_EXIT,WIN,26.52,0.01,60.0,MEDIUM
2025-12-18,LUPIN,LONG,11:30,2117.0,236,499612.0,2105.1,2140.8,2.0,"ASC-TRI,BOLLINGER,CAMARILLA,CPR,DAILY-BIAS,ORB-15,ORB-30,PIN-BAR,SR-BREAK,STOCHASTIC,SUPERTREND,VPOC,VWAP-STDDEV",13,13.0,ORB-15,ORB-15: breakout above 2117.00 (range=11.90),15:15,2119.0,TIME_EXIT,LOSS,-256.75,-0.05,60.0,MEDIUM
2025-12-18,PAYTM,SHORT,13:45,1291.3,387,499733.1,1299.9675,1260.0,3.61,"ADX-FILTER,BEAR-ENGULF,BOLLINGER,CAMARILLA,DAILY-BIAS,FIRST-CANDLE,MACD,PDH-PDL,PIN-BAR,REL-STR,RSI-EXT,SR-BREAK,STOCHASTIC,SUPERTREND,VPOC,VWAP-REV,VWAP-STDDEV",17,17.0,BEAR-ENGULF,"Bear Engulf at resistance 1293.90, vol 1.7×",15:15,1284.9,TIME_EXIT,WIN,1749.67,0.35,60.0,MEDIUM
2025-12-19,VOLTAS,LONG,09:15,1397.4,357,498871.8,1390.413,1419.104081632653,3.11,"ADX-FILTER,DAILY-BIAS,DBL-BTM,EMA-CROSS,FIRST-CANDLE,MACD,PIN-BAR,REL-STR,RSI-EXT,SR-BREAK,SUPERTREND,VPOC,VWAP-REV,VWAP-STDDEV",14,14.0,VPOC,VPOC: rejection below VPOC=1398.15,12:10,1390.413,STOP_HIT,LOSS,-3219.76,-0.65,60.0,MEDIUM
2025-12-19,HCLTECH,SHORT,10:25,1662.0,300,498600.0,1681.0,1624.0,2.0,"BOLLINGER,CAMARILLA,DBL-TOP,FAILED-BO,FIRST-CANDLE,INTRADAY-STRUCT,MACD,ORB-15,ORB-30,PDH-PDL,PIN-BAR,REL-STR,SR-BREAK,STOCHASTIC,SUPERTREND,VPOC",16,16.0,ORB-15,ORB-15: breakdown below 1662.00,15:15,1641.8,TIME_EXIT,WIN,5336.46,1.07,60.0,MEDIUM
2025-12-22,MCX,LONG,09:20,2068.469387755102,241,498501.12,2062.0510204081634,2088.1020408163267,3.06,"ADX-FILTER,ASC-TRI,CPR,DAILY-BIAS,DBL-BTM,FIRST-CANDLE,GAP-CONT,INTRADAY-STRUCT,ORB-15,ORB-30,PDH-PDL,STOCHASTIC,VPOC",13,13.0,VPOC,VPOC: breakout above VAH=2068.47,09:45,2088.1020408163267,TARGET_HIT,EXACT_WIN,4000.86,0.8,60.0,MEDIUM
2025-12-22,UNIONBANK,SHORT,10:50,154.25,3241,499924.25,155.09,152.57,2.0,"ADX-FILTER,BEAR-ENGULF,BOLLINGER,CAMARILLA,FAILED-BO,MACD,ORB-15,ORB-30,PDH-PDL,PIN-BAR,SUPERTREND",11,11.0,ORB-15,ORB-15: breakdown below 154.25,11:35,152.57,TARGET_HIT,EXACT_WIN,4719.19,0.94,60.0,MEDIUM
2025-12-23,BRITANNIA,LONG,10:15,6083.0,82,498806.0,6044.0,6161.0,2.0,"ADX-FILTER,BOLLINGER,CAMARILLA,DAILY-BIAS,DBL-BTM,FIRST-CANDLE,MACD,ORB-15,ORB-30,PIN-BAR,RSI-EXT,SUPERTREND,VPOC",13,13.0,ORB-15,ORB-15: breakout above 6083.00 (range=39.00),12:45,6044.0,STOP_HIT,LOSS,-3922.75,-0.79,60.0,MEDIUM
2025-12-23,UNIONBANK,SHORT,11:25,153.1,3265,499871.5,153.9,151.49999999999997,2.0,"ADX-FILTER,CAMARILLA,FIRST-CANDLE,MACD,ORB-15,ORB-30,PDH-PDL,PIN-BAR,SR-BREAK,STOCHASTIC,SUPERTREND,VPOC",12,12.0,ORB-15,ORB-15: breakdown below 153.10,15:15,152.32,TIME_EXIT,WIN,1819.42,0.36,60.0,MEDIUM
2025-12-24,EICHERMOT,LONG,12:40,7300.0,68,496400.0,7240.5,7419.0,2.0,"ASC-TRI,BOLLINGER,CAMARILLA,DAILY-BIAS,DBL-BTM,FIRST-CANDLE,MACD,ORB-15,ORB-30,PIN-BAR,RSI-EXT,SR-BREAK,SUPERTREND,VPOC,VWAP-STDDEV",15,15.0,ORB-15,ORB-15: breakout above 7300.00 (range=59.50),15:15,7312.0,TIME_EXIT,WIN,91.35,0.02,60.0,MEDIUM
2025-12-24,JSWSTEEL,SHORT,10:20,1095.9,456,499730.4,1103.3,1081.1000000000004,2.0,"ADX-FILTER,CAMARILLA,DAILY-BIAS,FAILED-BO,FIRST-CANDLE,MACD,ORB-15,ORB-30,PDH-PDL,PIN-BAR,SR-BREAK,STOCHASTIC,SUPERTREND",13,13.0,ORB-15,ORB-15: breakdown below 1095.90,15:15,1091.1,TIME_EXIT,WIN,1461.51,0.29,60.0,MEDIUM
2025-12-26,TITAN,LONG,10:00,3935.0,127,499745.0,3900.0,4005.0,2.0,"ASC-TRI,CAMARILLA,CPR,DAILY-BIAS,DBL-BTM,FIRST-CANDLE,INTRADAY-STRUCT,ORB-15,ORB-30,PDH-PDL,PIN-BAR,REL-STR,SR-BREAK,STOCHASTIC,VPOC",15,15.0,ORB-15,ORB-15: breakout above 3935.00 (range=35.00),12:55,4005.0,TARGET_HIT,EXACT_WIN,8154.4,1.63,60.0,MEDIUM
2025-12-26,PAGEIND,SHORT,09:45,36450.0,13,473850.0,36798.772867966865,35752.45426406627,2.0,"ADX-FILTER,BOLLINGER,CAMARILLA,DAILY-BIAS,FAILED-BO,FIRST-CANDLE,MACD,PDH-PDL,SR-BREAK,STOCHASTIC,SUPERTREND,VPOC",12,12.0,SUPERTREND,"SUPERTREND: flipped bearish, ST=36725.32",15:15,36445.0,TIME_EXIT,LOSS,-628.22,-0.13,60.0,MEDIUM
2025-12-29,NESTLEIND,LONG,09:45,1278.6,391,499932.6,1272.2,1291.3999999999996,2.0,"CPR,DAILY-BIAS,DBL-BTM,EMA-CROSS,FIRST-CANDLE,MACD,ORB-15,ORB-30,PDH-PDL,SR-BREAK,STOCHASTIC,SUPERTREND,VPOC",13,13.0,ORB-15,ORB-15: breakout above 1278.60 (range=6.40),15:15,1280.2,TIME_EXIT,LOSS,-103.71,-0.02,60.0,MEDIUM
2025-12-29,EICHERMOT,SHORT,13:30,7256.0,68,493408.0,7427.599206896549,6670.0,3.41,"ADX-FILTER,BEAR-ENGULF,BOLLINGER,CAMARILLA,FAILED-BO,FIRST-CANDLE,INTRADAY-STRUCT,MACD,ORB-15,ORB-30,PDH-PDL,PIN-BAR,RISE-WEDGE,STOCHASTIC,VPOC",15,15.0,RISE-WEDGE,Rising Wedge: broke below lower trendline 7259.66,15:15,7263.5,TIME_EXIT,LOSS,-1230.21,-0.25,60.0,MEDIUM
2025-12-30,BAJAJ-AUTO,LONG,09:45,9094.5,54,491103.0,9025.5,9232.5,2.0,"ADX-FILTER,ASC-TRI,BOLLINGER,DAILY-BIAS,DBL-BTM,FIRST-CANDLE,INTRADAY-STRUCT,MACD,ORB-15,ORB-30,REL-STR,SR-BREAK,STOCHASTIC,SUPERTREND,VPOC",15,15.0,ORB-15,ORB-15: breakout above 9094.50 (range=69.00),10:35,9232.5,TARGET_HIT,EXACT_WIN,6729.32,1.37,60.0,MEDIUM
2025-12-30,TIINDIA,SHORT,09:25,2578.0,193,497554.0,2678.318,2052.5499999999997,5.24,"ADX-FILTER,CAMARILLA,CPR,DAILY-BIAS,DESC-TRI,FIRST-CANDLE,ORB-15,ORB-30,PDH-PDL,REL-STR,SR-BREAK,STOCHASTIC,VPOC",13,13.0,DESC-TRI,Descending Triangle: breakdown below support 2579.57,15:15,2566.7,TIME_EXIT,WIN,1456.57,0.29,60.0,MEDIUM
2025-12-31,LTF,LONG,09:45,309.45,1615,499761.75,306.975,319.34999999999997,4.0,"ADX-FILTER,ASC-TRI,CAMARILLA,DBL-BTM,FIRST-CANDLE,INTRADAY-STRUCT,MACD,ORB-15,ORB-30,PDH-PDL,PIN-BAR,REL-STR,SR-BREAK,SUPERTREND,VPOC",15,15.0,CAMARILLA,CAMARILLA: breakout above H4=309.45,15:15,316.35,TIME_EXIT,WIN,10406.09,2.08,60.0,MEDIUM
2025-12-31,PAYTM,SHORT,11:30,1299.1,384,498854.4,1307.9,1281.4999999999995,2.0,"ADX-FILTER,BEAR-ENGULF,BOLLINGER,CAMARILLA,DAILY-BIAS,FIRST-CANDLE,INTRADAY-STRUCT,MACD,ORB-15,PIN-BAR,SR-BREAK,SUPERTREND,VPOC",13,13.0,ORB-15,ORB-15: breakdown below 1299.10,15:15,1300.5,TIME_EXIT,LOSS,-1265.26,-0.25,60.0,MEDIUM
2026-01-01,HINDALCO,LONG,11:20,889.4,562,499842.8,885.8,896.6,2.0,"ADX-FILTER,CPR,DAILY-BIAS,EMA-CROSS,MACD,ORB-15,ORB-30,PDH-PDL,PIN-BAR,SR-BREAK,STOCHASTIC,SUPERTREND,VPOC,VWAP-STDDEV",14,14.0,ORB-15,ORB-15: breakout above 889.40 (range=3.60),15:15,894.65,TIME_EXIT,WIN,2219.47,0.44,60.0,MEDIUM
2026-01-01,PAYTM,SHORT,12:25,1294.8,386,499792.8,1302.9,1278.5999999999997,2.0,"ADX-FILTER,CAMARILLA,DAILY-BIAS,FIRST-CANDLE,ORB-15,ORB-30,PDH-PDL,PIN-BAR,SR-BREAK,STOCHASTIC,SUPERTREND,VWAP-STDDEV",12,12.0,ORB-15,ORB-15: breakdown below 1294.80,15:15,1292.5,TIME_EXIT,WIN,159.68,0.03,60.0,MEDIUM
2026-01-02,TORNTPHARM,LONG,10:25,3856.7,129,497514.3,3821.0,3928.0999999999995,2.0,"ADX-FILTER,ASC-TRI,BOLLINGER,CAMARILLA,DAILY-BIAS,DBL-BTM,FIRST-CANDLE,INTRADAY-STRUCT,MACD,ORB-30,PDH-PDL,SR-BREAK,STOCHASTIC,SUPERTREND,VPOC",15,15.0,ORB-30,ORB-30: breakout above 3856.70 (range=35.70),15:15,3884.3,TIME_EXIT,WIN,2832.06,0.57,60.0,MEDIUM
2026-01-02,BANDHANBNK,SHORT,13:00,143.9,3474,499908.6,145.6,140.50000000000003,2.0,"BOLLINGER,CAMARILLA,DAILY-BIAS,DBL-TOP,FAILED-BO,MACD,ORB-15,ORB-30,PDH-PDL,RSI-EXT,SR-BREAK,SUPERTREND,VPOC,VWAP-STDDEV",14,14.0,ORB-15,ORB-15: breakdown below 143.90,15:15,144.23,TIME_EXIT,LOSS,-1875.86,-0.38,60.0,MEDIUM
2026-01-05,EICHERMOT,LONG,09:45,7390.475,67,495161.83,7367.2375,7483.425000000001,4.0,"ASC-TRI,CAMARILLA,CPR,DAILY-BIAS,DBL-BTM,FIRST-CANDLE,INTRADAY-STRUCT,ORB-15,ORB-30,PDH-PDL,REL-STR,SR-BREAK,STOCHASTIC,VPOC",14,14.0,CAMARILLA,CAMARILLA: breakout above H4=7390.48,10:15,7483.425000000001,TARGET_HIT,EXACT_WIN,5500.41,1.11,60.0,MEDIUM
2026-01-05,VMM,SHORT,12:30,135.33,3694,499909.02,137.26,131.47000000000006,2.0,"CAMARILLA,DBL-TOP,FAILED-BO,FIRST-CANDLE,MACD,ORB-15,ORB-30,PDH-PDL,PIN-BAR,REL-STR,RISE-WEDGE,SR-BREAK,STOCHASTIC,SUPERTREND,VPOC",15,15.0,ORB-15,ORB-15: breakdown below 135.33,15:15,134.31,TIME_EXIT,WIN,3041.25,0.61,60.0,MEDIUM
2026-01-06,FORTIS,LONG,09:25,924.095,541,499935.4,919.7225,941.585,4.0,"ADX-FILTER,CAMARILLA,CPR,DAILY-BIAS,DBL-BTM,FIRST-CANDLE,ORB-15,ORB-30,PDH-PDL,PIN-BAR,REL-STR,SR-BREAK,VPOC",13,13.0,CAMARILLA,CAMARILLA: breakout above H4=924.10,15:00,941.585,TARGET_HIT,EXACT_WIN,8725.78,1.75,60.0,MEDIUM
2026-01-06,POLICYBZR,SHORT,12:40,1763.3,283,499013.9,1785.3,1719.3,2.0,"ADX-FILTER,CAMARILLA,DAILY-BIAS,DBL-TOP,FIRST-CANDLE,MACD,ORB-15,ORB-30,PDH-PDL,REL-STR,SR-BREAK,SUPERTREND",12,12.0,ORB-15,ORB-15: breakdown below 1763.30,15:15,1744.4,TIME_EXIT,WIN,4624.19,0.93,60.0,MEDIUM
2026-01-07,PPLPHARMA,LONG,09:20,182.86499999999998,2734,499952.91,181.6825,187.59499999999994,4.0,"CAMARILLA,CPR,DAILY-BIAS,DBL-BTM,FIRST-CANDLE,INTRADAY-STRUCT,ORB-15,ORB-30,PDH-PDL,PIN-BAR,REL-STR,SR-BREAK,STOCHASTIC,VPOC,VWAP-REV,VWAP-STDDEV",16,16.0,CAMARILLA,CAMARILLA: breakout above H4=182.86,11:40,181.6825,STOP_HIT,LOSS,-3959.24,-0.79,60.0,MEDIUM
2026-01-07,PAYTM,SHORT,12:20,1322.1,378,499753.8,1331.9,1302.4999999999995,2.0,"ADX-FILTER,BOLLINGER,CPR,FAILED-BO,FIRST-CANDLE,MACD,ORB-15,PDH-PDL,PIN-BAR,REL-STR,STOCHASTIC,SUPERTREND",12,12.0,ORB-15,ORB-15: breakdown below 1322.10,15:15,1321.5,TIME_EXIT,LOSS,-501.64,-0.1,60.0,MEDIUM
2026-01-08,IDFCFIRSTB,LONG,10:25,86.25,5797,499991.25,83.358,93.98499999999999,2.67,"ASC-TRI,BOLLINGER,CAMARILLA,DAILY-BIAS,DBL-BTM,EMA-CROSS,MACD,ORB-15,ORB-30,RSI-EXT,STOCHASTIC,SUPERTREND,VPOC",13,13.0,ASC-TRI,Ascending Triangle: breakout above resistance 86.16,15:15,86.07,TIME_EXIT,LOSS,-1771.53,-0.35,60.0,MEDIUM
2026-01-08,MOTILALOFS,SHORT,11:25,829.95,602,499629.9,879.71,675.425,3.11,"CAMARILLA,DAILY-BIAS,DBL-TOP,DESC-TRI,FIRST-CANDLE,INTRADAY-STRUCT,MACD,ORB-15,ORB-30,PDH-PDL,PIN-BAR,SR-BREAK,STOCHASTIC,SUPERTREND",14,14.0,DESC-TRI,Descending Triangle: breakdown below support 831.59,15:15,824.95,TIME_EXIT,WIN,2283.32,0.46,60.0,MEDIUM
2026-01-09,ASIANPAINT,LONG,09:15,2787.7530612244896,179,499007.8,2785.281632653061,2799.051020408163,4.57,"CAMARILLA,CPR,DAILY-BIAS,DBL-BTM,EMA-CROSS,FIRST-CANDLE,ORB-15,ORB-30,PDH-PDL,REL-STR,SR-BREAK,STOCHASTIC,VPOC",13,13.0,VPOC,VPOC: breakout above VAH=2787.75,09:20,2799.051020408163,TARGET_HIT,EXACT_WIN,1293.18,0.26,60.0,MEDIUM
2026-01-09,LICI,SHORT,09:30,416.8,1199,499743.2,421.2,408.00000000000006,2.0,"ADX-FILTER,CAMARILLA,DAILY-BIAS,DBL-TOP,DESC-TRI,FIRST-CANDLE,INTRADAY-STRUCT,ORB-15,PDH-PDL,PIN-BAR,REL-STR,SR-BREAK,STOCHASTIC",13,13.0,ORB-15,ORB-15: breakdown below 416.80,15:15,414.5,TIME_EXIT,WIN,2030.72,0.41,60.0,MEDIUM
2026-01-12,AUBANK,LONG,12:20,999.1,500,499550.0,991.7,1013.9,2.0,"ADX-FILTER,BOLLINGER,CAMARILLA,DAILY-BIAS,DBL-BTM,EMA-CROSS,FIRST-CANDLE,INTRADAY-STRUCT,MACD,ORB-15,ORB-30,PDH-PDL,PIN-BAR,REL-STR,RSI-EXT,SR-BREAK,STOCHASTIC,SUPERTREND,VPOC",19,19.0,ORB-15,ORB-15: breakout above 999.10 (range=7.40),15:15,1009.25,TIME_EXIT,WIN,4342.69,0.87,60.0,MEDIUM
2026-01-12,POLICYBZR,SHORT,10:15,1683.2,297,499910.4,1698.9,1651.8,2.0,"ADX-FILTER,CAMARILLA,DAILY-BIAS,DBL-TOP,FAILED-BO,FIRST-CANDLE,MACD,ORB-15,PDH-PDL,PIN-BAR,SR-BREAK,STOCHASTIC,SUPERTREND,VPOC",14,14.0,ORB-15,ORB-15: breakdown below 1683.20,15:15,1675.8,TIME_EXIT,WIN,1470.27,0.29,60.0,MEDIUM
2026-01-13,MPHASIS,LONG,09:15,2832.2285714285717,176,498472.23,2825.4826530612245,2871.4775510204086,5.82,"ADX-FILTER,CAMARILLA,CPR,FIRST-CANDLE,ORB-15,ORB-30,PDH-PDL,PIN-BAR,REL-STR,SR-BREAK,STOCHASTIC,VPOC,VWAP-STDDEV",13,13.0,VPOC,VPOC: breakout above VAH=2832.23,09:45,2825.4826530612245,STOP_HIT,LOSS,-1913.17,-0.38,60.0,MEDIUM
2026-01-13,AUROPHARMA,SHORT,12:30,1168.0,428,499904.0,1185.0,1134.0,2.0,"ADX-FILTER,CAMARILLA,DAILY-BIAS,DBL-TOP,FIRST-CANDLE,INTRADAY-STRUCT,MACD,ORB-15,PDH-PDL,PIN-BAR,REL-STR,SR-BREAK,STOCHASTIC,VPOC",14,14.0,ORB-15,ORB-15: breakdown below 1168.00,15:15,1169.8,TIME_EXIT,LOSS,-1499.62,-0.3,60.0,MEDIUM
2026-01-14,AXISBANK,LONG,09:20,1260.8,396,499276.8,1254.4959999999999,1279.869387755102,3.02,"ADX-FILTER,BOLLINGER,CAMARILLA,DAILY-BIAS,DBL-BTM,EMA-CROSS,FIRST-CANDLE,INTRADAY-STRUCT,MACD,ORB-15,ORB-30,REL-STR,SR-BREAK,STOCHASTIC,SUPERTREND,VPOC",16,16.0,VPOC,VPOC: rejection below VPOC=1261.54,09:55,1279.869387755102,TARGET_HIT,EXACT_WIN,6817.57,1.37,60.0,MEDIUM
2026-01-14,DLF,SHORT,09:55,647.6,772,499947.2,652.0,638.8000000000001,2.0,"ADX-FILTER,DAILY-BIAS,DBL-TOP,FAILED-BO,FIRST-CANDLE,MACD,ORB-15,ORB-30,PIN-BAR,REL-STR,SR-BREAK,STOCHASTIC,SUPERTREND,VPOC",14,14.0,ORB-15,ORB-15: breakdown below 647.60,11:00,652.0,STOP_HIT,LOSS,-4127.58,-0.83,60.0,MEDIUM
2026-01-16,GROWW,LONG,09:15,168.68367346938777,2964,499978.41,168.08673469387753,179.1897959183674,17.6,"CAMARILLA,CPR,DAILY-BIAS,EMA-CROSS,FIRST-CANDLE,GAP-CONT,MACD,ORB-15,ORB-30,PDH-PDL,REL-STR,SR-BREAK,STOCHASTIC,VOL-SPIKE,VPOC",15,15.0,VPOC,VPOC: breakout above VAH=168.68,10:40,179.1897959183674,TARGET_HIT,EXACT_WIN,30386.61,6.08,60.0,MEDIUM
2026-01-16,LICI,SHORT,13:20,412.75,1211,499840.25,415.1,408.04999999999995,2.0,"BEAR-ENGULF,CAMARILLA,DAILY-BIAS,DBL-TOP,DESC-TRI,FAILED-BO,FIRST-CANDLE,MACD,ORB-15,ORB-30,PDH-PDL,PIN-BAR,SR-BREAK,STOCHASTIC,VPOC",15,15.0,ORB-15,ORB-15: breakdown below 412.75,15:15,410.1,TIME_EXIT,WIN,2482.29,0.5,60.0,MEDIUM
2026-01-19,COLPAL,LONG,09:15,2106.5061224489796,237,499241.95,2105.851020408163,2113.057142857143,10.0,"ADX-FILTER,CAMARILLA,CPR,DAILY-BIAS,DBL-BTM,ORB-15,ORB-30,PDH-PDL,SR-BREAK,STOCHASTIC,VOL-SPIKE,VPOC,VWAP-STDDEV",13,13.0,VPOC,VPOC: breakout above VAH=2106.51,09:20,2113.057142857143,TARGET_HIT,EXACT_WIN,823.49,0.16,60.0,MEDIUM
2026-01-19,IDFCFIRSTB,SHORT,11:55,83.09,6017,499952.53,84.23,80.81,2.0,"ADX-FILTER,BEAR-ENGULF,BOLLINGER,DAILY-BIAS,DBL-TOP,FAILED-BO,FIRST-CANDLE,MACD,ORB-30,PIN-BAR,SR-BREAK,STOCHASTIC,SUPERTREND",13,13.0,ORB-30,ORB-30: breakdown below 83.09,15:15,83.1,TIME_EXIT,LOSS,-789.05,-0.16,60.0,MEDIUM
2026-01-20,DALBHARAT,LONG,09:15,2178.11,229,498787.19,2161.005,2246.53,4.0,"ASC-TRI,CAMARILLA,DAILY-BIAS,DBL-BTM,EMA-CROSS,FIRST-CANDLE,MACD,ORB-30,PDH-PDL,PIN-BAR,REL-STR,SR-BREAK,STOCHASTIC,VOL-SPIKE,VPOC",15,15.0,CAMARILLA,CAMARILLA: breakout above H4=2178.11,15:15,2196.7,TIME_EXIT,WIN,3526.48,0.71,60.0,MEDIUM
2026-01-20,HDFCAMC,SHORT,11:00,2500.2,199,497539.8,2541.4,2417.7999999999993,2.0,"CAMARILLA,DAILY-BIAS,FIRST-CANDLE,ORB-15,ORB-30,PDH-PDL,PIN-BAR,REL-STR,SR-BREAK,STOCHASTIC,SUPERTREND,VPOC",12,12.0,ORB-15,ORB-15: breakdown below 2500.20,15:15,2468.8,TIME_EXIT,WIN,5526.62,1.11,60.0,MEDIUM
2026-01-21,DABUR,LONG,12:25,507.15,985,499542.75,501.1,519.2499999999999,2.0,"ADX-FILTER,BOLLINGER,CAMARILLA,DBL-BTM,FIRST-CANDLE,MACD,ORB-15,ORB-30,PIN-BAR,REL-STR,SUPERTREND,VPOC,VWAP-STDDEV",13,13.0,ORB-15,ORB-15: breakout above 507.15 (range=6.05),15:15,516.25,TIME_EXIT,WIN,8228.12,1.65,60.0,MEDIUM
2026-01-21,POWERINDIA,SHORT,12:40,16880.0,29,489520.0,17004.6,16467.0,3.31,"ADX-FILTER,BOLLINGER,CAMARILLA,DAILY-BIAS,FAILED-BO,FIRST-CANDLE,MACD,ORB-15,ORB-30,PDH-PDL,PIN-BAR,STOCHASTIC,SUPERTREND,VPOC",14,14.0,FAILED-BO,"Failed BO: bull trap above 16888.00, reversed on vol 2.0×",15:15,16680.0,TIME_EXIT,WIN,5088.69,1.04,60.0,MEDIUM
2026-01-22,HCLTECH,LONG,09:35,1692.8,295,499376.0,1685.65,1721.3999999999999,4.0,"CAMARILLA,DAILY-BIAS,DBL-BTM,EMA-CROSS,FIRST-CANDLE,ORB-15,ORB-30,PDH-PDL,PIN-BAR,SR-BREAK,STOCHASTIC,VPOC,VWAP-STDDEV",13,13.0,CAMARILLA,CAMARILLA: breakout above H4=1692.80,10:35,1685.65,STOP_HIT,LOSS,-2835.64,-0.57,60.0,MEDIUM
2026-01-22,ETERNAL,SHORT,10:05,284.7,1756,499933.2,289.038,268.8,3.67,"ADX-FILTER,BEAR-ENGULF,BOLLINGER,CAMARILLA,CPR,DAILY-BIAS,FIRST-CANDLE,GAP-FADE,INTRADAY-STRUCT,MACD,PIN-BAR,REL-STR,RSI-EXT,SR-BREAK,SUPERTREND",15,15.0,BEAR-ENGULF,"Bear Engulf at resistance 287.20, vol 1.7×",15:15,275.9,TIME_EXIT,WIN,14732.82,2.95,60.0,MEDIUM
2026-01-23,ULTRACEMCO,LONG,09:45,12399.0,40,495960.0,12283.0,12631.0,2.0,"CAMARILLA,DAILY-BIAS,EMA-CROSS,FIRST-CANDLE,MACD,ORB-15,ORB-30,PDH-PDL,PIN-BAR,REL-STR,SR-BREAK,STOCHASTIC,SUPERTREND,VPOC,VWAP-STDDEV",15,15.0,ORB-15,ORB-15: breakout above 12399.00 (range=116.00),15:15,12371.0,TIME_EXIT,LOSS,-1842.52,-0.37,60.0,MEDIUM
2026-01-23,TRENT,SHORT,11:40,2528.0,197,498016.0,2560.0,2464.0,2.0,"CAMARILLA,CPR,DAILY-BIAS,FIRST-CANDLE,MACD,ORB-15,ORB-30,PDH-PDL,PIN-BAR,REL-STR,SR-BREAK,STOCHASTIC,SUPERTREND,VPOC",14,14.0,ORB-15,ORB-15: breakdown below 2528.00,15:15,2504.9,TIME_EXIT,WIN,3827.1,0.77,60.0,MEDIUM
2026-01-27,APLAPOLLO,LONG,09:15,2041.25,244,498065.0,2019.5249999999999,2128.15,4.0,"CAMARILLA,DAILY-BIAS,DBL-BTM,FIRST-CANDLE,GAP-CONT,ORB-30,PDH-PDL,PIN-BAR,REL-STR,SR-BREAK,STOCHASTIC,VOL-SPIKE,VPOC",13,13.0,CAMARILLA,CAMARILLA: breakout above H4=2041.25,15:15,2061.1,TIME_EXIT,WIN,4113.29,0.83,60.0,MEDIUM
2026-01-27,HINDPETRO,SHORT,09:20,414.62,766,317598.92,453.77,336.32000000000005,2.0,"ADX-FILTER,BEAR-FLAG,CAMARILLA,DAILY-BIAS,FAILED-BO,FIRST-CANDLE,MACD,PDH-PDL,SR-BREAK,STOCHASTIC,VWAP-STDDEV",11,11.0,SR-BREAK,SR-BREAK: breakdown below support 414.62,15:15,418.85,TIME_EXIT,LOSS,-3722.25,-1.17,60.0,MEDIUM
2026-01-28,MRPL,LONG,09:15,153.77979591836734,3251,499938.12,153.11397959183674,156.08795918367346,3.47,"CAMARILLA,DAILY-BIAS,DBL-BTM,FIRST-CANDLE,INTRADAY-STRUCT,ORB-15,ORB-30,PDH-PDL,PIN-BAR,REL-STR,SR-BREAK,STOCHASTIC,VOL-SPIKE,VPOC",14,14.0,VPOC,VPOC: breakout above VAH=153.78,09:20,156.08795918367346,TARGET_HIT,EXACT_WIN,6769.07,1.35,60.0,MEDIUM
2026-01-28,UNOMINDA,SHORT,13:35,1149.1,435,499858.5,1156.5539999999999,1114.8,4.6,"ADX-FILTER,BEAR-ENGULF,BOLLINGER,CPR,DAILY-BIAS,FIRST-CANDLE,MACD,ORB-15,ORB-30,PIN-BAR,REL-STR,SR-BREAK,STOCHASTIC,SUPERTREND",14,14.0,BEAR-ENGULF,"Bear Engulf at resistance 1156.40, vol 3.2×",15:15,1146.8,TIME_EXIT,WIN,272.35,0.05,60.0,MEDIUM
2026-01-29,SAIL,LONG,09:20,157.9025,3166,499919.32,156.65125,162.9075,4.0,"ASC-TRI,CAMARILLA,CPR,DAILY-BIAS,DBL-BTM,EMA-CROSS,FIRST-CANDLE,PDH-PDL,PIN-BAR,REL-STR,SR-BREAK,STOCHASTIC,VPOC,VWAP-STDDEV",14,14.0,CAMARILLA,CAMARILLA: breakout above H4=157.90,13:05,156.65125,STOP_HIT,LOSS,-4687.12,-0.94,60.0,MEDIUM
2026-01-29,RBLBANK,SHORT,09:30,296.25,1687,499773.75,298.2,292.35,2.0,"ADX-FILTER,BEAR-ENGULF,DAILY-BIAS,DBL-TOP,FAILED-BO,FIRST-CANDLE,MACD,ORB-15,ORB-30,PDH-PDL,PIN-BAR,SUPERTREND,VPOC",13,13.0,ORB-15,ORB-15: breakdown below 296.25,09:45,298.2,STOP_HIT,LOSS,-4020.13,-0.8,60.0,MEDIUM
2026-01-30,MAZDOCK,LONG,10:05,2506.0,199,498694.0,2482.0,2554.0,2.0,"BOLLINGER,CAMARILLA,DAILY-BIAS,EMA-CROSS,FIRST-CANDLE,MACD,ORB-15,ORB-30,PDH-PDL,PIN-BAR,REL-STR,SR-BREAK,STOCHASTIC,SUPERTREND,VPOC",15,15.0,ORB-15,ORB-15: breakout above 2506.00 (range=24.00),10:10,2554.0,TARGET_HIT,EXACT_WIN,8817.31,1.77,60.0,MEDIUM
2026-01-30,MPHASIS,SHORT,10:20,2730.1,183,499608.3,2758.3,2673.6999999999994,2.0,"ADX-FILTER,DAILY-BIAS,DESC-TRI,FIRST-CANDLE,OPEN-WEAK,ORB-15,ORB-30,PDH-PDL,PIN-BAR,REL-STR,SR-BREAK,STOCHASTIC,VWAP-STDDEV",13,13.0,ORB-15,ORB-15: breakdown below 2730.10,12:30,2758.3,STOP_HIT,LOSS,-5891.93,-1.18,60.0,MEDIUM
2026-02-01,ASTRAL,LONG,10:00,1481.8244897959185,337,499374.85,1479.8551020408163,1496.0040816326532,7.2,"BOLLINGER,CAMARILLA,CPR,DAILY-BIAS,EMA-CROSS,FIRST-CANDLE,MACD,ORB-15,ORB-30,PDH-PDL,PIN-BAR,RSI-EXT,SR-BREAK,SUPERTREND,VPOC,VWAP-REV",16,16.0,VPOC,VPOC: breakout above VAH=1481.82,11:55,1479.8551020408163,STOP_HIT,LOSS,-1391.22,-0.28,60.0,MEDIUM
2026-02-01,COLPAL,SHORT,11:00,2117.1,236,499635.6,2127.6854999999996,2029.4,8.28,"ADX-FILTER,BEAR-ENGULF,BOLLINGER,CPR,FAILED-BO,FIRST-CANDLE,MACD,ORB-15,ORB-30,PIN-BAR,SR-BREAK,SUPERTREND,VPOC,VWAP-STDDEV",14,14.0,FAILED-BO,"Failed BO: bull trap above 2118.30, reversed on vol 1.4×",15:15,2111.1,TIME_EXIT,WIN,688.4,0.14,60.0,MEDIUM
2026-02-02,VBL,LONG,09:55,473.65,1055,499700.75,462.8,495.3499999999999,2.0,"BOLLINGER,CAMARILLA,FIRST-CANDLE,MACD,ORB-15,ORB-30,PDH-PDL,PIN-BAR,REL-STR,SR-BREAK,SUPERTREND,VPOC,VWAP-REV,VWAP-STDDEV",14,14.0,ORB-15,ORB-15: breakout above 473.65 (range=10.85),11:15,462.8,STOP_HIT,LOSS,-12166.19,-2.43,60.0,MEDIUM
2026-02-02,CHOLAFIN,SHORT,09:15,1565.63,319,499435.97,1638.63,1419.63,2.0,"DAILY-BIAS,FAILED-BO,FIRST-CANDLE,OPEN-WEAK,PDH-PDL,PIN-BAR,REL-STR,SR-BREAK,STOCHASTIC,VWAP-REV,VWAP-STDDEV",11,11.0,SR-BREAK,SR-BREAK: breakdown below support 1565.63,15:15,1596.9,TIME_EXIT,LOSS,-10708.97,-2.14,60.0,MEDIUM
2026-02-03,BPCL,LONG,09:15,367.3333333333333,1361,499940.67,363.4,375.2,2.0,"ADX-FILTER,BOLLINGER,DAILY-BIAS,DBL-BTM,GAP-CONT,PDH-PDL,RSI-EXT,STOCHASTIC,SUPERTREND,VPOC,VWAP-REV,VWAP-STDDEV",12,14.399999999999999,GAP-CONT,"GAP-CONT: gap 1.3%, pullback to VWAP=367.33",09:20,363.4,STOP_HIT,LOSS,-6077.86,-1.22,60.0,MEDIUM
2026-02-03,DATAPATTNS,SHORT,09:15,2630.8,190,499852.0,2670.2619999999997,2528.405,2.59,"ADX-FILTER,BEAR-ENGULF,BOLLINGER,CAMARILLA,CPR,DAILY-BIAS,FIRST-CANDLE,GAP-FADE,INTRADAY-STRUCT,MACD,PIN-BAR,REL-STR,RSI-EXT,SUPERTREND",14,14.0,BOLLINGER,"BOLLINGER: price at upper band 2610.27, RSI=82",15:15,2605.8,TIME_EXIT,WIN,4024.01,0.81,60.0,MEDIUM
2026-02-04,MFSL,LONG,09:25,1682.1591836734692,297,499601.28,1678.192857142857,1692.5326530612242,2.62,"BOLLINGER,CAMARILLA,DAILY-BIAS,FIRST-CANDLE,MACD,ORB-15,ORB-30,PDH-PDL,PIN-BAR,REL-STR,SR-BREAK,STOCHASTIC,SUPERTREND,VPOC",14,14.0,VPOC,VPOC: breakout above VAH=1682.16,09:55,1678.192857142857,STOP_HIT,LOSS,-1905.43,-0.38,60.0,MEDIUM
2026-02-04,MANKIND,SHORT,10:55,2098.0,238,499324.0,2199.0,1896.0,2.0,"ADX-FILTER,CAMARILLA,DAILY-BIAS,FAILED-BO,FIRST-CANDLE,INTRADAY-STRUCT,ORB-30,PDH-PDL,PIN-BAR,REL-STR,SR-BREAK,STOCHASTIC",12,12.0,ORB-30,ORB-30: breakdown below 2098.00,15:15,2090.6,TIME_EXIT,WIN,1034.22,0.21,60.0,MEDIUM
2026-02-05,HFCL,LONG,10:00,70.34387755102041,7107,499933.94,70.30632653061224,72.89734693877553,68.0,"BOLLINGER,CAMARILLA,DAILY-BIAS,FIRST-CANDLE,MACD,ORB-15,ORB-30,PDH-PDL,PIN-BAR,REL-STR,RSI-EXT,SR-BREAK,STOCHASTIC,SUPERTREND,VPOC",15,15.0,VPOC,VPOC: breakout above VAH=70.34,10:30,70.30632653061224,STOP_HIT,LOSS,-995.48,-0.2,60.0,MEDIUM
2026-02-05,MUTHOOTFIN,SHORT,09:25,3602.92,89,320659.88,3938.56,2931.6400000000003,2.0,"ADX-FILTER,CPR,DAILY-BIAS,DBL-TOP,FIRST-CANDLE,OPEN-WEAK,PDH-PDL,PIN-BAR,REL-STR,SR-BREAK,STOCHASTIC",11,11.0,SR-BREAK,SR-BREAK: breakdown below support 3602.92,15:15,3579.7,TIME_EXIT,WIN,1583.37,0.49,60.0,MEDIUM
2026-02-06,APLAPOLLO,LONG,12:10,2188.1,228,498886.8,2165.0,2234.2999999999997,2.0,"CAMARILLA,CPR,DAILY-BIAS,FIRST-CANDLE,INTRADAY-STRUCT,MACD,ORB-15,ORB-30,PDH-PDL,PIN-BAR,SR-BREAK,SUPERTREND,VPOC,VWAP-STDDEV",14,14.0,ORB-15,ORB-15: breakout above 2188.10 (range=23.10),15:15,2196.0,TIME_EXIT,WIN,1072.38,0.21,60.0,MEDIUM
2026-02-06,BRITANNIA,SHORT,09:55,5857.0,85,497845.0,5914.0,5743.0,2.0,"ADX-FILTER,CAMARILLA,DAILY-BIAS,FAILED-BO,FIRST-CANDLE,MACD,ORB-15,ORB-30,PDH-PDL,PIN-BAR,STOCHASTIC,SUPERTREND,VPOC,VWAP-STDDEV",14,14.0,ORB-15,ORB-15: breakdown below 5857.00,13:55,5914.0,STOP_HIT,LOSS,-5573.74,-1.12,60.0,MEDIUM
2026-02-09,INDUSTOWER,LONG,09:15,444.55,1124,499674.2,444.1,454.45,22.0,"ADX-FILTER,ASC-TRI,CAMARILLA,CPR,DAILY-BIAS,FIRST-CANDLE,GAP-CONT,INTRADAY-STRUCT,PDH-PDL,PIN-BAR,REL-STR,SR-BREAK,STOCHASTIC,VPOC",14,14.0,VPOC,VPOC: breakout above VAH=444.55,10:55,454.45,TARGET_HIT,EXACT_WIN,10390.32,2.08,60.0,MEDIUM
2026-02-09,WIPRO,SHORT,12:25,230.6,2168,499940.8,232.93,225.93999999999997,2.0,"BOLLINGER,CAMARILLA,DAILY-BIAS,DBL-TOP,FIRST-CANDLE,MACD,ORB-15,ORB-30,PIN-BAR,SR-BREAK,STOCHASTIC,SUPERTREND,VPOC",13,13.0,ORB-15,ORB-15: breakdown below 230.60,15:15,230.05,TIME_EXIT,WIN,464.25,0.09,60.0,MEDIUM
2026-02-10,JSWSTEEL,LONG,10:25,1247.7,400,499080.0,1236.7,1269.7,2.0,"BOLLINGER,CAMARILLA,DAILY-BIAS,DBL-BTM,EMA-CROSS,FIRST-CANDLE,MACD,ORB-15,ORB-30,PDH-PDL,PIN-BAR,SR-BREAK,STOCHASTIC,SUPERTREND,VPOC",15,15.0,ORB-15,ORB-15: breakout above 1247.70 (range=11.00),15:15,1244.4,TIME_EXIT,LOSS,-2046.61,-0.41,60.0,MEDIUM
2026-02-10,HDFCLIFE,SHORT,09:25,707.6,706,499565.6,742.35,636.6749999999998,2.04,"ADX-FILTER,BEAR-ENGULF,BOLLINGER,CAMARILLA,DAILY-BIAS,DESC-TRI,FAILED-BO,FIRST-CANDLE,MACD,ORB-15,ORB-30,PIN-BAR,REL-STR,SR-BREAK,SUPERTREND",15,15.0,DESC-TRI,Descending Triangle: breakdown below support 708.29,15:15,704.0,TIME_EXIT,WIN,1814.74,0.36,60.0,MEDIUM
2026-02-11,BELRISE,LONG,10:25,184.44050000000001,2710,499833.76,182.87025000000003,190.72150000000002,4.0,"ADX-FILTER,BOLLINGER,CAMARILLA,DAILY-BIAS,EMA-CROSS,INTRADAY-STRUCT,MACD,ORB-15,ORB-30,PIN-BAR,SR-BREAK,SUPERTREND,VOL-SPIKE,VPOC",14,14.0,CAMARILLA,CAMARILLA: breakout above H4=184.44,11:15,190.72150000000002,TARGET_HIT,EXACT_WIN,16279.35,3.26,60.0,MEDIUM
2026-02-11,LTM,SHORT,09:35,5649.5,88,497156.0,5692.0,5564.5,2.0,"CAMARILLA,DAILY-BIAS,FIRST-CANDLE,MACD,ORB-15,ORB-30,PDH-PDL,PIN-BAR,REL-STR,SR-BREAK,STOCHASTIC,SUPERTREND,VPOC",13,13.0,ORB-15,ORB-15: breakdown below 5649.50,13:50,5564.5,TARGET_HIT,EXACT_WIN,6759.24,1.36,60.0,MEDIUM
2026-02-12,UNOMINDA,LONG,11:30,1245.8,401,499565.8,1231.5,1274.3999999999999,2.0,"BOLLINGER,CAMARILLA,DAILY-BIAS,INTRADAY-STRUCT,MACD,ORB-15,ORB-30,PDH-PDL,PIN-BAR,RSI-EXT,SR-BREAK,SUPERTREND,VWAP-STDDEV",13,13.0,ORB-15,ORB-15: breakout above 1245.80 (range=14.30),15:15,1248.0,TIME_EXIT,WIN,153.18,0.03,60.0,MEDIUM
2026-02-12,PARADEEP,SHORT,09:25,121.75,4106,499905.5,124.22674744578256,116.79650510843487,2.0,"ADX-FILTER,BOLLINGER,DAILY-BIAS,FIRST-CANDLE,MACD,PDH-PDL,PIN-BAR,REL-STR,RSI-EXT,SR-BREAK,STOCHASTIC,SUPERTREND,VWAP-REV,VWAP-STDDEV",14,14.0,SUPERTREND,"SUPERTREND: flipped bearish, ST=123.98",12:15,124.22674744578256,STOP_HIT,LOSS,-10904.12,-2.18,60.0,MEDIUM
2026-02-13,ZEEL,LONG,10:20,94.01,5318,499945.18,92.71,96.61000000000003,2.0,"CAMARILLA,DAILY-BIAS,FIRST-CANDLE,MACD,ORB-15,ORB-30,PDH-PDL,PIN-BAR,REL-STR,SR-BREAK,STOCHASTIC,VOL-SPIKE,VPOC",13,13.0,ORB-15,ORB-15: breakout above 94.01 (range=1.30),10:30,96.61000000000003,TARGET_HIT,EXACT_WIN,13087.02,2.62,60.0,MEDIUM
2026-02-13,IIFL,SHORT,11:00,505.1,989,499543.9,519.95,475.4,2.0,"ADX-FILTER,CPR,DAILY-BIAS,FIRST-CANDLE,OPEN-WEAK,ORB-15,ORB-30,PDH-PDL,PIN-BAR,REL-STR,SR-BREAK,STOCHASTIC,VWAP-STDDEV",13,13.0,ORB-15,ORB-15: breakdown below 505.10,15:15,509.5,TIME_EXIT,LOSS,-5082.38,-1.02,60.0,MEDIUM
2026-02-16,TORNTPOWER,LONG,10:10,1464.1877551020407,341,499288.02,1463.7765306122449,1489.6836734693875,62.0,"ADX-FILTER,BOLLINGER,CAMARILLA,DAILY-BIAS,EMA-CROSS,FIRST-CANDLE,MACD,ORB-15,ORB-30,PDH-PDL,PIN-BAR,SR-BREAK,STOCHASTIC,SUPERTREND,VPOC",15,15.0,VPOC,VPOC: breakout above VAH=1464.19,10:15,1463.7765306122449,STOP_HIT,LOSS,-868.06,-0.17,60.0,MEDIUM
2026-02-16,PIIND,SHORT,11:25,3063.8,163,499399.4,3167.4,2856.6000000000004,2.0,"ADX-FILTER,DAILY-BIAS,DBL-TOP,FIRST-CANDLE,MACD,ORB-15,ORB-30,PDH-PDL,REL-STR,STOCHASTIC",10,10.0,ORB-15,ORB-15: breakdown below 3063.80,15:15,3055.0,TIME_EXIT,WIN,707.13,0.14,60.0,MEDIUM
2026-02-17,DRREDDY,LONG,12:15,1272.3,392,498741.6,1240.47,1392.75,3.78,"ADX-FILTER,ASC-TRI,BOLLINGER,CAMARILLA,DAILY-BIAS,FIRST-CANDLE,MACD,ORB-15,ORB-30,PDH-PDL,PIN-BAR,RSI-EXT,SR-BREAK,SUPERTREND,VPOC",15,15.0,ASC-TRI,Ascending Triangle: breakout above resistance 1270.58,15:15,1286.0,TIME_EXIT,WIN,4638.95,0.93,60.0,MEDIUM
2026-02-17,CROMPTON,SHORT,09:50,273.22,1830,499992.6,275.62125,265.1,3.38,"ADX-FILTER,BEAR-ENGULF,BOLLINGER,CPR,FAILED-BO,FIRST-CANDLE,MACD,ORB-15,ORB-30,PIN-BAR,STOCHASTIC,SUPERTREND",12,12.0,BEAR-ENGULF,"Bear Engulf at resistance 274.01, vol 1.5×",15:15,269.5,TIME_EXIT,WIN,6082.59,1.22,60.0,MEDIUM
2026-02-18,HFCL,LONG,09:20,72.83755102040817,6864,499956.95,71.98469387755102,75.51795918367348,3.14,"ADX-FILTER,BULL-FLAG,DAILY-BIAS,FIRST-CANDLE,INTRADAY-STRUCT,MACD,ORB-15,ORB-30,PDH-PDL,REL-STR,SR-BREAK,STOCHASTIC,VPOC",13,13.0,VPOC,VPOC: breakout above VAH=72.84,15:15,73.9,TIME_EXIT,WIN,6558.02,1.31,60.0,MEDIUM
2026-02-18,FIVESTAR,SHORT,09:15,446.6,1119,499745.4,448.83299999999997,441.87448979591835,2.12,"BEAR-ENGULF,BOLLINGER,CAMARILLA,DAILY-BIAS,FAILED-BO,FIRST-CANDLE,MACD,ORB-15,ORB-30,PIN-BAR,REL-STR,STOCHASTIC,SUPERTREND,VPOC",14,14.0,VPOC,VPOC: rejection at VPOC=445.96,09:25,448.83299999999997,STOP_HIT,LOSS,-3228.72,-0.65,60.0,MEDIUM
2026-02-19,ANANTRAJ,LONG,09:50,568.2091836734694,879,499455.87,567.8989795918367,590.5438775510205,72.0,"CPR,DAILY-BIAS,EMA-CROSS,FIRST-CANDLE,MACD,ORB-15,ORB-30,PDH-PDL,REL-STR,SR-BREAK,STOCHASTIC,SUPERTREND,VPOC,VWAP-REV,VWAP-STDDEV",15,15.0,VPOC,VPOC: breakout above VAH=568.21,10:20,567.8989795918367,STOP_HIT,LOSS,-1000.62,-0.2,60.0,MEDIUM
2026-02-19,MPHASIS,SHORT,12:00,2436.6,205,499503.0,2467.5,2374.7999999999997,2.0,"BOLLINGER,CAMARILLA,DAILY-BIAS,FIRST-CANDLE,MACD,ORB-15,ORB-30,PDH-PDL,PIN-BAR,REL-STR,SR-BREAK,SUPERTREND",12,12.0,ORB-15,ORB-15: breakdown below 2436.60,15:15,2379.0,TIME_EXIT,WIN,11086.52,2.22,60.0,MEDIUM
2026-02-20,LICHSGFIN,LONG,09:45,526.7625,949,499897.61,522.43125,544.0875000000001,4.0,"BOLLINGER,CAMARILLA,DAILY-BIAS,DBL-BTM,EMA-CROSS,FIRST-CANDLE,MACD,ORB-15,ORB-30,REL-STR,RSI-EXT,SR-BREAK,STOCHASTIC,SUPERTREND",14,14.0,CAMARILLA,CAMARILLA: breakout above H4=526.76,13:05,522.43125,STOP_HIT,LOSS,-4835.87,-0.97,60.0,MEDIUM
2026-02-20,CARTRADE,SHORT,11:05,1972.1,253,498941.3,2000.1,1916.1,2.0,"CPR,DAILY-BIAS,FAILED-BO,FIRST-CANDLE,INTRADAY-STRUCT,MACD,ORB-15,ORB-30,PDH-PDL,REL-STR,SR-BREAK,STOCHASTIC,SUPERTREND,VPOC",14,14.0,ORB-15,ORB-15: breakdown below 1972.10,12:25,2000.1,STOP_HIT,LOSS,-7815.52,-1.57,60.0,MEDIUM
2026-02-23,BAJAJFINSV,LONG,09:45,2068.54,241,498518.14,2056.77,2115.62,4.0,"ASC-TRI,BOLLINGER,CAMARILLA,CPR,DAILY-BIAS,EMA-CROSS,FIRST-CANDLE,MACD,PDH-PDL,PIN-BAR,REL-STR,SR-BREAK,STOCHASTIC,SUPERTREND,VPOC",15,15.0,CAMARILLA,CAMARILLA: breakout above H4=2068.54,10:20,2056.77,STOP_HIT,LOSS,-3561.21,-0.71,60.0,MEDIUM
2026-02-23,ECLERX,SHORT,12:55,1775.2,281,498831.2,1797.4,1730.8,2.0,"BEAR-FLAG,CAMARILLA,CPR,DAILY-BIAS,FIRST-CANDLE,INTRADAY-STRUCT,MACD,ORB-15,ORB-30,PDH-PDL,PIN-BAR,REL-STR,SR-BREAK,SUPERTREND,VPOC",15,15.0,ORB-15,ORB-15: breakdown below 1775.20,15:15,1734.7,TIME_EXIT,WIN,10659.69,2.14,60.0,MEDIUM
2026-02-24,PETRONET,LONG,09:15,308.425,1621,499956.93,307.4625,312.27500000000003,4.0,"ADX-FILTER,ASC-TRI,CAMARILLA,CPR,DAILY-BIAS,DBL-BTM,FIRST-CANDLE,INTRADAY-STRUCT,ORB-15,PDH-PDL,PIN-BAR,REL-STR,SR-BREAK,VPOC,VWAP-STDDEV",15,15.0,CAMARILLA,CAMARILLA: breakout above H4=308.43,10:15,307.4625,STOP_HIT,LOSS,-2287.83,-0.46,60.0,MEDIUM
2026-02-24,CHOLAFIN,SHORT,10:05,1675.3,298,499239.4,1698.0,1629.8999999999999,2.0,"BOLLINGER,DAILY-BIAS,DBL-TOP,FIRST-CANDLE,MACD,ORB-15,ORB-30,PDH-PDL,PIN-BAR,SR-BREAK,SUPERTREND,VPOC,VWAP-REV,VWAP-STDDEV",14,14.0,ORB-15,ORB-15: breakdown below 1675.30,11:00,1698.0,STOP_HIT,LOSS,-7496.34,-1.5,60.0,MEDIUM
2026-02-25,KEI,LONG,09:15,4831.545,103,497649.14,4800.7725,4954.635,4.0,"BULL-FLAG,CAMARILLA,CPR,DAILY-BIAS,FIRST-CANDLE,GAP-CONT,INTRADAY-STRUCT,ORB-15,ORB-30,PDH-PDL,REL-STR,SR-BREAK,STOCHASTIC,VPOC",14,14.0,CAMARILLA,CAMARILLA: breakout above H4=4831.55,12:20,4954.635,TARGET_HIT,EXACT_WIN,11942.53,2.4,60.0,MEDIUM
2026-02-25,SWIGGY,SHORT,12:05,314.2,1591,499892.2,317.6,307.3999999999999,2.0,"ADX-FILTER,BOLLINGER,DAILY-BIAS,FIRST-CANDLE,MACD,ORB-15,ORB-30,PDH-PDL,REL-STR,RSI-EXT,SR-BREAK,SUPERTREND,VPOC",13,13.0,ORB-15,ORB-15: breakdown below 314.20,13:05,307.3999999999999,TARGET_HIT,EXACT_WIN,10096.22,2.02,60.0,MEDIUM
2026-02-26,BIOCON,LONG,09:45,396.3,1261,499734.3,392.3,404.3,2.0,"CAMARILLA,DAILY-BIAS,DBL-BTM,FIRST-CANDLE,INTRADAY-STRUCT,MACD,ORB-15,ORB-30,PDH-PDL,REL-STR,RSI-EXT,SR-BREAK,STOCHASTIC,SUPERTREND,VPOC,VWAP-REV",16,16.0,ORB-15,ORB-15: breakout above 396.30 (range=4.00),11:40,392.3,STOP_HIT,LOSS,-5768.55,-1.15,60.0,MEDIUM
2026-02-26,PAYTM,SHORT,09:45,1138.1,439,499625.9,1143.7904999999998,1126.0081632653062,2.12,"ADX-FILTER,BOLLINGER,CPR,DAILY-BIAS,FAILED-BO,MACD,ORB-15,ORB-30,PDH-PDL,SR-BREAK,STOCHASTIC,SUPERTREND,VPOC,VWAP-STDDEV",14,14.0,VPOC,VPOC: rejection at VPOC=1137.76,11:40,1126.0081632653062,TARGET_HIT,EXACT_WIN,4582.95,0.92,60.0,MEDIUM
2026-02-27,GRAPHITE,LONG,09:20,736.0530612244897,679,499780.03,729.9816326530613,748.5428571428571,2.06,"CPR,DAILY-BIAS,FIRST-CANDLE,ORB-15,ORB-30,PDH-PDL,PIN-BAR,REL-STR,SR-BREAK,STOCHASTIC,VPOC,VWAP-STDDEV",12,12.0,VPOC,VPOC: breakout above VAH=736.05,14:25,729.9816326530613,STOP_HIT,LOSS,-4847.85,-0.97,60.0,MEDIUM
2026-02-27,PRESTIGE,SHORT,09:20,1429.4,349,498860.6,1436.547,1412.7877551020408,2.32,"ADX-FILTER,CAMARILLA,DAILY-BIAS,FIRST-CANDLE,MACD,ORB-15,ORB-30,PDH-PDL,PIN-BAR,SR-BREAK,STOCHASTIC,SUPERTREND,VPOC",13,13.0,VPOC,VPOC: rejection at VPOC=1427.34,09:50,1412.7877551020408,TARGET_HIT,EXACT_WIN,5073.63,1.02,60.0,MEDIUM
2026-03-02,BHARATFORG,LONG,09:40,1926.9,259,499067.1,1906.4001371989536,1967.899725602093,2.0,"ADX-FILTER,BOLLINGER,BULL-FLAG,CAMARILLA,DAILY-BIAS,EMA-CROSS,FIRST-CANDLE,MACD,PDH-PDL,REL-STR,RSI-EXT,SR-BREAK,SUPERTREND,VPOC,VWAP-REV,VWAP-STDDEV",16,16.0,EMA-CROSS,"EMA-CROSS: 9EMA crossed above 21EMA, price above VWAP",10:00,1906.4001371989536,STOP_HIT,LOSS,-6032.9,-1.21,60.0,MEDIUM
2026-03-02,ICICIPRULI,SHORT,09:20,648.65,770,499460.5,661.3152860248705,623.319427950259,2.0,"ADX-FILTER,BOLLINGER,FIRST-CANDLE,OPEN-WEAK,PDH-PDL,PIN-BAR,STOCHASTIC,SUPERTREND,VWAP-STDDEV",9,10.799999999999999,SUPERTREND,"SUPERTREND: flipped bearish, ST=660.00",15:15,653.9,TIME_EXIT,LOSS,-4772.99,-0.96,60.0,MEDIUM
2026-03-04,CHENNPETRO,LONG,10:15,926.7,539,499491.3,905.6,968.9000000000001,2.0,"ADX-FILTER,BOLLINGER,CAMARILLA,DAILY-BIAS,DBL-BTM,FIRST-CANDLE,GAP-FADE,MACD,ORB-15,ORB-30,REL-STR,RSI-EXT,SR-BREAK,SUPERTREND,VOL-SPIKE,VPOC",16,16.0,ORB-15,ORB-15: breakout above 926.70 (range=21.10),10:45,968.9000000000001,TARGET_HIT,EXACT_WIN,21999.58,4.4,60.0,MEDIUM
2026-03-04,GRSE,SHORT,09:15,2348.5,177,415684.5,2517.2230000000004,1965.4999999999995,2.27,"ADX-FILTER,DAILY-BIAS,DBL-TOP,DESC-TRI,FIRST-CANDLE,INTRADAY-STRUCT,MACD,PDH-PDL,PIN-BAR,REL-STR,SR-BREAK",11,13.2,DESC-TRI,Descending Triangle: breakdown below support 2405.20,15:15,2310.8,TIME_EXIT,WIN,6062.76,1.46,60.0,MEDIUM
2026-03-05,MANKIND,LONG,09:20,2219.645,225,499420.12,2208.6724999999997,2263.5350000000003,4.0,"ADX-FILTER,CAMARILLA,DAILY-BIAS,EMA-CROSS,FIRST-CANDLE,INTRADAY-STRUCT,MACD,ORB-15,PDH-PDL,PIN-BAR,REL-STR,SUPERTREND,VPOC,VWAP-REV,VWAP-STDDEV",15,15.0,CAMARILLA,CAMARILLA: breakout above H4=2219.64,10:30,2208.6724999999997,STOP_HIT,LOSS,-3194.98,-0.64,60.0,MEDIUM
2026-03-05,SUPREMEIND,SHORT,11:15,3892.3,128,498214.4,3942.5,3791.9000000000005,2.0,"BEAR-ENGULF,CAMARILLA,DBL-TOP,FAILED-BO,FIRST-CANDLE,MACD,ORB-15,ORB-30,PDH-PDL,PIN-BAR,SR-BREAK,STOCHASTIC,SUPERTREND,VWAP-REV",14,14.0,ORB-15,ORB-15: breakdown below 3892.30,13:30,3942.5,STOP_HIT,LOSS,-7155.75,-1.44,60.0,MEDIUM
2026-03-06,LGEINDIA,LONG,09:25,1593.0,280,446040.0,1485.99,1811.2,2.04,"ASC-TRI,CAMARILLA,CPR,DAILY-BIAS,DBL-BTM,FIRST-CANDLE,MACD,ORB-15,ORB-30,PDH-PDL,REL-STR,SR-BREAK,STOCHASTIC,VPOC",14,14.0,ASC-TRI,Ascending Triangle: breakout above resistance 1589.50,15:15,1580.8,TIME_EXIT,LOSS,-4068.64,-0.91,60.0,MEDIUM
2026-03-06,ALKEM,SHORT,09:15,5564.5,89,495240.5,5610.914999999999,5454.0,2.38,"ADX-FILTER,CAMARILLA,DAILY-BIAS,FAILED-BO,FIRST-CANDLE,INTRADAY-STRUCT,MACD,ORB-15,ORB-30,PIN-BAR,REL-STR,SUPERTREND",12,12.0,FAILED-BO,"Failed BO: bull trap above 5573.50, reversed on vol 4.5×",15:15,5534.5,TIME_EXIT,WIN,1949.11,0.39,60.0,MEDIUM
2026-03-09,DMART,LONG,09:30,3868.0,129,498972.0,3814.5,3975.0,2.0,"ADX-FILTER,ASC-TRI,BOLLINGER,CAMARILLA,EMA-CROSS,FIRST-CANDLE,INTRADAY-STRUCT,MACD,ORB-15,ORB-30,PDH-PDL,REL-STR,SR-BREAK,SUPERTREND,VPOC",15,15.0,ORB-15,ORB-15: breakout above 3868.00 (range=53.50),15:15,3960.8,TIME_EXIT,WIN,11234.21,2.25,60.0,MEDIUM
2026-03-09,KFINTECH,SHORT,09:15,904.99,552,499554.48,907.92,899.1300000000001,2.0,"ADX-FILTER,DAILY-BIAS,DBL-TOP,FAILED-BO,FIRST-CANDLE,OPEN-WEAK,PDH-PDL,REL-STR,SR-BREAK,STOCHASTIC,VPOC,VWAP-REV,VWAP-STDDEV",13,15.6,SR-BREAK,SR-BREAK: breakdown below support 904.99,09:20,899.1300000000001,TARGET_HIT,EXACT_WIN,2508.27,0.5,60.0,MEDIUM
2026-03-10,NATCOPHARM,LONG,09:15,1016.875,491,499285.62,1009.8625000000001,1044.925,4.0,"ADX-FILTER,BULL-FLAG,CAMARILLA,DAILY-BIAS,FIRST-CANDLE,GAP-CONT,INTRADAY-STRUCT,PDH-PDL,PIN-BAR,REL-STR,SR-BREAK,STOCHASTIC,VPOC,VWAP-STDDEV",14,14.0,CAMARILLA,CAMARILLA: breakout above H4=1016.88,09:20,1044.925,TARGET_HIT,EXACT_WIN,13033.71,2.61,60.0,MEDIUM
2026-03-10,ITC,SHORT,10:10,297.15,1682,499806.3,300.8,289.8499999999999,2.0,"BEAR-ENGULF,BOLLINGER,CAMARILLA,DAILY-BIAS,DBL-TOP,FIRST-CANDLE,MACD,ORB-15,ORB-30,REL-STR,RSI-EXT,SR-BREAK,STOCHASTIC,VWAP-STDDEV",14,14.0,ORB-15,ORB-15: breakdown below 297.15,13:15,300.8,STOP_HIT,LOSS,-6871.46,-1.37,60.0,MEDIUM
2026-03-11,LGEINDIA,LONG,09:35,1586.6632653061224,315,499798.93,1585.1448979591837,1619.0551020408163,21.33,"ASC-TRI,BOLLINGER,CAMARILLA,CPR,DAILY-BIAS,DBL-BTM,EMA-CROSS,FIRST-CANDLE,INTRADAY-STRUCT,MACD,ORB-15,ORB-30,PDH-PDL,PIN-BAR,REL-STR,SR-BREAK,SUPERTREND,VPOC",18,18.0,VPOC,VPOC: breakout above VAH=1586.66,09:40,1585.1448979591837,STOP_HIT,LOSS,-1206.54,-0.24,60.0,MEDIUM
2026-03-11,HEXT,SHORT,10:35,441.15,1133,499822.95,447.9,427.65,2.0,"BEAR-FLAG,BOLLINGER,DAILY-BIAS,FIRST-CANDLE,INTRADAY-STRUCT,MACD,ORB-15,ORB-30,PDH-PDL,PIN-BAR,REL-STR,SR-BREAK,SUPERTREND,VPOC",14,14.0,ORB-15,ORB-15: breakdown below 441.15,15:10,427.65,TARGET_HIT,EXACT_WIN,14575.58,2.92,60.0,MEDIUM
2026-03-12,HFCL,LONG,09:40,72.22877551020407,6922,499967.58,72.00020408163266,74.51448979591835,10.0,"ASC-TRI,BOLLINGER,CAMARILLA,CPR,EMA-CROSS,FIRST-CANDLE,MACD,ORB-15,ORB-30,PDH-PDL,REL-STR,SR-BREAK,STOCHASTIC,SUPERTREND,VOL-SPIKE,VPOC",16,16.0,VPOC,VPOC: breakout above VAH=72.23,10:30,74.51448979591835,TARGET_HIT,EXACT_WIN,15080.32,3.02,60.0,MEDIUM
2026-03-12,LTM,SHORT,13:40,4363.5,114,497439.0,4394.764499999999,4253.1,3.53,"ADX-FILTER,BEAR-ENGULF,BOLLINGER,DAILY-BIAS,INTRADAY-STRUCT,OPEN-WEAK,PDH-PDL,PIN-BAR,RSI-EXT,SR-BREAK,STOCHASTIC,VWAP-REV,VWAP-STDDEV",13,13.0,BEAR-ENGULF,"Bear Engulf at resistance 4373.40, vol 2.7×",15:15,4318.2,TIME_EXIT,WIN,4441.73,0.89,60.0,MEDIUM
2026-03-13,KIRLOSENG,LONG,09:35,1494.7,334,499229.8,1482.7877551020408,1577.169387755102,6.92,"BOLLINGER,CAMARILLA,DAILY-BIAS,EMA-CROSS,FIRST-CANDLE,MACD,ORB-15,PDH-PDL,REL-STR,RSI-EXT,SR-BREAK,STOCHASTIC,SUPERTREND,VPOC,VWAP-REV,VWAP-STDDEV",16,16.0,VPOC,VPOC: breakout above VAH=1494.70,09:45,1482.7877551020408,STOP_HIT,LOSS,-4703.4,-0.94,60.0,MEDIUM
2026-03-13,NYKAA,SHORT,11:35,241.2,2072,499766.4,245.15,233.29999999999995,2.0,"ADX-FILTER,DAILY-BIAS,DBL-TOP,FIRST-CANDLE,OPEN-WEAK,ORB-15,ORB-30,PDH-PDL,PIN-BAR,REL-STR,SR-BREAK,STOCHASTIC",12,12.0,ORB-15,ORB-15: breakdown below 241.20,15:15,238.55,TIME_EXIT,WIN,4765.35,0.95,60.0,MEDIUM
2026-03-16,CHENNPETRO,LONG,09:15,879.9,568,499783.2,866.7015,918.8924999999999,2.95,"ADX-FILTER,BOLLINGER,CAMARILLA,DAILY-BIAS,FIRST-CANDLE,INTRADAY-STRUCT,MACD,REL-STR,RSI-EXT,SR-BREAK,STOCHASTIC,SUPERTREND,VPOC",13,13.0,BOLLINGER,"BOLLINGER: price at lower band 898.85, RSI=13",09:40,918.8924999999999,TARGET_HIT,EXACT_WIN,21401.59,4.28,60.0,MEDIUM
2026-03-16,GPIL,SHORT,11:55,252.5,1980,499950.0,254.064,249.0,2.24,"ADX-FILTER,DAILY-BIAS,DBL-TOP,FAILED-BO,FIRST-CANDLE,MACD,ORB-15,ORB-30,PDH-PDL,PIN-BAR,REL-STR,SR-BREAK,STOCHASTIC,SUPERTREND",14,14.0,FAILED-BO,"Failed BO: bull trap above 252.70, reversed on vol 1.6×",12:40,249.0,TARGET_HIT,EXACT_WIN,6205.12,1.24,60.0,MEDIUM
2026-03-17,LEMONTREE,LONG,09:50,103.60020408163265,4826,499974.58,102.9634693877551,107.25081632653061,5.73,"CAMARILLA,CPR,FIRST-CANDLE,MACD,ORB-15,ORB-30,PDH-PDL,PIN-BAR,REL-STR,SR-BREAK,STOCHASTIC,SUPERTREND,VPOC",13,13.0,VPOC,VPOC: breakout above VAH=103.60,10:20,107.25081632653061,TARGET_HIT,EXACT_WIN,16875.03,3.38,60.0,MEDIUM
2026-03-17,COLPAL,SHORT,11:40,1940.6,257,498734.2,1958.364031288396,1905.0719374232076,2.0,"BOLLINGER,CAMARILLA,DAILY-BIAS,FIRST-CANDLE,INTRADAY-STRUCT,MACD,PIN-BAR,SR-BREAK,STOCHASTIC,SUPERTREND,VWAP-STDDEV",11,11.0,SUPERTREND,"SUPERTREND: flipped bearish, ST=1954.46",15:15,1936.4,TIME_EXIT,WIN,352.83,0.07,60.0,MEDIUM
2026-03-18,ABB,LONG,10:40,6343.0,78,494754.0,6287.5,6454.0,2.0,"DAILY-BIAS,DBL-BTM,FIRST-CANDLE,MACD,ORB-15,ORB-30,PDH-PDL,PIN-BAR,RSI-EXT,SR-BREAK,STOCHASTIC,VPOC,VWAP-STDDEV",13,13.0,ORB-15,ORB-15: breakout above 6343.00 (range=55.50),12:45,6287.5,STOP_HIT,LOSS,-5047.33,-1.02,60.0,MEDIUM
2026-03-18,IDEA,SHORT,09:35,9.28,53879,499997.12,9.38,9.079999999999997,2.0,"ADX-FILTER,BOLLINGER,CAMARILLA,DAILY-BIAS,FIRST-CANDLE,MACD,ORB-15,PIN-BAR,REL-STR,RSI-EXT,VPOC",11,11.0,ORB-15,ORB-15: breakdown below 9.28,10:55,9.38,STOP_HIT,LOSS,-6119.89,-1.22,60.0,MEDIUM
2026-03-19,ATHERENERG,LONG,09:40,749.5,667,499916.5,745.7524999999999,771.5551020408163,5.89,"BOLLINGER,DAILY-BIAS,FIRST-CANDLE,MACD,ORB-15,ORB-30,PDH-PDL,PIN-BAR,REL-STR,SR-BREAK,SUPERTREND,VOL-SPIKE,VPOC",13,13.0,VPOC,VPOC: rejection below VPOC=749.80,10:25,771.5551020408163,TARGET_HIT,EXACT_WIN,13970.31,2.79,60.0,MEDIUM
2026-03-19,ICICIGI,SHORT,10:00,1797.4,278,499677.2,1825.1,1742.0000000000005,2.0,"CPR,DAILY-BIAS,DBL-TOP,DESC-TRI,FIRST-CANDLE,INTRADAY-STRUCT,ORB-15,ORB-30,PDH-PDL,REL-STR,SR-BREAK,STOCHASTIC",12,14.399999999999999,ORB-15,ORB-15: breakdown below 1797.40,15:15,1788.7,TIME_EXIT,WIN,1691.51,0.34,60.0,MEDIUM
2026-03-20,ACUTAAS,LONG,10:05,2314.57,216,499947.12,2282.285,2443.7100000000005,4.0,"ADX-FILTER,CAMARILLA,DAILY-BIAS,DBL-BTM,EMA-CROSS,FIRST-CANDLE,ORB-15,ORB-30,PDH-PDL,PIN-BAR,REL-STR,SR-BREAK,STOCHASTIC,VPOC",14,14.0,CAMARILLA,CAMARILLA: breakout above H4=2314.57,15:15,2388.4,TIME_EXIT,WIN,15205.82,3.04,60.0,MEDIUM
2026-03-20,BRITANNIA,SHORT,12:35,5690.5,87,495073.5,5749.5,5572.5,2.0,"BOLLINGER,CAMARILLA,DAILY-BIAS,FIRST-CANDLE,MACD,ORB-15,ORB-30,PIN-BAR,REL-STR,SR-BREAK,STOCHASTIC,SUPERTREND,VPOC",13,13.0,ORB-15,ORB-15: breakdown below 5690.50,15:15,5618.0,TIME_EXIT,WIN,5588.91,1.13,60.0,MEDIUM
2026-03-23,TECHM,LONG,10:35,1376.5,363,499669.5,1357.6,1414.3000000000002,2.0,"BOLLINGER,CAMARILLA,DBL-BTM,FIRST-CANDLE,MACD,ORB-15,ORB-30,PDH-PDL,PIN-BAR,REL-STR,SR-BREAK,STOCHASTIC,SUPERTREND",13,13.0,ORB-15,ORB-15: breakout above 1376.50 (range=18.90),12:10,1414.3000000000002,TARGET_HIT,EXACT_WIN,12982.08,2.6,60.0,MEDIUM
2026-03-23,JKTYRE,SHORT,10:05,403.4,1239,499812.6,411.55,387.0999999999999,2.0,"BEAR-FLAG,DAILY-BIAS,DBL-TOP,FIRST-CANDLE,INTRADAY-STRUCT,OPEN-WEAK,ORB-15,ORB-30,PDH-PDL,SR-BREAK,STOCHASTIC,VWAP-STDDEV",12,12.0,ORB-15,ORB-15: breakdown below 403.40,15:15,392.2,TIME_EXIT,WIN,13156.08,2.63,60.0,MEDIUM
2026-03-24,ACUTAAS,LONG,09:20,2365.305,211,499079.35,2317.1525,2557.9149999999995,4.0,"CAMARILLA,DAILY-BIAS,DBL-BTM,EMA-CROSS,FIRST-CANDLE,GAP-CONT,ORB-15,PDH-PDL,PIN-BAR,REL-STR,SR-BREAK,STOCHASTIC,VOL-SPIKE,VPOC",14,16.8,CAMARILLA,CAMARILLA: breakout above H4=2365.30,15:15,2431.9,TIME_EXIT,WIN,13312.77,2.67,60.0,MEDIUM
2026-03-24,RADICO,SHORT,09:30,2622.0,190,498180.0,2635.1099999999997,2558.3816326530614,4.85,"BOLLINGER,CAMARILLA,DAILY-BIAS,FAILED-BO,FIRST-CANDLE,INTRADAY-STRUCT,MACD,ORB-30,REL-STR,RSI-EXT,SR-BREAK,STOCHASTIC,SUPERTREND,VPOC,VWAP-REV",15,15.0,VPOC,VPOC: rejection at VPOC=2619.19,12:40,2635.1099999999997,STOP_HIT,LOSS,-3218.75,-0.65,60.0,MEDIUM
2026-03-25,HCLTECH,LONG,09:55,1378.9,362,499161.8,1358.1257317060013,1420.4485365879978,2.0,"BOLLINGER,CAMARILLA,DBL-BTM,FIRST-CANDLE,MACD,PDH-PDL,PIN-BAR,REL-STR,RSI-EXT,SR-BREAK,STOCHASTIC,SUPERTREND",12,12.0,SUPERTREND,"SUPERTREND: flipped bullish, ST=1360.85",15:15,1380.9,TIME_EXIT,LOSS,-4.34,-0.0,60.0,MEDIUM
2026-03-25,IOC,SHORT,11:35,139.07,3595,499956.65,140.5409410556395,136.12811788872096,2.0,"BEAR-ENGULF,BOLLINGER,CAMARILLA,DAILY-BIAS,FIRST-CANDLE,MACD,PIN-BAR,REL-STR,RSI-EXT,SUPERTREND",10,10.0,SUPERTREND,"SUPERTREND: flipped bearish, ST=140.26",13:45,140.5409410556395,STOP_HIT,LOSS,-6019.91,-1.2,60.0,MEDIUM
2026-03-27,LUPIN,LONG,11:05,2354.7,212,499196.4,2323.4,2417.2999999999993,2.0,"ASC-TRI,BOLLINGER,DAILY-BIAS,FIRST-CANDLE,MACD,ORB-15,ORB-30,PIN-BAR,REL-STR,RSI-EXT,SR-BREAK,STOCHASTIC,SUPERTREND,VPOC",14,14.0,ORB-15,ORB-15: breakout above 2354.70 (range=31.30),15:15,2334.3,TIME_EXIT,LOSS,-5049.19,-1.01,60.0,MEDIUM
2026-03-27,IOC,SHORT,09:15,141.38,3536,499919.68,142.08689999999999,139.27448979591836,2.98,"BOLLINGER,CAMARILLA,DAILY-BIAS,FIRST-CANDLE,MACD,PDH-PDL,PIN-BAR,REL-STR,SR-BREAK,STOCHASTIC,SUPERTREND,VPOC",12,12.0,VPOC,VPOC: rejection at VPOC=141.33,09:20,139.27448979591836,TARGET_HIT,EXACT_WIN,6720.54,1.34,60.0,MEDIUM
2026-03-30,URBANCO,LONG,09:40,114.72,4358,499949.76,111.5,121.16,2.0,"BOLLINGER,CAMARILLA,DAILY-BIAS,EMA-CROSS,FIRST-CANDLE,MACD,ORB-15,ORB-30,PDH-PDL,REL-STR,SR-BREAK,STOCHASTIC,SUPERTREND,VPOC",14,14.0,ORB-15,ORB-15: breakout above 114.72 (range=3.22),12:10,121.16,TARGET_HIT,EXACT_WIN,27314.46,5.46,60.0,MEDIUM
2026-03-30,TATAELXSI,SHORT,13:55,4073.6,122,496979.2,4130.0,3960.7999999999997,2.0,"DAILY-BIAS,DBL-TOP,FIRST-CANDLE,INTRADAY-STRUCT,OPEN-WEAK,ORB-15,ORB-30,PDH-PDL,PIN-BAR,REL-STR,SR-BREAK",11,11.0,ORB-15,ORB-15: breakdown below 4073.60,15:15,3977.5,TIME_EXIT,WIN,11006.11,2.21,60.0,MEDIUM
2026-04-01,GPIL,LONG,09:15,272.525,1834,499810.85,270.4625,280.775,4.0,"CAMARILLA,DAILY-BIAS,FIRST-CANDLE,GAP-CONT,ORB-15,PDH-PDL,PIN-BAR,REL-STR,SR-BREAK,STOCHASTIC,VPOC,VWAP-REV,VWAP-STDDEV",13,15.6,CAMARILLA,CAMARILLA: breakout above H4=272.52,09:40,280.775,TARGET_HIT,EXACT_WIN,14389.87,2.88,60.0,MEDIUM
2026-04-01,HDFCLIFE,SHORT,13:45,592.45,843,499435.35,606.15,565.0500000000002,2.0,"BEAR-FLAG,BOLLINGER,CAMARILLA,DAILY-BIAS,FIRST-CANDLE,MACD,ORB-15,ORB-30,PDH-PDL,PIN-BAR,REL-STR,SR-BREAK,SUPERTREND,VPOC",14,14.0,ORB-15,ORB-15: breakdown below 592.45,15:15,572.75,TIME_EXIT,WIN,15888.45,3.18,60.0,MEDIUM
2026-04-02,KPITTECH,LONG,12:45,667.5,749,499957.5,652.05,698.4000000000001,2.0,"ADX-FILTER,BOLLINGER,CAMARILLA,CPR,FIRST-CANDLE,MACD,ORB-15,ORB-30,PDH-PDL,PIN-BAR,REL-STR,SR-BREAK,SUPERTREND,VPOC",14,14.0,ORB-15,ORB-15: breakout above 667.50 (range=15.45),13:45,698.4000000000001,TARGET_HIT,EXACT_WIN,22396.92,4.48,60.0,MEDIUM
2026-04-02,FORTIS,SHORT,09:45,771.55,648,499964.4,791.0,732.6499999999999,2.0,"ADX-FILTER,DAILY-BIAS,DBL-TOP,FIRST-CANDLE,OPEN-WEAK,ORB-15,PDH-PDL,REL-STR,SR-BREAK,STOCHASTIC,VWAP-STDDEV",11,11.0,ORB-15,ORB-15: breakdown below 771.55,15:15,789.45,TIME_EXIT,LOSS,-12334.69,-2.47,60.0,MEDIUM
2026-04-06,ATHERENERG,LONG,09:30,777.3449999999999,643,499832.83,769.1225,810.2349999999998,4.0,"CAMARILLA,CPR,DAILY-BIAS,EMA-CROSS,FIRST-CANDLE,MACD,ORB-15,PDH-PDL,PIN-BAR,REL-STR,SR-BREAK,STOCHASTIC,SUPERTREND,VPOC",14,14.0,CAMARILLA,CAMARILLA: breakout above H4=777.34,15:15,785.0,TIME_EXIT,WIN,4189.59,0.84,60.0,MEDIUM
2026-04-06,DIXON,SHORT,13:35,10021.5,49,491053.5,10090.199999999999,9732.0,4.21,"CAMARILLA,DAILY-BIAS,DBL-TOP,FAILED-BO,FIRST-CANDLE,INTRADAY-STRUCT,MACD,PIN-BAR,REL-STR,SR-BREAK,STOCHASTIC,VWAP-REV,VWAP-STDDEV",13,13.0,FAILED-BO,"Failed BO: bull trap above 10038.50, reversed on vol 1.3×",15:15,10008.5,TIME_EXIT,LOSS,-79.35,-0.02,60.0,MEDIUM
2026-04-07,INFY,LONG,11:15,1310.9,381,499452.9,1293.5,1345.7000000000003,2.0,"ADX-FILTER,BOLLINGER,CAMARILLA,DAILY-BIAS,DBL-BTM,FIRST-CANDLE,INTRADAY-STRUCT,MACD,ORB-15,ORB-30,PDH-PDL,PIN-BAR,SR-BREAK,SUPERTREND,VPOC",15,15.0,ORB-15,ORB-15: breakout above 1310.90 (range=17.40),15:15,1341.7,TIME_EXIT,WIN,10997.35,2.2,60.0,MEDIUM
2026-04-07,GRSE,SHORT,11:20,2299.5,217,498991.5,2322.957,2181.1,5.05,"ADX-FILTER,BEAR-ENGULF,BOLLINGER,CAMARILLA,DAILY-BIAS,FAILED-BO,MACD,PIN-BAR,SUPERTREND,VPOC,VWAP-REV,VWAP-STDDEV",12,12.0,FAILED-BO,"Failed BO: bull trap above 2304.00, reversed on vol 2.7×",12:20,2322.957,STOP_HIT,LOSS,-5820.61,-1.17,60.0,MEDIUM
2026-04-08,TATACAP,LONG,09:15,310.51000000000005,1610,499921.1,309.63,314.03000000000014,4.0,"ADX-FILTER,CAMARILLA,CPR,FIRST-CANDLE,GAP-CONT,INTRADAY-STRUCT,ORB-15,ORB-30,PDH-PDL,REL-STR,SR-BREAK,STOCHASTIC,VPOC",13,15.6,CAMARILLA,CAMARILLA: breakout above H4=310.51,09:20,314.03000000000014,TARGET_HIT,EXACT_WIN,4933.91,0.99,60.0,MEDIUM
2026-04-08,DRREDDY,SHORT,09:30,1204.6,415,499909.0,1216.9545,1179.0,2.07,"ADX-FILTER,BOLLINGER,CAMARILLA,DAILY-BIAS,FAILED-BO,FIRST-CANDLE,MACD,ORB-15,ORB-30,REL-STR,RSI-EXT,SR-BREAK,SUPERTREND",13,13.0,FAILED-BO,"Failed BO: bull trap above 1211.00, reversed on vol 1.6×",15:15,1190.4,TIME_EXIT,WIN,5167.58,1.03,60.0,MEDIUM
2026-04-09,BANKINDIA,LONG,10:25,142.33,3512,499862.96,139.75,147.49000000000004,2.0,"BOLLINGER,CAMARILLA,EMA-CROSS,FIRST-CANDLE,INTRADAY-STRUCT,MACD,ORB-15,ORB-30,PDH-PDL,PIN-BAR,RSI-EXT,SR-BREAK,STOCHASTIC,VPOC,VWAP-REV",15,15.0,ORB-15,ORB-15: breakout above 142.33 (range=2.58),13:15,139.75,STOP_HIT,LOSS,-9782.51,-1.96,60.0,MEDIUM
2026-04-09,BRITANNIA,SHORT,12:30,5583.0,89,496887.0,5659.5,5430.0,2.0,"BOLLINGER,CAMARILLA,DAILY-BIAS,FIRST-CANDLE,INTRADAY-STRUCT,MACD,ORB-30,PDH-PDL,PIN-BAR,RSI-EXT,SR-BREAK,SUPERTREND",12,12.0,ORB-30,ORB-30: breakdown below 5583.00,15:15,5476.0,TIME_EXIT,WIN,8803.78,1.77,60.0,MEDIUM
2026-04-10,APARINDS,LONG,09:50,11128.675,44,489661.7,10944.8375,11864.024999999998,4.0,"ADX-FILTER,CAMARILLA,DAILY-BIAS,DBL-BTM,FIRST-CANDLE,GAP-CONT,INTRADAY-STRUCT,ORB-15,ORB-30,PDH-PDL,PIN-BAR,REL-STR,SR-BREAK,STOCHASTIC,VPOC",15,15.0,CAMARILLA,CAMARILLA: breakout above H4=11128.67,15:15,11347.5,TIME_EXIT,WIN,8905.86,1.82,60.0,MEDIUM
2026-04-10,COALINDIA,SHORT,11:15,453.45,1102,499701.9,455.868,447.85,2.32,"BOLLINGER,CAMARILLA,DBL-TOP,FAILED-BO,FIRST-CANDLE,MACD,ORB-15,ORB-30,REL-STR,RSI-EXT,SR-BREAK,SUPERTREND",12,12.0,FAILED-BO,"Failed BO: bull trap above 456.20, reversed on vol 2.3×",12:45,447.85,TARGET_HIT,EXACT_WIN,5446.22,1.09,60.0,MEDIUM
2026-04-13,THERMAX,LONG,10:00,3635.5,137,498063.5,3537.6,3831.3,2.0,"ADX-FILTER,BOLLINGER,CAMARILLA,CPR,DAILY-BIAS,FIRST-CANDLE,MACD,ORB-15,ORB-30,PDH-PDL,PIN-BAR,REL-STR,SR-BREAK,STOCHASTIC,SUPERTREND,VPOC",16,16.0,ORB-15,ORB-15: breakout above 3635.50 (range=97.90),12:55,3831.3,TARGET_HIT,EXACT_WIN,26077.09,5.24,60.0,MEDIUM
2026-04-13,PATANJALI,SHORT,09:15,454.35,869,394830.15,488.84000000000003,381.6,2.11,"ADX-FILTER,DAILY-BIAS,DBL-TOP,DESC-TRI,FIRST-CANDLE,OPEN-WEAK,ORB-15,PDH-PDL,PIN-BAR,REL-STR,SR-BREAK,STOCHASTIC,VWAP-STDDEV",13,15.6,DESC-TRI,Descending Triangle: breakdown below support 457.20,15:15,460.15,TIME_EXIT,LOSS,-5628.6,-1.43,60.0,MEDIUM
2026-04-15,ETERNAL,LONG,09:15,240.8105,2076,499922.6,238.58024999999998,249.73149999999998,4.0,"ADX-FILTER,CAMARILLA,DAILY-BIAS,DBL-BTM,FIRST-CANDLE,GAP-CONT,ORB-15,ORB-30,PDH-PDL,PIN-BAR,SR-BREAK,STOCHASTIC,VPOC",13,13.0,CAMARILLA,CAMARILLA: breakout above H4=240.81,15:15,246.23,TIME_EXIT,WIN,10513.17,2.1,60.0,MEDIUM
2026-04-15,JAINREC,SHORT,09:30,424.6,1177,499754.2,427.77824999999996,416.2,2.64,"BEAR-ENGULF,BOLLINGER,CAMARILLA,DAILY-BIAS,FAILED-BO,FIRST-CANDLE,MACD,PIN-BAR,REL-STR,SR-BREAK,STOCHASTIC,SUPERTREND",12,12.0,BEAR-ENGULF,"Bear Engulf at resistance 428.50, vol 1.8×",09:40,427.77824999999996,STOP_HIT,LOSS,-4471.51,-0.89,60.0,MEDIUM
2026-04-16,INFY,LONG,09:15,1317.1,379,499180.9,1311.05,1341.2999999999997,4.0,"ADX-FILTER,CAMARILLA,DAILY-BIAS,DBL-BTM,FIRST-CANDLE,GAP-CONT,PDH-PDL,PIN-BAR,REL-STR,SR-BREAK,STOCHASTIC,VPOC,VWAP-STDDEV",13,13.0,CAMARILLA,CAMARILLA: breakout above H4=1317.10,12:30,1311.05,STOP_HIT,LOSS,-3018.93,-0.6,60.0,MEDIUM
2026-04-16,PIDILITIND,SHORT,09:55,1333.4,374,498691.6,1342.9,1314.4,2.0,"BOLLINGER,CAMARILLA,DAILY-BIAS,FIRST-CANDLE,INTRADAY-STRUCT,MACD,ORB-15,ORB-30,PDH-PDL,PIN-BAR,SR-BREAK,STOCHASTIC,SUPERTREND,VPOC",14,14.0,ORB-15,ORB-15: breakdown below 1333.40,15:15,1332.0,TIME_EXIT,LOSS,-203.23,-0.04,60.0,MEDIUM
2026-04-17,COLPAL,LONG,09:15,1992.3469387755101,250,498086.73,1991.765306122449,2023.7551020408162,54.0,"CAMARILLA,CPR,DAILY-BIAS,FIRST-CANDLE,INTRADAY-STRUCT,ORB-15,ORB-30,PDH-PDL,PIN-BAR,REL-STR,SR-BREAK,STOCHASTIC,VOL-SPIKE,VPOC",14,14.0,VPOC,VPOC: breakout above VAH=1992.35,09:40,2023.7551020408162,TARGET_HIT,EXACT_WIN,7119.52,1.43,60.0,MEDIUM
2026-04-17,GPIL,SHORT,10:05,298.75,1673,499808.75,304.0,288.25,2.0,"BOLLINGER,CAMARILLA,FIRST-CANDLE,MACD,ORB-30,PDH-PDL,PIN-BAR,REL-STR,RSI-EXT,STOCHASTIC,SUPERTREND",11,11.0,ORB-30,ORB-30: breakdown below 298.75,13:50,304.0,STOP_HIT,LOSS,-9516.92,-1.9,60.0,MEDIUM
2026-04-20,AWL,LONG,13:05,185.7,2692,499904.4,182.85,191.39999999999998,2.0,"ASC-TRI,BOLLINGER,CAMARILLA,DAILY-BIAS,DBL-BTM,MACD,ORB-15,ORB-30,PDH-PDL,PIN-BAR,SR-BREAK,STOCHASTIC,SUPERTREND,VPOC",14,14.0,ORB-15,ORB-15: breakout above 185.70 (range=2.85),15:15,185.13,TIME_EXIT,LOSS,-2262.0,-0.45,60.0,MEDIUM
2026-04-20,OIL,SHORT,11:15,470.7,1062,499883.4,473.05349999999993,463.0336734693878,3.26,"BOLLINGER,CAMARILLA,DAILY-BIAS,FAILED-BO,FIRST-CANDLE,MACD,REL-STR,RSI-EXT,SUPERTREND,VPOC,VWAP-STDDEV",11,11.0,VPOC,VPOC: rejection at VPOC=470.41,12:40,473.05349999999993,STOP_HIT,LOSS,-3229.6,-0.65,60.0,MEDIUM
2026-04-21,ALKEM,LONG,09:55,5664.867346938776,88,498508.33,5654.688775510203,5746.295918367347,8.0,"CPR,DAILY-BIAS,DBL-BTM,FIRST-CANDLE,GAP-CONT,MACD,ORB-15,ORB-30,PDH-PDL,PIN-BAR,SR-BREAK,STOCHASTIC,SUPERTREND,VPOC",14,14.0,VPOC,VPOC: breakout above VAH=5664.87,15:15,5696.5,TIME_EXIT,WIN,2054.59,0.41,60.0,MEDIUM
2026-04-21,HDBFS,SHORT,12:55,686.0,728,499408.0,689.78175,666.0,5.29,"ADX-FILTER,BEAR-ENGULF,BOLLINGER,CAMARILLA,FAILED-BO,MACD,RSI-EXT,STOCHASTIC,SUPERTREND,VPOC,VWAP-STDDEV",11,11.0,BEAR-ENGULF,"Bear Engulf at resistance 681.60, vol 3.2×",13:00,689.78175,STOP_HIT,LOSS,-3482.79,-0.7,60.0,MEDIUM
2026-04-22,BOSCHLTD,LONG,09:30,38255.30612244898,13,497318.98,38249.489795918365,38662.448979591834,70.0,"BOLLINGER,BULL-FLAG,CAMARILLA,CPR,DAILY-BIAS,EMA-CROSS,FIRST-CANDLE,MACD,ORB-15,PDH-PDL,REL-STR,SR-BREAK,STOCHASTIC,SUPERTREND,VPOC,VWAP-STDDEV",16,16.0,VPOC,VPOC: breakout above VAH=38255.31,10:00,38249.489795918365,STOP_HIT,LOSS,-800.81,-0.16,60.0,MEDIUM
2026-04-22,BRITANNIA,SHORT,09:20,5840.5,85,496442.5,5914.9275,5685.0,2.09,"BEAR-ENGULF,BOLLINGER,CAMARILLA,CPR,FAILED-BO,FIRST-CANDLE,INTRADAY-STRUCT,MACD,ORB-15,ORB-30,REL-STR,RSI-EXT,SUPERTREND",13,13.0,FAILED-BO,"Failed BO: bull trap above 5864.50, reversed on vol 1.8×",15:15,5723.5,TIME_EXIT,WIN,9226.63,1.86,60.0,MEDIUM
2026-04-23,ZYDUSLIFE,LONG,09:35,933.0326530612244,535,499172.47,929.6443877551021,941.4448979591835,2.48,"CAMARILLA,CPR,DAILY-BIAS,DBL-BTM,FIRST-CANDLE,MACD,ORB-15,ORB-30,PDH-PDL,REL-STR,SR-BREAK,SUPERTREND,VOL-SPIKE,VPOC",14,14.0,VPOC,VPOC: breakout above VAH=933.03,09:40,941.4448979591835,TARGET_HIT,EXACT_WIN,3769.21,0.76,60.0,MEDIUM
2026-04-23,INDUSTOWER,SHORT,10:35,403.05,1240,499782.0,408.3,392.55,2.0,"ADX-FILTER,DAILY-BIAS,DBL-TOP,FIRST-CANDLE,ORB-15,ORB-30,PDH-PDL,PIN-BAR,SR-BREAK,STOCHASTIC,SUPERTREND",11,11.0,ORB-15,ORB-15: breakdown below 403.05,15:15,404.9,TIME_EXIT,LOSS,-3023.92,-0.61,60.0,MEDIUM
2026-04-24,HUDCO,LONG,09:15,204.9661224489796,2439,499912.37,204.71602040816327,207.96734693877553,12.0,"BULL-FLAG,CAMARILLA,DAILY-BIAS,FIRST-CANDLE,PDH-PDL,PIN-BAR,REL-STR,SR-BREAK,STOCHASTIC,VOL-SPIKE,VPOC,VWAP-STDDEV",12,12.0,VPOC,VPOC: breakout above VAH=204.97,09:20,207.96734693877553,TARGET_HIT,EXACT_WIN,6585.4,1.32,60.0,MEDIUM
2026-04-24,INDUSTOWER,SHORT,10:40,403.5,1239,499936.5,406.6,397.29999999999995,2.0,"CAMARILLA,DAILY-BIAS,FIRST-CANDLE,INTRADAY-STRUCT,MACD,ORB-15,ORB-30,PDH-PDL,PIN-BAR,REL-STR,SR-BREAK,STOCHASTIC,SUPERTREND",13,13.0,ORB-15,ORB-15: breakdown below 403.50,10:55,397.29999999999995,TARGET_HIT,EXACT_WIN,6957.37,1.39,60.0,MEDIUM
2026-04-27,INDUSINDBK,LONG,09:15,865.95,577,499653.15,857.975,897.8500000000001,4.0,"ADX-FILTER,BULL-FLAG,CAMARILLA,DAILY-BIAS,FIRST-CANDLE,GAP-CONT,PDH-PDL,REL-STR,SR-BREAK,STOCHASTIC,VOL-SPIKE,VPOC,VWAP-STDDEV",13,13.0,CAMARILLA,CAMARILLA: breakout above H4=865.95,13:30,897.8500000000001,TARGET_HIT,EXACT_WIN,17663.29,3.54,60.0,MEDIUM
2026-04-27,BRITANNIA,SHORT,09:15,5739.5,87,499336.5,5768.197499999999,5676.275510204082,2.2,"ADX-FILTER,BEAR-ENGULF,BOLLINGER,CAMARILLA,FIRST-CANDLE,INTRADAY-STRUCT,MACD,ORB-15,ORB-30,REL-STR,SR-BREAK,SUPERTREND,VPOC,VWAP-STDDEV",14,14.0,VPOC,VPOC: rejection at VPOC=5729.26,12:35,5768.197499999999,STOP_HIT,LOSS,-3226.12,-0.65,60.0,MEDIUM
2026-04-28,BANDHANBNK,LONG,13:30,181.96,2747,499844.12,180.7188287499159,184.44234250016822,2.0,"BOLLINGER,BULL-FLAG,DAILY-BIAS,EMA-CROSS,FIRST-CANDLE,MACD,PDH-PDL,PIN-BAR,REL-STR,SR-BREAK,STOCHASTIC,VPOC",12,12.0,EMA-CROSS,"EMA-CROSS: 9EMA crossed above 21EMA, price above VWAP",14:25,180.7188287499159,STOP_HIT,LOSS,-4135.5,-0.83,60.0,MEDIUM
2026-04-28,TEJASNET,SHORT,09:30,412.45,1212,499889.4,417.97690043995306,401.39619912009385,2.0,"ADX-FILTER,BOLLINGER,CAMARILLA,DAILY-BIAS,FIRST-CANDLE,MACD,PIN-BAR,REL-STR,SR-BREAK,SUPERTREND,VPOC,VWAP-STDDEV",12,12.0,SUPERTREND,"SUPERTREND: flipped bearish, ST=417.14",15:15,412.85,TIME_EXIT,LOSS,-1213.84,-0.24,60.0,MEDIUM
2026-04-29,JBCHEPHARM,LONG,09:40,2068.0,241,498388.0,2040.0,2124.0,2.0,"CAMARILLA,CPR,DAILY-BIAS,DBL-BTM,EMA-CROSS,FIRST-CANDLE,ORB-15,PDH-PDL,PIN-BAR,SR-BREAK,STOCHASTIC,SUPERTREND,VPOC",13,13.0,ORB-15,ORB-15: breakout above 2068.00 (range=28.00),15:15,2060.3,TIME_EXIT,LOSS,-2580.94,-0.52,60.0,MEDIUM
2026-04-29,AMBUJACEM,SHORT,13:00,460.35,1086,499940.1,465.5,450.05000000000007,2.0,"BEAR-ENGULF,BOLLINGER,CAMARILLA,FAILED-BO,FIRST-CANDLE,MACD,ORB-15,ORB-30,PDH-PDL,PIN-BAR,REL-STR,SUPERTREND,VPOC",13,13.0,ORB-15,ORB-15: breakdown below 460.35,15:15,454.35,TIME_EXIT,WIN,5790.9,1.16,60.0,MEDIUM
2026-04-30,BAJFINANCE,LONG,09:15,941.27,531,499814.37,935.66,963.71,4.0,"ASC-TRI,BULL-FLAG,CAMARILLA,CPR,DAILY-BIAS,DBL-BTM,EMA-CROSS,FIRST-CANDLE,GAP-CONT,PDH-PDL,REL-STR,SR-BREAK,STOCHASTIC,VOL-SPIKE,VPOC,VWAP-REV,VWAP-STDDEV",17,17.0,CAMARILLA,CAMARILLA: breakout above H4=941.27,09:20,963.71,TARGET_HIT,EXACT_WIN,11177.55,2.24,60.0,MEDIUM
2026-04-30,MPHASIS,SHORT,09:15,2271.05,220,499631.0,2300.2000000000003,2212.75,2.0,"BOLLINGER,CAMARILLA,DAILY-BIAS,FAILED-BO,GAP-FADE,INTRADAY-STRUCT,MACD,REL-STR,VPOC,VWAP-REV,VWAP-STDDEV",11,11.0,CAMARILLA,"CAMARILLA: reversal at H3=2271.05, target L3=2212.75",09:35,2300.2000000000003,STOP_HIT,LOSS,-7145.07,-1.43,60.0,MEDIUM
2026-05-04,DLF,LONG,09:15,593.805,842,499983.81,590.4775,607.1149999999999,4.0,"ASC-TRI,CAMARILLA,CPR,DAILY-BIAS,EMA-CROSS,FIRST-CANDLE,INTRADAY-STRUCT,ORB-15,ORB-30,PDH-PDL,PIN-BAR,SR-BREAK,STOCHASTIC,VPOC",14,14.0,CAMARILLA,CAMARILLA: breakout above H4=593.80,11:15,607.1149999999999,TARGET_HIT,EXACT_WIN,10469.26,2.09,60.0,MEDIUM
2026-05-04,PATANJALI,SHORT,10:45,462.4,1081,499854.4,465.36524999999995,455.5,2.33,"ADX-FILTER,BEAR-ENGULF,BOLLINGER,DAILY-BIAS,DESC-TRI,FAILED-BO,MACD,ORB-15,ORB-30,PDH-PDL,PIN-BAR,RSI-EXT,SR-BREAK,SUPERTREND,VWAP-STDDEV",15,15.0,FAILED-BO,"Failed BO: bull trap above 465.40, reversed on vol 1.5×",13:15,455.5,TARGET_HIT,EXACT_WIN,6734.45,1.35,60.0,MEDIUM
2026-05-05,GRASIM,LONG,13:05,2845.8,175,498015.0,2823.6,2890.2000000000007,2.0,"ASC-TRI,BOLLINGER,CAMARILLA,DAILY-BIAS,EMA-CROSS,FIRST-CANDLE,MACD,ORB-15,ORB-30,PDH-PDL,REL-STR,SR-BREAK,STOCHASTIC,VPOC",14,14.0,ORB-15,ORB-15: breakout above 2845.80 (range=22.20),15:15,2875.7,TIME_EXIT,WIN,4502.15,0.9,60.0,MEDIUM
2026-05-05,ITC,SHORT,10:25,302.15,1654,499756.1,304.74505202444885,296.9598959511022,2.0,"ADX-FILTER,BOLLINGER,CAMARILLA,FAILED-BO,FIRST-CANDLE,MACD,PDH-PDL,PIN-BAR,STOCHASTIC,SUPERTREND,VWAP-STDDEV",11,11.0,SUPERTREND,"SUPERTREND: flipped bearish, ST=304.14",13:15,304.74505202444885,STOP_HIT,LOSS,-5023.25,-1.01,60.0,MEDIUM
2026-05-06,HBLENGINE,LONG,09:15,808.4925,618,499648.36,803.9962499999999,826.4774999999998,4.0,"ADX-FILTER,BULL-FLAG,CAMARILLA,CPR,DAILY-BIAS,FIRST-CANDLE,GAP-CONT,ORB-15,ORB-30,PDH-PDL,SR-BREAK,STOCHASTIC,VOL-SPIKE,VPOC",14,14.0,CAMARILLA,CAMARILLA: breakout above H4=808.49,10:55,826.4774999999998,TARGET_HIT,EXACT_WIN,10377.5,2.08,60.0,MEDIUM
2026-05-06,LENSKART,SHORT,10:25,507.55,985,499936.75,512.6,497.45,2.0,"ADX-FILTER,CAMARILLA,DAILY-BIAS,DBL-TOP,FIRST-CANDLE,INTRADAY-STRUCT,MACD,ORB-15,ORB-30,PDH-PDL,PIN-BAR,SR-BREAK,STOCHASTIC,SUPERTREND",14,14.0,ORB-15,ORB-15: breakdown below 507.55,12:45,497.45,TARGET_HIT,EXACT_WIN,9225.36,1.85,60.0,MEDIUM
2026-05-07,LAURUSLABS,LONG,09:20,1197.02,417,499157.34,1187.01,1237.06,4.0,"CAMARILLA,DAILY-BIAS,DBL-BTM,EMA-CROSS,FIRST-CANDLE,ORB-15,ORB-30,PDH-PDL,PIN-BAR,REL-STR,SR-BREAK,STOCHASTIC,VPOC",13,13.0,CAMARILLA,CAMARILLA: breakout above H4=1197.02,15:15,1206.5,TIME_EXIT,WIN,3222.27,0.65,60.0,MEDIUM
2026-05-07,COROMANDEL,SHORT,12:15,2013.7,248,499397.6,2035.0,1971.1000000000001,2.0,"BEAR-ENGULF,BOLLINGER,CAMARILLA,DAILY-BIAS,FIRST-CANDLE,INTRADAY-STRUCT,ORB-15,ORB-30,PDH-PDL,PIN-BAR,REL-STR,SR-BREAK,SUPERTREND",13,13.0,ORB-15,ORB-15: breakdown below 2013.70,13:55,1971.1000000000001,TARGET_HIT,EXACT_WIN,9842.75,1.97,60.0,MEDIUM
2026-05-08,FORTIS,LONG,09:55,960.5,520,499460.0,947.0,987.5,2.0,"BULL-FLAG,DAILY-BIAS,EMA-CROSS,FIRST-CANDLE,MACD,ORB-15,ORB-30,PDH-PDL,REL-STR,SR-BREAK,STOCHASTIC,SUPERTREND,VPOC,VWAP-STDDEV",14,14.0,ORB-15,ORB-15: breakout above 960.50 (range=13.50),15:15,951.45,TIME_EXIT,LOSS,-5430.45,-1.09,60.0,MEDIUM
2026-05-08,CUB,SHORT,10:10,268.6,1861,499864.6,271.55,262.70000000000005,2.0,"ADX-FILTER,FIRST-CANDLE,MACD,ORB-15,ORB-30,PDH-PDL,PIN-BAR,SR-BREAK,STOCHASTIC,SUPERTREND,VPOC",11,11.0,ORB-15,ORB-15: breakdown below 268.60,10:25,262.70000000000005,TARGET_HIT,EXACT_WIN,10257.45,2.05,60.0,MEDIUM
2026-05-11,COLPAL,LONG,09:15,2179.1,229,499013.9,2078.2079999999996,2573.9500000000007,3.91,"ASC-TRI,BOLLINGER,CAMARILLA,DAILY-BIAS,DBL-BTM,EMA-CROSS,FIRST-CANDLE,MACD,ORB-15,ORB-30,SR-BREAK,STOCHASTIC,SUPERTREND,VPOC",14,14.0,ASC-TRI,Ascending Triangle: breakout above resistance 2177.98,15:15,2137.2,TIME_EXIT,LOSS,-10315.07,-2.07,60.0,MEDIUM
2026-05-11,CUB,SHORT,10:10,252.9,1977,499983.3,258.85,240.99999999999997,2.0,"ADX-FILTER,DAILY-BIAS,FIRST-CANDLE,INTRADAY-STRUCT,OPEN-WEAK,ORB-15,ORB-30,PDH-PDL,PIN-BAR,REL-STR,SR-BREAK,STOCHASTIC",12,12.0,ORB-15,ORB-15: breakdown below 252.90,15:15,253.6,TIME_EXIT,LOSS,-2113.58,-0.42,60.0,MEDIUM
2026-05-12,APARINDS,LONG,09:45,12887.0,38,489706.0,12730.0,13201.0,2.0,"BOLLINGER,CAMARILLA,DAILY-BIAS,EMA-CROSS,FIRST-CANDLE,MACD,ORB-30,PDH-PDL,PIN-BAR,REL-STR,SR-BREAK,SUPERTREND,VPOC,VWAP-REV,VWAP-STDDEV",15,15.0,ORB-30,ORB-30: breakout above 12887.00 (range=157.00),11:00,12730.0,STOP_HIT,LOSS,-6676.15,-1.36,60.0,MEDIUM
2026-05-12,TATAELXSI,SHORT,09:25,4151.5,120,498180.0,4299.51,3855.4799999999996,2.0,"ADX-FILTER,BEAR-FLAG,DAILY-BIAS,FIRST-CANDLE,INTRADAY-STRUCT,OPEN-WEAK,PDH-PDL,PIN-BAR,REL-STR,SR-BREAK,STOCHASTIC",11,11.0,SR-BREAK,SR-BREAK: breakdown below support 4151.50,15:15,4079.9,TIME_EXIT,WIN,7870.48,1.58,60.0,MEDIUM
2026-05-13,APOLLOHOSP,LONG,10:20,8065.0,61,491965.0,7981.0,8233.0,2.0,"ADX-FILTER,BOLLINGER,CAMARILLA,DAILY-BIAS,DBL-BTM,EMA-CROSS,FIRST-CANDLE,MACD,ORB-15,ORB-30,PDH-PDL,PIN-BAR,REL-STR,SR-BREAK,SUPERTREND,VPOC",16,16.0,ORB-15,ORB-15: breakout above 8065.00 (range=84.00),15:15,8001.0,TIME_EXIT,LOSS,-4618.86,-0.94,60.0,MEDIUM
2026-05-13,RECLTD,SHORT,09:45,344.5,1451,499869.5,348.35,336.79999999999995,2.0,"CAMARILLA,DAILY-BIAS,FAILED-BO,FIRST-CANDLE,INTRADAY-STRUCT,MACD,ORB-15,PDH-PDL,SR-BREAK,STOCHASTIC,VPOC,VWAP-REV,VWAP-STDDEV",13,13.0,ORB-15,ORB-15: breakdown below 344.50,13:20,348.35,STOP_HIT,LOSS,-6318.28,-1.26,60.0,MEDIUM
2026-05-14,PIIND,LONG,10:10,3106.98,160,497116.8,3079.59,3216.5400000000004,4.0,"ASC-TRI,CAMARILLA,CPR,FIRST-CANDLE,MACD,ORB-15,ORB-30,PDH-PDL,REL-STR,SR-BREAK,STOCHASTIC,SUPERTREND,VPOC",13,13.0,CAMARILLA,CAMARILLA: breakout above H4=3106.98,15:15,3105.4,TIME_EXIT,LOSS,-977.58,-0.2,60.0,MEDIUM
2026-05-14,EXIDEIND,SHORT,10:45,350.6,1426,499955.6,356.0,339.80000000000007,2.0,"ADX-FILTER,CAMARILLA,FAILED-BO,FIRST-CANDLE,INTRADAY-STRUCT,MACD,ORB-15,PDH-PDL,PIN-BAR,SR-BREAK,STOCHASTIC,SUPERTREND,VPOC",13,13.0,ORB-15,ORB-15: breakdown below 350.60,15:15,349.6,TIME_EXIT,WIN,697.97,0.14,60.0,MEDIUM
2026-05-15,GRAPHITE,LONG,10:40,762.2775510204082,655,499291.8,759.9489795918367,782.2367346938776,8.57,"ASC-TRI,BOLLINGER,CAMARILLA,CPR,DAILY-BIAS,DBL-BTM,MACD,ORB-15,ORB-30,PDH-PDL,SR-BREAK,STOCHASTIC,SUPERTREND,VOL-SPIKE,VPOC",15,15.0,VPOC,VPOC: breakout above VAH=762.28,10:50,782.2367346938776,TARGET_HIT,EXACT_WIN,12334.97,2.47,60.0,MEDIUM
2026-05-15,JBCHEPHARM,SHORT,09:15,2136.8,233,497874.4,2147.484,2103.7367346938777,3.09,"BEAR-ENGULF,BOLLINGER,CAMARILLA,FAILED-BO,FIRST-CANDLE,MACD,PIN-BAR,REL-STR,SR-BREAK,SUPERTREND,VPOC,VWAP-STDDEV",12,12.0,VPOC,VPOC: rejection at VPOC=2133.43,09:40,2147.484,STOP_HIT,LOSS,-3216.81,-0.65,60.0,MEDIUM
2026-05-18,INDUSTOWER,LONG,09:35,434.4,1151,499994.4,428.536844853025,446.1263102939499,2.0,"BOLLINGER,CAMARILLA,DAILY-BIAS,DBL-BTM,EMA-CROSS,FIRST-CANDLE,MACD,PDH-PDL,PIN-BAR,REL-STR,RSI-EXT,SR-BREAK,STOCHASTIC,SUPERTREND,VPOC",15,15.0,EMA-CROSS,"EMA-CROSS: 9EMA crossed above 21EMA, price above VWAP",09:45,428.536844853025,STOP_HIT,LOSS,-7472.05,-1.49,60.0,MEDIUM
2026-05-18,AXISBANK,SHORT,09:15,1233.2,405,499446.0,1295.83,1107.4,2.01,"ADX-FILTER,BEAR-FLAG,DAILY-BIAS,DESC-TRI,FIRST-CANDLE,OPEN-WEAK,ORB-15,ORB-30,PDH-PDL,PIN-BAR,SR-BREAK,STOCHASTIC,VWAP-STDDEV",13,13.0,DESC-TRI,Descending Triangle: breakdown below support 1249.20,15:15,1238.5,TIME_EXIT,LOSS,-2875.88,-0.58,60.0,MEDIUM
2026-05-19,PIIND,LONG,10:05,3154.0,155,488870.0,2961.09,3580.3500000000004,2.21,"ASC-TRI,CPR,DAILY-BIAS,DBL-BTM,EMA-CROSS,FIRST-CANDLE,MACD,ORB-15,ORB-30,PDH-PDL,REL-STR,SR-BREAK,STOCHASTIC,SUPERTREND,VPOC",15,15.0,ASC-TRI,Ascending Triangle: breakout above resistance 3152.18,15:15,3120.1,TIME_EXIT,LOSS,-5964.08,-1.22,60.0,MEDIUM
2026-05-19,PAYTM,SHORT,11:15,1117.1,447,499343.7,1152.0,1047.2999999999997,2.0,"ADX-FILTER,BEAR-ENGULF,BOLLINGER,CAMARILLA,DAILY-BIAS,FAILED-BO,FIRST-CANDLE,MACD,ORB-15,ORB-30,REL-STR,RSI-EXT,SUPERTREND",13,13.0,ORB-15,ORB-15: breakdown below 1117.10,15:15,1123.0,TIME_EXIT,LOSS,-3366.82,-0.67,60.0,MEDIUM
2026-05-20,EMMVEE,LONG,09:25,264.0,1893,499752.0,259.7959391953352,272.40812160932956,2.0,"BOLLINGER,CAMARILLA,CPR,EMA-CROSS,FIRST-CANDLE,INTRADAY-STRUCT,MACD,PDH-PDL,PIN-BAR,REL-STR,RSI-EXT,STOCHASTIC,SUPERTREND,VPOC,VWAP-REV",15,15.0,EMA-CROSS,"EMA-CROSS: 9EMA crossed above 21EMA, price above VWAP",11:55,259.7959391953352,STOP_HIT,LOSS,-8680.56,-1.74,60.0,MEDIUM
2026-05-20,SAMMAANCAP,SHORT,09:45,136.18,3671,499916.78,137.72,133.10000000000002,2.0,"BEAR-ENGULF,DAILY-BIAS,FIRST-CANDLE,OPEN-WEAK,ORB-15,ORB-30,PDH-PDL,PIN-BAR,REL-STR,SR-BREAK,STOCHASTIC,VWAP-REV",12,12.0,ORB-15,ORB-15: breakdown below 136.18,11:05,137.72,STOP_HIT,LOSS,-6385.37,-1.28,60.0,MEDIUM
2026-05-21,INDUSTOWER,LONG,09:20,431.2125,1159,499775.29,429.35625,438.63749999999993,4.0,"ADX-FILTER,CAMARILLA,DAILY-BIAS,DBL-BTM,FIRST-CANDLE,ORB-15,ORB-30,PDH-PDL,PIN-BAR,REL-STR,SR-BREAK,STOCHASTIC,VPOC",13,13.0,CAMARILLA,CAMARILLA: breakout above H4=431.21,12:00,438.63749999999993,TARGET_HIT,EXACT_WIN,7870.16,1.57,60.0,MEDIUM
2026-05-21,DIXON,SHORT,09:25,10976.0,45,493920.0,11138.12319055635,10651.753618887298,2.0,"BEAR-ENGULF,BOLLINGER,CAMARILLA,DAILY-BIAS,FAILED-BO,FIRST-CANDLE,INTRADAY-STRUCT,MACD,PIN-BAR,RSI-EXT,SUPERTREND,VWAP-REV,VWAP-STDDEV",13,13.0,SUPERTREND,"SUPERTREND: flipped bearish, ST=11115.89",11:45,11138.12319055635,STOP_HIT,LOSS,-8020.33,-1.62,60.0,MEDIUM
2026-05-22,KEI,LONG,09:15,5258.0,83,436414.0,4900.5,6145.9,2.48,"ADX-FILTER,ASC-TRI,DAILY-BIAS,DBL-BTM,EMA-CROSS,FIRST-CANDLE,MACD,ORB-15,ORB-30,PDH-PDL,PIN-BAR,SR-BREAK,STOCHASTIC,SUPERTREND,VPOC",15,15.0,ASC-TRI,Ascending Triangle: breakout above resistance 5223.45,15:15,5251.6,TIME_EXIT,LOSS,-1173.0,-0.27,60.0,MEDIUM
2026-05-22,URBANCO,SHORT,09:30,119.1,4198,499981.8,120.44,116.41999999999999,2.0,"ADX-FILTER,BEAR-ENGULF,CAMARILLA,DAILY-BIAS,FIRST-CANDLE,MACD,ORB-15,PDH-PDL,REL-STR,SR-BREAK,STOCHASTIC,SUPERTREND,VWAP-REV",13,13.0,ORB-15,ORB-15: breakdown below 119.10,11:20,120.44,STOP_HIT,LOSS,-6357.42,-1.27,60.0,MEDIUM
2026-05-25,360ONE,LONG,09:15,1117.5795918367346,447,499558.08,1117.3877551020407,1122.5673469387755,26.0,"ADX-FILTER,ASC-TRI,CAMARILLA,CPR,DAILY-BIAS,FIRST-CANDLE,GAP-CONT,INTRADAY-STRUCT,ORB-15,ORB-30,PDH-PDL,PIN-BAR,SR-BREAK,STOCHASTIC,VPOC",15,15.0,VPOC,VPOC: breakout above VAH=1117.58,09:20,1122.5673469387755,TARGET_HIT,EXACT_WIN,1499.45,0.3,60.0,MEDIUM
2026-05-25,DRREDDY,SHORT,10:45,1313.3,380,499054.0,1323.7,1292.4999999999998,2.0,"BOLLINGER,CAMARILLA,FIRST-CANDLE,INTRADAY-STRUCT,MACD,ORB-15,ORB-30,PDH-PDL,REL-STR,RSI-EXT,STOCHASTIC,SUPERTREND,VPOC",13,13.0,ORB-15,ORB-15: breakdown below 1313.30,14:25,1323.7,STOP_HIT,LOSS,-4681.88,-0.94,60.0,MEDIUM
2026-05-26,IDFCFIRSTB,LONG,09:20,69.90050000000001,7153,499998.28,69.65025,70.90150000000001,4.0,"ADX-FILTER,CAMARILLA,DAILY-BIAS,EMA-CROSS,FIRST-CANDLE,INTRADAY-STRUCT,ORB-15,ORB-30,PDH-PDL,PIN-BAR,SR-BREAK,STOCHASTIC,VPOC,VWAP-STDDEV",14,14.0,CAMARILLA,CAMARILLA: breakout above H4=69.90,09:35,69.65025,STOP_HIT,LOSS,-2517.53,-0.5,60.0,MEDIUM
2026-05-26,TORNTPOWER,SHORT,11:00,1473.8,339,499618.2,1483.4,1454.5999999999997,2.0,"ADX-FILTER,BOLLINGER,CAMARILLA,DAILY-BIAS,FAILED-BO,MACD,ORB-15,ORB-30,PDH-PDL,PIN-BAR,SR-BREAK,STOCHASTIC,SUPERTREND,VPOC",14,14.0,ORB-15,ORB-15: breakdown below 1473.80,15:15,1468.2,TIME_EXIT,WIN,1171.1,0.23,60.0,MEDIUM
2026-05-27,JSWSTEEL,LONG,09:15,1303.665,383,499303.7,1298.6325,1323.795,4.0,"ASC-TRI,CAMARILLA,CPR,DAILY-BIAS,FIRST-CANDLE,INTRADAY-STRUCT,ORB-15,ORB-30,PDH-PDL,REL-STR,SR-BREAK,STOCHASTIC,VPOC",13,13.0,CAMARILLA,CAMARILLA: breakout above H4=1303.66,10:25,1323.795,TARGET_HIT,EXACT_WIN,6975.73,1.4,60.0,MEDIUM
2026-05-27,MAXHEALTH,SHORT,11:55,989.25,505,499571.25,997.6,972.55,2.0,"CAMARILLA,DAILY-BIAS,FIRST-CANDLE,INTRADAY-STRUCT,MACD,ORB-15,ORB-30,PDH-PDL,PIN-BAR,REL-STR,RSI-EXT,SR-BREAK,STOCHASTIC,SUPERTREND,VWAP-STDDEV",15,15.0,ORB-15,ORB-15: breakdown below 989.25,14:10,997.6,STOP_HIT,LOSS,-4947.49,-0.99,60.0,MEDIUM
2026-05-29,CAMS,LONG,10:25,791.3,631,499310.3,780.1,813.6999999999998,2.0,"ASC-TRI,CAMARILLA,DAILY-BIAS,EMA-CROSS,FIRST-CANDLE,MACD,ORB-15,ORB-30,PDH-PDL,PIN-BAR,SR-BREAK,STOCHASTIC,SUPERTREND,VPOC",14,14.0,ORB-15,ORB-15: breakout above 791.30 (range=11.20),15:15,791.65,TIME_EXIT,LOSS,-507.29,-0.1,60.0,MEDIUM
2026-05-29,ITC,SHORT,10:45,289.5,1727,499966.5,292.4,283.70000000000005,2.0,"DAILY-BIAS,DBL-TOP,DESC-TRI,FIRST-CANDLE,INTRADAY-STRUCT,OPEN-WEAK,ORB-15,PDH-PDL,PIN-BAR,REL-STR,SR-BREAK,STOCHASTIC",12,12.0,ORB-15,ORB-15: breakdown below 289.50,15:15,286.45,TIME_EXIT,WIN,4541.5,0.91,60.0,MEDIUM
2026-06-01,RRKABEL,LONG,09:15,2101.122448979592,237,497966.02,2061.4285714285716,2209.089795918367,2.72,"DAILY-BIAS,EMA-CROSS,FIRST-CANDLE,GAP-CONT,ORB-15,PDH-PDL,REL-STR,SR-BREAK,STOCHASTIC,VPOC,VWAP-REV,VWAP-STDDEV",12,12.0,VPOC,VPOC: breakout above VAH=2101.12,12:20,2061.4285714285716,STOP_HIT,LOSS,-10126.14,-2.03,60.0,MEDIUM
2026-06-01,GPIL,SHORT,09:15,289.7,1725,499732.5,291.14849999999996,279.7959183673469,6.84,"ADX-FILTER,CPR,DAILY-BIAS,FAILED-BO,FIRST-CANDLE,INTRADAY-STRUCT,MACD,PIN-BAR,REL-STR,SR-BREAK,STOCHASTIC,SUPERTREND,VPOC",13,13.0,VPOC,VPOC: rejection at VPOC=289.48,15:15,282.3,TIME_EXIT,WIN,12043.75,2.41,60.0,MEDIUM
2026-06-02,TATAELXSI,LONG,09:15,4348.07,114,495679.98,4323.485,4446.41,4.0,"ADX-FILTER,CAMARILLA,DAILY-BIAS,EMA-CROSS,FIRST-CANDLE,INTRADAY-STRUCT,ORB-15,ORB-30,PDH-PDL,PIN-BAR,REL-STR,SR-BREAK,STOCHASTIC,VOL-SPIKE,VPOC",15,15.0,CAMARILLA,CAMARILLA: breakout above H4=4348.07,09:55,4446.41,TARGET_HIT,EXACT_WIN,10478.86,2.11,60.0,MEDIUM
2026-06-02,UNITDSPR,SHORT,09:30,1244.2,401,498924.2,1260.102661441127,1212.394677117746,2.0,"DAILY-BIAS,DBL-TOP,FIRST-CANDLE,MACD,PDH-PDL,PIN-BAR,REL-STR,RSI-EXT,SR-BREAK,STOCHASTIC,SUPERTREND,VPOC,VWAP-STDDEV",13,13.0,SUPERTREND,"SUPERTREND: flipped bearish, ST=1257.59",11:00,1260.102661441127,STOP_HIT,LOSS,-7108.06,-1.42,60.0,MEDIUM
2026-06-03,BELRISE,LONG,09:35,219.92244897959182,2273,499883.73,218.88163265306122,224.50204081632648,4.4,"CAMARILLA,CPR,DAILY-BIAS,DBL-BTM,EMA-CROSS,FIRST-CANDLE,MACD,ORB-15,ORB-30,PDH-PDL,REL-STR,STOCHASTIC,SUPERTREND,VPOC",14,14.0,VPOC,VPOC: breakout above VAH=219.92,11:00,218.88163265306122,STOP_HIT,LOSS,-3092.65,-0.62,60.0,MEDIUM
2026-06-03,RECLTD,SHORT,09:25,323.5,1545,499807.5,327.31022068887904,315.8795586222419,2.0,"ADX-FILTER,BOLLINGER,CPR,DAILY-BIAS,DESC-TRI,FAILED-BO,FIRST-CANDLE,PIN-BAR,SR-BREAK,STOCHASTIC,SUPERTREND,VWAP-STDDEV",12,12.0,SUPERTREND,"SUPERTREND: flipped bearish, ST=326.66",13:20,327.31022068887904,STOP_HIT,LOSS,-6618.8,-1.32,60.0,MEDIUM
2026-06-04,ZYDUSLIFE,LONG,11:10,1072.0,466,499552.0,1063.1,1089.8000000000002,2.0,"BOLLINGER,CAMARILLA,DAILY-BIAS,EMA-CROSS,FIRST-CANDLE,MACD,ORB-15,ORB-30,PDH-PDL,PIN-BAR,RSI-EXT,SR-BREAK,STOCHASTIC,SUPERTREND,VPOC",15,15.0,ORB-15,ORB-15: breakout above 1072.00 (range=8.90),11:20,1089.8000000000002,TARGET_HIT,EXACT_WIN,7559.93,1.51,60.0,MEDIUM
2026-06-04,PATANJALI,SHORT,10:00,442.55,1129,499638.95,447.27524999999997,430.35,2.58,"BOLLINGER,DAILY-BIAS,DBL-TOP,FAILED-BO,ORB-15,ORB-30,PIN-BAR,REL-STR,SR-BREAK,STOCHASTIC,SUPERTREND,VPOC,VWAP-STDDEV",13,13.0,FAILED-BO,"Failed BO: bull trap above 444.25, reversed on vol 1.4×",14:55,430.35,TARGET_HIT,EXACT_WIN,13053.26,2.61,60.0,MEDIUM
2026-06-05,LLOYDSME,LONG,09:40,1798.0,278,499844.0,1780.6,1832.8000000000002,2.0,"DAILY-BIAS,EMA-CROSS,FIRST-CANDLE,MACD,ORB-15,ORB-30,PDH-PDL,REL-STR,RSI-EXT,SR-BREAK,STOCHASTIC,SUPERTREND,VPOC,VWAP-REV,VWAP-STDDEV",15,15.0,ORB-15,ORB-15: breakout above 1798.00 (range=17.40),13:35,1780.6,STOP_HIT,LOSS,-5562.07,-1.11,60.0,MEDIUM
2026-06-05,AMBUJACEM,SHORT,09:35,428.0,1168,499904.0,430.45,423.1,2.0,"ADX-FILTER,BEAR-ENGULF,BOLLINGER,CAMARILLA,DAILY-BIAS,DBL-TOP,DESC-TRI,FAILED-BO,FIRST-CANDLE,MACD,ORB-15,ORB-30,PDH-PDL,PIN-BAR,SR-BREAK,SUPERTREND,VPOC",17,17.0,ORB-15,ORB-15: breakdown below 428.00,10:35,423.1,TARGET_HIT,EXACT_WIN,4997.69,1.0,60.0,MEDIUM
2026-06-08,FORTIS,LONG,09:55,978.7,510,499137.0,954.15,1027.8000000000002,2.0,"ASC-TRI,CAMARILLA,DAILY-BIAS,FIRST-CANDLE,MACD,ORB-15,ORB-30,PDH-PDL,REL-STR,SR-BREAK,STOCHASTIC,SUPERTREND,VOL-SPIKE,VPOC",14,14.0,ORB-15,ORB-15: breakout above 978.70 (range=24.55),15:15,989.2,TIME_EXIT,WIN,4623.03,0.93,60.0,MEDIUM
2026-06-08,PINELABS,SHORT,10:00,142.0,3521,499982.0,144.3,137.39999999999998,2.0,"ADX-FILTER,DAILY-BIAS,FAILED-BO,ORB-15,ORB-30,PDH-PDL,PIN-BAR,RSI-EXT,SR-BREAK,STOCHASTIC,VWAP-REV",11,11.0,ORB-15,ORB-15: breakdown below 142.00,12:30,144.3,STOP_HIT,LOSS,-8831.82,-1.77,60.0,MEDIUM
2026-06-09,SAILIFE,LONG,09:45,1202.0,415,498830.0,1185.1,1235.8000000000002,2.0,"ADX-FILTER,CPR,DAILY-BIAS,DBL-BTM,FIRST-CANDLE,INTRADAY-STRUCT,MACD,ORB-15,ORB-30,PDH-PDL,REL-STR,SR-BREAK,STOCHASTIC,SUPERTREND,VPOC",15,15.0,ORB-15,ORB-15: breakout above 1202.00 (range=16.90),15:15,1230.0,TIME_EXIT,WIN,10883.49,2.18,60.0,MEDIUM
2026-06-09,DELHIVERY,SHORT,13:55,439.35,1138,499980.3,444.5,429.05000000000007,2.0,"CAMARILLA,DAILY-BIAS,DBL-TOP,FIRST-CANDLE,MACD,ORB-15,ORB-30,PDH-PDL,PIN-BAR,STOCHASTIC,SUPERTREND,VPOC",12,12.0,ORB-15,ORB-15: breakdown below 439.35,15:15,441.0,TIME_EXIT,LOSS,-2607.66,-0.52,60.0,MEDIUM
2026-06-10,PIDILITIND,LONG,09:15,1498.09,333,498863.97,1491.545,1524.2699999999998,4.0,"ASC-TRI,CAMARILLA,DAILY-BIAS,DBL-BTM,EMA-CROSS,FIRST-CANDLE,ORB-15,ORB-30,PDH-PDL,PIN-BAR,REL-STR,SR-BREAK,STOCHASTIC,VPOC",14,14.0,CAMARILLA,CAMARILLA: breakout above H4=1498.09,10:35,1524.2699999999998,TARGET_HIT,EXACT_WIN,7983.68,1.6,60.0,MEDIUM
2026-06-10,AMBUJACEM,SHORT,10:55,414.7,1205,499713.5,417.65,408.8,2.0,"BEAR-ENGULF,CAMARILLA,DAILY-BIAS,DBL-TOP,FIRST-CANDLE,INTRADAY-STRUCT,ORB-15,ORB-30,PIN-BAR,REL-STR,SR-BREAK,STOCHASTIC,SUPERTREND,VPOC",14,14.0,ORB-15,ORB-15: breakdown below 414.70,15:10,408.8,TARGET_HIT,EXACT_WIN,6385.05,1.28,60.0,MEDIUM
2026-06-11,ATHERENERG,LONG,09:45,1053.0,474,499122.0,1030.0248252866245,1098.950349426751,2.0,"BOLLINGER,CAMARILLA,DAILY-BIAS,FIRST-CANDLE,INTRADAY-STRUCT,MACD,PIN-BAR,REL-STR,RSI-EXT,SR-BREAK,STOCHASTIC,SUPERTREND,VPOC,VWAP-REV,VWAP-STDDEV",15,15.0,SUPERTREND,"SUPERTREND: flipped bullish, ST=1032.09",12:45,1030.0248252866245,STOP_HIT,LOSS,-11609.32,-2.33,60.0,MEDIUM
2026-06-11,KARURVYSYA,SHORT,09:15,272.98,1831,499826.38,284.37,250.20000000000005,2.0,"ADX-FILTER,DAILY-BIAS,DBL-TOP,FIRST-CANDLE,MACD,PDH-PDL,REL-STR,RSI-EXT,SR-BREAK,STOCHASTIC,VWAP-REV,VWAP-STDDEV",12,12.0,SR-BREAK,SR-BREAK: breakdown below support 272.98,15:15,275.6,TIME_EXIT,LOSS,-5528.64,-1.11,60.0,MEDIUM
2026-06-12,WELCORP,LONG,09:15,1396.735,357,498634.39,1386.9175,1436.0049999999999,4.0,"BOLLINGER,CAMARILLA,DAILY-BIAS,EMA-CROSS,FIRST-CANDLE,GAP-CONT,INTRADAY-STRUCT,MACD,ORB-15,ORB-30,PDH-PDL,PIN-BAR,REL-STR,SR-BREAK,STOCHASTIC,SUPERTREND,VWAP-STDDEV",17,17.0,CAMARILLA,CAMARILLA: breakout above H4=1396.73,11:40,1386.9175,STOP_HIT,LOSS,-4229.12,-0.85,60.0,MEDIUM
2026-06-12,BAJAJ-AUTO,SHORT,09:40,10182.0,49,498918.0,10250.0,10046.0,2.0,"ADX-FILTER,BOLLINGER,DAILY-BIAS,FIRST-CANDLE,INTRADAY-STRUCT,MACD,ORB-15,ORB-30,PDH-PDL,PIN-BAR,REL-STR,SR-BREAK,STOCHASTIC,SUPERTREND,VPOC",15,15.0,ORB-15,ORB-15: breakdown below 10182.00,09:45,10046.0,TARGET_HIT,EXACT_WIN,5940.38,1.19,60.0,MEDIUM
2026-06-15,BHARATFORG,LONG,09:50,1979.775,252,498903.3,1960.3875,2057.3250000000003,4.0,"ASC-TRI,CAMARILLA,DAILY-BIAS,DBL-BTM,EMA-CROSS,FIRST-CANDLE,GAP-CONT,ORB-15,ORB-30,PDH-PDL,SR-BREAK,STOCHASTIC,VPOC",13,13.0,CAMARILLA,CAMARILLA: breakout above H4=1979.78,15:15,2021.9,TIME_EXIT,WIN,9879.68,1.98,60.0,MEDIUM
2026-06-15,MEESHO,SHORT,12:05,167.41,2986,499886.26,170.47,161.29,2.0,"BOLLINGER,CAMARILLA,DAILY-BIAS,FAILED-BO,FIRST-CANDLE,INTRADAY-STRUCT,MACD,ORB-15,ORB-30,PDH-PDL,PIN-BAR,REL-STR,SR-BREAK,STOCHASTIC,SUPERTREND",15,15.0,ORB-15,ORB-15: breakdown below 167.41,14:35,170.47,STOP_HIT,LOSS,-9871.14,-1.97,60.0,MEDIUM
2026-06-16,DIXON,LONG,09:30,12110.0,41,496510.0,11852.0,12626.0,2.0,"ADX-FILTER,ASC-TRI,DAILY-BIAS,DBL-BTM,FIRST-CANDLE,INTRADAY-STRUCT,MACD,ORB-15,PDH-PDL,PIN-BAR,REL-STR,SR-BREAK,STOCHASTIC,SUPERTREND,VPOC,VWAP-REV,VWAP-STDDEV",17,17.0,ORB-15,ORB-15: breakout above 12110.00 (range=258.00),11:45,11852.0,STOP_HIT,LOSS,-11293.78,-2.27,60.0,MEDIUM
2026-06-16,CIPLA,SHORT,12:40,1378.0,362,498836.0,1391.2,1351.6,2.0,"BOLLINGER,CAMARILLA,DAILY-BIAS,FAILED-BO,FIRST-CANDLE,MACD,ORB-15,ORB-30,PDH-PDL,PIN-BAR,RSI-EXT,SUPERTREND,VPOC",13,13.0,ORB-15,ORB-15: breakdown below 1378.00,15:15,1372.6,TIME_EXIT,WIN,1228.59,0.25,60.0,MEDIUM
2026-06-17,VBL,LONG,09:20,544.5374999999999,918,499885.42,542.5437499999999,552.5124999999998,4.0,"ADX-FILTER,ASC-TRI,CAMARILLA,CPR,DAILY-BIAS,FIRST-CANDLE,ORB-15,ORB-30,PDH-PDL,REL-STR,SR-BREAK,STOCHASTIC,VPOC,VWAP-STDDEV",14,14.0,CAMARILLA,CAMARILLA: breakout above H4=544.54,09:40,552.5124999999998,TARGET_HIT,EXACT_WIN,6586.5,1.32,60.0,MEDIUM
2026-06-17,CPPLUS,SHORT,10:45,3361.6,148,497516.8,3405.8,3273.1999999999994,2.0,"BEAR-ENGULF,BOLLINGER,CAMARILLA,FIRST-CANDLE,MACD,ORB-15,ORB-30,PDH-PDL,REL-STR,SR-BREAK,STOCHASTIC,SUPERTREND",12,12.0,ORB-15,ORB-15: breakdown below 3361.60,14:25,3405.8,STOP_HIT,LOSS,-7270.86,-1.46,60.0,MEDIUM
2026-06-18,MFSL,LONG,09:25,1636.234693877551,305,499051.58,1635.1051020408163,1655.0612244897961,16.67,"ADX-FILTER,CAMARILLA,DAILY-BIAS,DBL-BTM,FIRST-CANDLE,INTRADAY-STRUCT,ORB-15,ORB-30,PDH-PDL,PIN-BAR,REL-STR,SR-BREAK,STOCHASTIC,VPOC",14,14.0,VPOC,VPOC: breakout above VAH=1636.23,09:50,1655.0612244897961,TARGET_HIT,EXACT_WIN,5009.93,1.0,60.0,MEDIUM
2026-06-18,TATAPOWER,SHORT,12:10,401.55,1245,499929.75,403.45,397.75000000000006,2.0,"ADX-FILTER,BEAR-ENGULF,BOLLINGER,CAMARILLA,DAILY-BIAS,FAILED-BO,MACD,ORB-15,ORB-30,PIN-BAR,SR-BREAK,STOCHASTIC,SUPERTREND,VPOC,VWAP-STDDEV",15,15.0,ORB-15,ORB-15: breakdown below 401.55,15:15,403.0,TIME_EXIT,LOSS,-2535.1,-0.51,60.0,MEDIUM
2026-06-19,ETERNAL,LONG,10:05,257.75,1939,499777.25,254.55,264.15,2.0,"ADX-FILTER,ASC-TRI,BOLLINGER,CAMARILLA,DAILY-BIAS,FIRST-CANDLE,INTRADAY-STRUCT,MACD,ORB-30,PDH-PDL,PIN-BAR,SR-BREAK,SUPERTREND,VPOC",14,14.0,ORB-30,ORB-30: breakout above 257.75 (range=3.20),15:00,264.15,TARGET_HIT,EXACT_WIN,11671.17,2.34,60.0,MEDIUM
2026-06-19,GODREJCP,SHORT,12:45,1002.1,498,499045.8,1009.6,987.1,2.0,"DAILY-BIAS,MACD,OPEN-WEAK,ORB-15,ORB-30,PDH-PDL,PIN-BAR,SR-BREAK,STOCHASTIC,SUPERTREND,VWAP-STDDEV",11,11.0,ORB-15,ORB-15: breakdown below 1002.10,15:15,1001.1,TIME_EXIT,LOSS,-229.32,-0.05,60.0,MEDIUM
2026-06-22,DELHIVERY,LONG,09:15,462.56632653061223,1080,499571.63,462.4729591836734,468.16836734693874,60.0,"CAMARILLA,DAILY-BIAS,DBL-BTM,FIRST-CANDLE,GAP-CONT,ORB-15,ORB-30,PDH-PDL,PIN-BAR,REL-STR,STOCHASTIC,VOL-SPIKE,VPOC",13,13.0,VPOC,VPOC: breakout above VAH=462.57,09:20,468.16836734693874,TARGET_HIT,EXACT_WIN,5317.09,1.06,60.0,MEDIUM
2026-06-22,PATANJALI,SHORT,09:50,421.9,1185,499951.5,425.0,415.69999999999993,2.0,"ADX-FILTER,CAMARILLA,DAILY-BIAS,FAILED-BO,FIRST-CANDLE,ORB-15,ORB-30,PDH-PDL,PIN-BAR,REL-STR,SR-BREAK,STOCHASTIC,SUPERTREND,VPOC",14,14.0,ORB-15,ORB-15: breakdown below 421.90,15:15,419.35,TIME_EXIT,WIN,2294.63,0.46,60.0,MEDIUM
2026-06-23,OBEROIRLTY,LONG,09:20,1701.43,293,498518.99,1694.665,1728.49,4.0,"CAMARILLA,CPR,DAILY-BIAS,DBL-BTM,FIRST-CANDLE,MACD,ORB-15,ORB-30,PDH-PDL,PIN-BAR,REL-STR,SR-BREAK,STOCHASTIC,VPOC,VWAP-REV,VWAP-STDDEV",16,16.0,CAMARILLA,CAMARILLA: breakout above H4=1701.43,09:50,1728.49,TARGET_HIT,EXACT_WIN,7195.41,1.44,60.0,MEDIUM
2026-06-23,AMBUJACEM,SHORT,10:35,426.05,1173,499756.65,429.4,419.3500000000001,2.0,"CAMARILLA,DAILY-BIAS,FAILED-BO,FIRST-CANDLE,ORB-15,ORB-30,PDH-PDL,REL-STR,SR-BREAK,SUPERTREND,VPOC,VWAP-STDDEV",12,12.0,ORB-15,ORB-15: breakdown below 426.05,11:50,419.3500000000001,TARGET_HIT,EXACT_WIN,7135.01,1.43,60.0,MEDIUM
